#include "lvgl.h"

static const uint8_t tv_background_map[] = {
    0x82,0x08,0x61,0x00,0xa2,0x08,0x82,0x08,0x82,0x08,0xa2,0x08,0x62,0x08,0xc3,0x10,
    0x82,0x08,0xa3,0x08,0xa3,0x08,0x82,0x08,0xe3,0x10,0x82,0x08,0xe4,0x10,0xa3,0x08,
    0xa3,0x10,0xe4,0x18,0xa3,0x10,0xe4,0x18,0xa3,0x10,0x05,0x19,0xc3,0x10,0x04,0x19,
    0xc4,0x10,0xe4,0x10,0xe4,0x10,0xe4,0x10,0xe4,0x18,0xe4,0x10,0x05,0x19,0xc4,0x10,
    0x46,0x21,0xe4,0x10,0x25,0x21,0x25,0x19,0x45,0x19,0x25,0x19,0x45,0x21,0x66,0x21,
    0x25,0x19,0x87,0x29,0x25,0x19,0x86,0x21,0x04,0x11,0x66,0x21,0x46,0x21,0x86,0x21,
    0x66,0x21,0x66,0x21,0x87,0x21,0x46,0x21,0xc8,0x31,0x66,0x21,0xa8,0x29,0x46,0x21,
    0xc8,0x31,0x46,0x21,0xa8,0x29,0x67,0x21,0xa8,0x29,0x67,0x21,0xe9,0x31,0x67,0x21,
    0xc8,0x31,0xc8,0x31,0xa8,0x31,0x87,0x29,0xc8,0x31,0xc8,0x31,0x87,0x29,0xe9,0x39,
    0x87,0x29,0xe8,0x31,0xc8,0x31,0x09,0x3a,0xa8,0x29,0x4a,0x3a,0xe8,0x31,0x29,0x3a,
    0xa7,0x29,0x6a,0x42,0xc8,0x29,0x29,0x3a,0xc8,0x31,0x2a,0x3a,0xc9,0x31,0x2a,0x42,
    0xc8,0x31,0xc8,0x31,0x09,0x3a,0x2a,0x3a,0x09,0x3a,0x09,0x3a,0x2a,0x3a,0x2a,0x42,
    0x09,0x3a,0x4a,0x42,0xe9,0x39,0x09,0x3a,0x2a,0x3a,0x2a,0x42,0x09,0x3a,0x2a,0x3a,
    0x6b,0x4a,0xc8,0x31,0x4a,0x42,0x4a,0x42,0x4a,0x42,0x2a,0x42,0x4a,0x42,0x2a,0x42,
    0x4a,0x42,0x4a,0x42,0x6b,0x4a,0xe9,0x39,0x8b,0x4a,0xe9,0x39,0x6b,0x4a,0x4a,0x42,
    0x6b,0x4a,0x6b,0x4a,0x6b,0x4a,0x8b,0x4a,0x6b,0x4a,0xab,0x52,0x8b,0x4a,0x6b,0x4a,
    0xac,0x52,0x8b,0x4a,0x8b,0x4a,0x6b,0x4a,0x6b,0x4a,0x8b,0x4a,0x6b,0x4a,0x8b,0x4a,
    0x8b,0x4a,0x6b,0x4a,0x8b,0x4a,0x4a,0x42,0x8b,0x4a,0x4a,0x42,0x6b,0x4a,0x6b,0x4a,
    0x4a,0x4a,0x2a,0x42,0x2a,0x42,0x4a,0x4a,0x6b,0x4a,0x2a,0x42,0x2a,0x42,0x2a,0x42,
    0x4a,0x42,0x4a,0x42,0x4a,0x42,0x29,0x42,0x09,0x42,0x29,0x42,0x29,0x42,0x09,0x3a,
    0x09,0x3a,0xe8,0x39,0xe9,0x39,0x09,0x3a,0xe8,0x39,0xe8,0x39,0xc8,0x39,0xe8,0x39,
    0xc8,0x31,0xc8,0x39,0xc7,0x31,0xa7,0x31,0xa7,0x31,0xa7,0x31,0x87,0x31,0x87,0x31,
    0x86,0x29,0x66,0x29,0x66,0x29,0x66,0x29,0x82,0x08,0x62,0x08,0xa3,0x10,0x62,0x08,
    0x82,0x08,0xa3,0x10,0x82,0x08,0xc3,0x10,0x82,0x08,0xa3,0x08,0xa3,0x08,0xa2,0x08,
    0xe4,0x10,0x82,0x08,0xe4,0x10,0xa3,0x08,0xc3,0x10,0xe4,0x18,0xc3,0x10,0xe4,0x18,
    0xc3,0x10,0x05,0x19,0xc3,0x10,0x04,0x19,0xe4,0x10,0xe4,0x18,0xe4,0x10,0xe4,0x18,
    0x05,0x19,0xe4,0x18,0x25,0x19,0xe4,0x10,0x46,0x21,0xe4,0x10,0x25,0x21,0x25,0x19,
    0x45,0x21,0x25,0x19,0x45,0x19,0x66,0x21,0x25,0x19,0x87,0x29,0x05,0x11,0x87,0x21,
    0x05,0x11,0x66,0x21,0x66,0x21,0x86,0x21,0x67,0x21,0x67,0x21,0x87,0x29,0x46,0x21,
    0xc8,0x31,0x66,0x21,0xa8,0x31,0x46,0x21,0xc8,0x31,0x46,0x21,0xa8,0x29,0x87,0x29,
    0xa8,0x29,0x87,0x29,0xe9,0x31,0x87,0x29,0xc8,0x31,0xc8,0x31,0xc8,0x31,0xa8,0x31,
    0xe9,0x31,0xe9,0x31,0x87,0x29,0x09,0x3a,0xa7,0x29,0xe9,0x31,0xe8,0x31,0x29,0x3a,
    0xc8,0x29,0x4a,0x42,0xe8,0x31,0x49,0x3a,0xc8,0x29,0x8b,0x42,0xc8,0x31,0x29,0x3a,
    0xc8,0x31,0x2a,0x42,0xc9,0x31,0x2a,0x42,0xc8,0x31,0xe9,0x39,0x2a,0x3a,0x2a,0x3a,
    0x09,0x3a,0x09,0x3a,0x2a,0x3a,0x2a,0x42,0x09,0x3a,0x4a,0x42,0xe9,0x39,0x2a,0x3a,
    0x4a,0x42,0x4a,0x42,0x09,0x3a,0x2a,0x42,0x6b,0x4a,0xc8,0x31,0x6b,0x4a,0x4a,0x42,
    0x4a,0x42,0x2a,0x42,0x6b,0x4a,0x2a,0x42,0x4a,0x42,0x6b,0x4a,0x8b,0x4a,0xe9,0x39,
    0xac,0x52,0x09,0x3a,0x8b,0x4a,0x4a,0x42,0x6b,0x4a,0x8b,0x4a,0x8b,0x4a,0xab,0x52,
    0x8b,0x4a,0xac,0x52,0xac,0x52,0x8b,0x4a,0xac,0x52,0x8b,0x4a,0xac,0x52,0x8b,0x4a,
    0x8b,0x4a,0xab,0x52,0x8b,0x4a,0x8b,0x4a,0x8b,0x4a,0x8b,0x4a,0xac,0x52,0x6b,0x4a,
    0xac,0x52,0x6b,0x4a,0x8b,0x4a,0x6b,0x4a,0x4a,0x4a,0x4a,0x4a,0x4a,0x4a,0x6b,0x4a,
    0x6b,0x4a,0x2a,0x42,0x4a,0x42,0x2a,0x42,0x4a,0x42,0x4a,0x42,0x6a,0x4a,0x4a,0x42,
    0x29,0x42,0x29,0x42,0x29,0x42,0x09,0x3a,0x09,0x3a,0x09,0x3a,0x09,0x3a,0x09,0x3a,
    0xe9,0x39,0xe9,0x39,0xe8,0x39,0xe8,0x39,0xc8,0x31,0xe8,0x39,0xc8,0x31,0xc8,0x31,
    0xa7,0x31,0xa7,0x31,0xa7,0x31,0xa7,0x31,0x87,0x31,0x86,0x31,0x86,0x31,0x66,0x29,
    0xa3,0x10,0x62,0x08,0xa3,0x10,0x82,0x08,0x82,0x08,0xa3,0x10,0x82,0x08,0xc3,0x10,
    0xa3,0x08,0xc3,0x10,0xc3,0x10,0xa3,0x08,0xe4,0x10,0xa2,0x08,0x04,0x19,0xc3,0x10,
    0xc3,0x10,0xe4,0x18,0xc3,0x10,0x04,0x19,0xc3,0x10,0x25,0x19,0xc4,0x10,0x05,0x19,
    0xe4,0x10,0x05,0x19,0xe4,0x18,0x05,0x19,0x25,0x19,0x05,0x19,0x46,0x21,0xe4,0x10,
    0x46,0x21,0xe4,0x10,0x25,0x21,0x25,0x19,0x46,0x21,0x25,0x19,0x45,0x19,0x66,0x21,
    0x45,0x19,0xa7,0x29,0x05,0x19,0xa7,0x29,0x25,0x19,0x86,0x21,0x66,0x21,0x86,0x21,
    0x67,0x21,0x87,0x21,0xa7,0x29,0x66,0x21,0xe8,0x31,0x67,0x29,0xa8,0x31,0x46,0x21,
    0xe9,0x31,0x67,0x21,0xc8,0x31,0x87,0x29,0xc8,0x31,0x87,0x29,0x09,0x3a,0x87,0x29,
    0xc8,0x31,0xc8,0x31,0xc8,0x31,0xc8,0x31,0xe9,0x39,0xe9,0x39,0xa8,0x29,0x09,0x3a,
    0xa8,0x29,0xe9,0x31,0xe9,0x31,0x29,0x3a,0xa8,0x29,0x6a,0x42,0x08,0x32,0x29,0x3a,
    0xc8,0x29,0x8b,0x4a,0xe8,0x31,0x2a,0x3a,0xe9,0x31,0x4a,0x42,0xe9,0x39,0x4b,0x42,
    0xe9,0x39,0x09,0x3a,0x4a,0x42,0x4a,0x42,0x2a,0x3a,0x09,0x3a,0x2a,0x3a,0x2a,0x42,
    0x2a,0x3a,0x6b,0x42,0x09,0x3a,0x2a,0x42,0x4a,0x42,0x4a,0x42,0x2a,0x3a,0x4a,0x42,
    0x6b,0x4a,0xe9,0x39,0x6b,0x4a,0x4a,0x42,0x4a,0x42,0x4a,0x42,0x6b,0x4a,0x4a,0x42,
    0x6b,0x4a,0x6b,0x4a,0x8b,0x4a,0xe9,0x39,0xac,0x52,0x2a,0x42,0xac,0x52,0x6b,0x4a,
    0x8b,0x4a,0x8b,0x4a,0xab,0x52,0xac,0x52,0x8b,0x4a,0xcc,0x52,0xac,0x52,0xac,0x52,
    0xcc,0x52,0x8b,0x4a,0xac,0x52,0xac,0x52,0xab,0x52,0xac,0x52,0x8b,0x4a,0xab,0x52,
    0xab,0x52,0xac,0x52,0xcc,0x52,0x8b,0x4a,0xcc,0x52,0x8b,0x4a,0x8b,0x4a,0x8b,0x4a,
    0x6b,0x4a,0x6b,0x4a,0x6b,0x4a,0x8b,0x4a,0x8b,0x4a,0x4a,0x4a,0x4a,0x4a,0x4a,0x4a,
    0x6a,0x4a,0x6a,0x4a,0x6a,0x4a,0x4a,0x42,0x4a,0x42,0x4a,0x42,0x2a,0x42,0x29,0x42,
    0x29,0x42,0x09,0x42,0x09,0x42,0x29,0x42,0x09,0x3a,0x09,0x3a,0xe8,0x39,0x09,0x3a,
    0xe8,0x39,0xe8,0x39,0xe8,0x39,0xe8,0x39,0xc8,0x31,0xc8,0x31,0xc7,0x31,0xc7,0x31,
    0xa7,0x31,0xa7,0x31,0xa7,0x31,0x86,0x31,0xa3,0x10,0x62,0x08,0xa3,0x10,0x82,0x08,
    0xa2,0x08,0xa3,0x10,0x82,0x08,0xe3,0x10,0xa3,0x08,0xc3,0x10,0xc3,0x10,0xa3,0x08,
    0xe4,0x10,0xa3,0x08,0x04,0x19,0xc3,0x10,0xc4,0x10,0xe4,0x18,0xc4,0x10,0x04,0x19,
    0xc4,0x10,0x25,0x19,0xc4,0x10,0x25,0x19,0xe4,0x10,0x05,0x19,0xe4,0x18,0x05,0x19,
    0x25,0x19,0x05,0x19,0x46,0x21,0xe4,0x10,0x46,0x21,0xe5,0x10,0x46,0x21,0x46,0x21,
    0x46,0x21,0x25,0x19,0x46,0x21,0x66,0x21,0x45,0x19,0xc7,0x29,0x25,0x19,0xa7,0x29,
    0x45,0x19,0x86,0x21,0x66,0x21,0x87,0x21,0x67,0x21,0x87,0x29,0xa7,0x29,0x66,0x21,
    0xe8,0x31,0x87,0x29,0xc8,0x31,0x66,0x21,0x09,0x3a,0x67,0x21,0xc8,0x31,0x87,0x29,
    0xc8,0x31,0x87,0x29,0x09,0x3a,0x87,0x29,0xc8,0x31,0xc8,0x31,0xc8,0x31,0xc8,0x31,
    0x09,0x3a,0x09,0x3a,0xa8,0x31,0x09,0x3a,0xa8,0x29,0xe9,0x31,0xe9,0x31,0x2a,0x3a,
    0xa8,0x29,0x6b,0x42,0x29,0x3a,0x49,0x3a,0xc8,0x29,0x8b,0x42,0xe8,0x31,0x2a,0x3a,
    0xe9,0x31,0x6b,0x42,0x09,0x3a,0x6b,0x4a,0x2a,0x3a,0x2a,0x3a,0x4a,0x42,0x4a,0x42,
    0x2a,0x3a,0x09,0x3a,0x2a,0x3a,0x4a,0x42,0x2a,0x3a,0x6b,0x4a,0x2a,0x3a,0x4a,0x42,
    0x6b,0x42,0x6b,0x42,0x2a,0x42,0x6b,0x42,0x8b,0x4a,0xe9,0x39,0x8b,0x4a,0x6b,0x4a,
    0x4a,0x42,0x4a,0x42,0x8b,0x4a,0x6b,0x4a,0x6b,0x4a,0x8b,0x4a,0x8b,0x4a,0x09,0x3a,
    0xcc,0x52,0x2a,0x42,0xac,0x52,0x6b,0x4a,0x8b,0x4a,0x8b,0x4a,0xac,0x52,0xcc,0x52,
    0x8b,0x4a,0xcc,0x52,0xcc,0x52,0xac,0x52,0xec,0x5a,0xab,0x52,0xcc,0x52,0xcc,0x52,
    0xac,0x52,0xcc,0x52,0xac,0x52,0xcc,0x52,0xab,0x52,0xcc,0x52,0xcc,0x52,0x8b,0x4a,
    0xcc,0x52,0xac,0x52,0x8b,0x4a,0xac,0x52,0x8b,0x52,0x8b,0x4a,0x8b,0x52,0xac,0x52,
    0x8b,0x52,0x6b,0x4a,0x6b,0x4a,0x6b,0x4a,0x8b,0x4a,0x6a,0x4a,0x6b,0x4a,0x4a,0x4a,
    0x4a,0x4a,0x6a,0x4a,0x6a,0x4a,0x4a,0x42,0x2a,0x42,0x29,0x42,0x29,0x42,0x29,0x42,
    0x09,0x3a,0x29,0x42,0x09,0x3a,0x29,0x42,0x09,0x3a,0x09,0x42,0xe8,0x39,0xe8,0x39,
    0xe8,0x39,0xe8,0x39,0xc8,0x31,0xc8,0x39,0xa7,0x31,0xa7,0x31,0xc7,0x31,0x87,0x31,
    0xa3,0x10,0x62,0x08,0xa3,0x10,0x82,0x08,0xa2,0x08,0xc3,0x10,0x82,0x08,0xe4,0x18,
    0xa3,0x08,0xc3,0x10,0xc3,0x10,0xa3,0x08,0x04,0x19,0xa3,0x08,0x04,0x19,0xc3,0x10,
    0xc4,0x10,0xe4,0x18,0xc4,0x10,0x05,0x19,0xc4,0x10,0x25,0x21,0xe4,0x10,0x25,0x19,
    0xe4,0x18,0x05,0x19,0x05,0x19,0x05,0x19,0x25,0x19,0x05,0x19,0x46,0x21,0xe4,0x18,
    0x66,0x21,0x05,0x19,0x46,0x21,0x46,0x21,0x46,0x21,0x45,0x19,0x66,0x21,0x86,0x21,
    0x46,0x19,0xc7,0x29,0x25,0x19,0xa7,0x29,0x45,0x19,0x86,0x21,0x66,0x21,0xa7,0x29,
    0x87,0x21,0xa7,0x29,0xc8,0x29,0x66,0x21,0xe9,0x31,0x87,0x29,0xc8,0x31,0x67,0x21,
    0x09,0x3a,0x67,0x21,0xc8,0x31,0x87,0x29,0xc8,0x31,0xa7,0x29,0x09,0x3a,0x87,0x29,
    0xe9,0x31,0xe9,0x31,0xc8,0x31,0xc8,0x31,0x09,0x3a,0x09,0x3a,0xc8,0x31,0x2a,0x3a,
    0xc8,0x31,0x09,0x3a,0x09,0x32,0x4a,0x3a,0xc8,0x31,0x6b,0x42,0x29,0x3a,0x4a,0x3a,
    0xe8,0x31,0x8b,0x4a,0xe8,0x31,0x6a,0x42,0x09,0x3a,0x6b,0x4a,0x2a,0x3a,0x8c,0x4a,
    0x2a,0x3a,0x2a,0x3a,0x4a,0x42,0x4a,0x42,0x2a,0x3a,0x2a,0x3a,0x2a,0x42,0x4a,0x42,
    0x2a,0x42,0x8b,0x4a,0x2a,0x3a,0x4a,0x42,0x6b,0x42,0x8b,0x4a,0x4a,0x42,0x6b,0x4a,
    0x8b,0x4a,0x09,0x3a,0xac,0x52,0x6b,0x4a,0x6b,0x4a,0x4a,0x42,0xac,0x52,0x6b,0x4a,
    0x8b,0x4a,0x8b,0x4a,0xac,0x52,0x09,0x3a,0xcc,0x52,0x2a,0x42,0xcc,0x52,0x6b,0x4a,
    0xab,0x52,0xac,0x52,0xac,0x52,0xcc,0x52,0xab,0x52,0xcc,0x52,0xcc,0x52,0xcc,0x52,
    0xed,0x5a,0xac,0x52,0xcc,0x52,0xcc,0x52,0xcc,0x52,0xec,0x5a,0xac,0x52,0xcc,0x52,
    0xac,0x52,0xcc,0x52,0xed,0x5a,0xac,0x52,0xcc,0x52,0xac,0x52,0xac,0x52,0xcc,0x52,
    0xac,0x52,0x8b,0x52,0xac,0x52,0xac,0x52,0xac,0x52,0x6b,0x4a,0x8b,0x52,0x8b,0x52,
    0x8b,0x4a,0x8b,0x4a,0x8b,0x4a,0x6b,0x4a,0x6a,0x4a,0x8b,0x4a,0x8b,0x4a,0x4a,0x4a,
    0x4a,0x4a,0x4a,0x42,0x4a,0x42,0x4a,0x42,0x29,0x42,0x2a,0x42,0x29,0x42,0x2a,0x42,
    0x29,0x42,0x29,0x42,0x09,0x3a,0x09,0x3a,0xe8,0x39,0xe8,0x39,0xe8,0x39,0xe8,0x39,
    0xc7,0x39,0xc7,0x39,0xc7,0x39,0xa7,0x31,0xc3,0x10,0x62,0x08,0xc3,0x10,0x82,0x08,
    0xa3,0x10,0xc3,0x10,0x82,0x08,0xe4,0x18,0xa3,0x08,0xe3,0x10,0xc3,0x10,0xa3,0x08,
    0x04,0x19,0xa3,0x08,0x04,0x19,0xc3,0x10,0xe4,0x10,0x05,0x19,0xe4,0x18,0x05,0x19,
    0xc4,0x10,0x25,0x21,0xe4,0x18,0x25,0x21,0xe4,0x10,0x05,0x19,0x05,0x19,0x05,0x19,
    0x25,0x19,0x05,0x19,0x46,0x21,0x05,0x19,0x67,0x29,0x05,0x19,0x46,0x21,0x46,0x21,
    0x46,0x21,0x46,0x21,0x66,0x21,0x87,0x29,0x46,0x19,0xe8,0x31,0x45,0x19,0xa7,0x29,
    0x46,0x19,0x87,0x21,0x66,0x21,0xa7,0x29,0x87,0x21,0xa7,0x29,0xc8,0x31,0x66,0x21,
    0x09,0x32,0x87,0x29,0xe8,0x31,0x67,0x21,0x09,0x3a,0x67,0x21,0xc8,0x31,0x87,0x29,
    0xe8,0x31,0xa8,0x29,0x09,0x3a,0xa7,0x29,0x09,0x3a,0xe9,0x39,0xc8,0x31,0xc8,0x31,
    0x09,0x3a,0x09,0x3a,0xc8,0x31,0x2a,0x42,0xc8,0x31,0x09,0x3a,0x09,0x3a,0x4a,0x42,
    0xc8,0x31,0x6b,0x42,0x29,0x3a,0x4a,0x42,0xe8,0x31,0xab,0x4a,0xe9,0x31,0x6b,0x42,
    0x29,0x3a,0x6b,0x4a,0x2a,0x3a,0x6b,0x4a,0x0a,0x3a,0x2a,0x3a,0x4a,0x42,0x6b,0x42,
    0x4a,0x42,0x2a,0x42,0x4a,0x42,0x6b,0x4a,0x4a,0x42,0x8b,0x4a,0x2a,0x42,0x4a,0x42,
    0x6b,0x4a,0x8b,0x4a,0x4a,0x42,0x8b,0x4a,0xac,0x52,0x09,0x3a,0xac,0x52,0x6b,0x4a,
    0x6b,0x4a,0x4a,0x42,0xac,0x52,0x4a,0x42,0x8b,0x4a,0xac,0x52,0xac,0x52,0x2a,0x42,
    0xcc,0x52,0x4a,0x42,0xcc,0x52,0x8b,0x4a,0xac,0x52,0xac,0x52,0xcc,0x52,0xcc,0x52,
    0xac,0x52,0xed,0x5a,0xcc,0x52,0xcc,0x52,0x0d,0x5b,0xcc,0x52,0xec,0x5a,0xcc,0x52,
    0xcc,0x52,0xec,0x5a,0xac,0x52,0xcc,0x52,0xac,0x52,0xcc,0x52,0xed,0x5a,0xcc,0x52,
    0xed,0x5a,0xcc,0x52,0xec,0x5a,0xcc,0x5a,0xcc,0x52,0xac,0x52,0xac,0x52,0x8b,0x52,
    0xac,0x52,0x8b,0x52,0x8b,0x52,0xac,0x52,0x8b,0x52,0xab,0x52,0xab,0x52,0x8b,0x4a,
    0x8b,0x4a,0x8b,0x4a,0x8b,0x4a,0x6a,0x4a,0x6a,0x4a,0x6a,0x4a,0x4a,0x4a,0x6a,0x4a,
    0x2a,0x42,0x4a,0x42,0x4a,0x42,0x4a,0x42,0x29,0x42,0x29,0x42,0x29,0x42,0x29,0x42,
    0xe8,0x39,0x09,0x3a,0xe8,0x39,0xe8,0x39,0xc8,0x39,0xc7,0x39,0xc8,0x39,0xa7,0x31,
    0xc3,0x10,0x62,0x08,0xc3,0x10,0x82,0x08,0xa3,0x10,0xe3,0x10,0xa2,0x08,0x04,0x19,
    0xc3,0x10,0xe4,0x10,0xe3,0x10,0xc3,0x10,0x04,0x19,0xc3,0x10,0x25,0x19,0xe4,0x10,
    0xe4,0x18,0x05,0x19,0xe4,0x18,0x25,0x21,0xe4,0x10,0x45,0x21,0xe4,0x18,0x25,0x21,
    0xe4,0x10,0x05,0x19,0x05,0x19,0x05,0x19,0x25,0x21,0x05,0x19,0x66,0x21,0xe4,0x18,
    0x67,0x29,0x05,0x19,0x66,0x21,0x66,0x21,0x66,0x21,0x46,0x21,0x86,0x21,0xa7,0x29,
    0x46,0x19,0xe8,0x31,0x45,0x19,0xc7,0x29,0x46,0x21,0x87,0x29,0x66,0x21,0xc7,0x29,
    0x87,0x29,0xa7,0x29,0xc8,0x31,0x67,0x21,0x09,0x32,0xa7,0x29,0xe8,0x31,0x67,0x21,
    0x29,0x3a,0x87,0x29,0xe9,0x31,0xa7,0x29,0xe9,0x31,0xa8,0x29,0x2a,0x3a,0xa8,0x29,
    0x09,0x3a,0xe9,0x39,0xe9,0x31,0xc8,0x31,0x09,0x3a,0x2a,0x42,0xc8,0x31,0x4a,0x42,
    0xc8,0x31,0x09,0x3a,0x09,0x3a,0x4a,0x42,0xc8,0x31,0x6b,0x42,0x29,0x3a,0x4a,0x42,
    0xe8,0x31,0xab,0x4a,0xe9,0x31,0x6b,0x42,0x09,0x3a,0x6b,0x42,0x0a,0x3a,0x6b,0x42,
    0x2a,0x3a,0x4a,0x42,0x4a,0x42,0x6b,0x4a,0x4a,0x42,0x2a,0x42,0x4a,0x42,0x6b,0x4a,
    0x4a,0x42,0x8b,0x4a,0x2a,0x42,0x4a,0x42,0x8b,0x4a,0x8b,0x4a,0x4a,0x42,0x8b,0x4a,
    0xac,0x52,0x09,0x3a,0xac,0x52,0x8b,0x4a,0x6b,0x4a,0x4a,0x42,0xac,0x52,0x6b,0x4a,
    0x8b,0x4a,0xac,0x52,0xac,0x52,0x2a,0x42,0xed,0x5a,0x4a,0x42,0xed,0x5a,0x8b,0x4a,
    0xac,0x52,0xcc,0x52,0xcc,0x52,0xec,0x5a,0xac,0x52,0xed,0x5a,0xcc,0x52,0xed,0x5a,
    0x0d,0x5b,0xcc,0x52,0x0d,0x5b,0xed,0x5a,0xec,0x5a,0xed,0x5a,0xcc,0x52,0xcc,0x52,
    0xcc,0x52,0xed,0x5a,0x0d,0x5b,0xed,0x5a,0x0d,0x5b,0xec,0x5a,0xed,0x5a,0xed,0x5a,
    0xcc,0x52,0xac,0x52,0xcc,0x52,0xac,0x52,0xcc,0x5a,0xac,0x52,0x8b,0x52,0xac,0x52,
    0xab,0x52,0xab,0x52,0xcc,0x52,0xab,0x52,0xab,0x52,0xab,0x52,0x8b,0x52,0x6a,0x4a,
    0x6b,0x4a,0x6a,0x4a,0x6a,0x4a,0x8b,0x4a,0x4a,0x42,0x4a,0x4a,0x4a,0x42,0x4a,0x4a,
    0x49,0x42,0x4a,0x42,0x49,0x42,0x29,0x42,0x08,0x3a,0x09,0x42,0xe8,0x39,0x08,0x3a,
    0xe8,0x39,0xc8,0x39,0xe8,0x39,0xc7,0x39,0xc3,0x10,0x82,0x08,0xc3,0x10,0xa3,0x10,
    0xa3,0x10,0xe3,0x10,0xa2,0x08,0x04,0x19,0xc3,0x10,0xe4,0x10,0xe4,0x10,0xc3,0x10,
    0x04,0x19,0xc3,0x10,0x25,0x19,0xe4,0x10,0xe4,0x18,0x25,0x21,0xe4,0x18,0x25,0x21,
    0xe4,0x10,0x45,0x21,0xe4,0x18,0x45,0x21,0xe4,0x18,0x25,0x19,0x05,0x19,0x05,0x19,
    0x46,0x21,0x25,0x19,0x66,0x21,0x05,0x19,0x87,0x29,0x25,0x19,0x67,0x21,0x66,0x21,
    0x66,0x21,0x66,0x21,0x87,0x29,0xa7,0x29,0x66,0x21,0x08,0x32,0x45,0x19,0xc8,0x29,
    0x66,0x21,0x87,0x29,0x86,0x21,0xc8,0x31,0x87,0x29,0xa8,0x29,0xc8,0x31,0x87,0x21,
    0x09,0x3a,0xa8,0x29,0xe9,0x31,0x67,0x29,0x2a,0x3a,0x87,0x29,0xe9,0x31,0xa8,0x29,
    0x09,0x3a,0xa8,0x29,0x2a,0x3a,0xa8,0x29,0x09,0x3a,0xe9,0x39,0xe9,0x31,0xe9,0x31,
    0x2a,0x3a,0x2a,0x42,0xc8,0x31,0x4a,0x42,0xc8,0x31,0x29,0x3a,0x09,0x3a,0x4a,0x42,
    0xc8,0x31,0x8b,0x42,0x29,0x3a,0x6a,0x42,0xe8,0x31,0xab,0x4a,0x09,0x32,0x8b,0x42,
    0x09,0x3a,0x6b,0x42,0x2a,0x3a,0x6b,0x42,0x2a,0x42,0x4a,0x42,0x4a,0x42,0x6b,0x4a,
    0x4a,0x42,0x4a,0x42,0x4a,0x42,0x6b,0x4a,0x4a,0x42,0xac,0x4a,0x4a,0x42,0x6b,0x42,
    0x8b,0x4a,0x8b,0x4a,0x4a,0x42,0x8b,0x4a,0xac,0x52,0x09,0x3a,0xac,0x52,0x8b,0x4a,
    0x8b,0x4a,0x6b,0x4a,0xac,0x52,0x6b,0x4a,0xac,0x52,0xcc,0x52,0xcc,0x52,0x4a,0x42,
    0xed,0x5a,0x4a,0x42,0xed,0x5a,0xab,0x52,0xcc,0x52,0xcc,0x52,0xec,0x5a,0xed,0x5a,
    0xcc,0x52,0x0d,0x5b,0xec,0x5a,0x0d,0x5b,0x0d,0x5b,0xed,0x5a,0x0d,0x5b,0xed,0x5a,
    0xed,0x5a,0x0d,0x5b,0xec,0x52,0xed,0x5a,0xec,0x5a,0xed,0x5a,0x0d,0x5b,0xec,0x5a,
    0x0d,0x5b,0xed,0x5a,0xed,0x5a,0xed,0x5a,0xcc,0x5a,0xcc,0x52,0xed,0x5a,0xcc,0x5a,
    0xed,0x5a,0xac,0x52,0xac,0x52,0xcc,0x52,0xab,0x52,0xab,0x52,0xcc,0x52,0xab,0x52,
    0xcc,0x52,0xac,0x52,0xab,0x52,0x6b,0x4a,0x8b,0x4a,0x8b,0x4a,0x8b,0x4a,0xab,0x52,
    0x4a,0x4a,0x6a,0x4a,0x6a,0x4a,0x6a,0x4a,0x4a,0x4a,0x4a,0x4a,0x4a,0x4a,0x4a,0x42,
    0x09,0x3a,0x29,0x42,0x08,0x3a,0x09,0x42,0x08,0x42,0xe8,0x39,0x08,0x3a,0xe8,0x39,
    0xe3,0x10,0x82,0x08,0xc3,0x10,0xa3,0x08,0xc3,0x10,0xe4,0x10,0xa3,0x08,0x04,0x19,
    0xc3,0x10,0xe4,0x10,0xe4,0x10,0xc3,0x10,0x04,0x19,0xc3,0x10,0x25,0x19,0xe4,0x10,
    0x04,0x19,0x45,0x19,0x04,0x19,0x25,0x19,0xe4,0x10,0x45,0x21,0xe4,0x10,0x46,0x21,
    0x05,0x19,0x25,0x19,0x25,0x19,0x25,0x19,0x46,0x21,0x25,0x19,0x87,0x29,0x05,0x19,
    0x87,0x29,0x25,0x19,0x86,0x21,0x66,0x21,0x87,0x29,0x66,0x21,0x87,0x29,0xa7,0x29,
    0x66,0x21,0x08,0x32,0x66,0x21,0xc8,0x31,0x66,0x21,0xa7,0x29,0x87,0x29,0xc8,0x31,
    0x87,0x29,0xa8,0x29,0xc8,0x31,0x87,0x29,0x09,0x3a,0xc8,0x31,0x09,0x3a,0x87,0x29,
    0x2a,0x42,0x87,0x29,0xe9,0x39,0xa8,0x31,0x09,0x3a,0xc8,0x31,0x2a,0x42,0xa8,0x31,
    0x09,0x3a,0xe9,0x39,0xe9,0x39,0xe9,0x39,0x2a,0x3a,0x2a,0x42,0xc8,0x31,0x4a,0x42,
    0xc8,0x31,0x0a,0x3a,0x09,0x3a,0x4a,0x42,0xe8,0x31,0x8b,0x42,0x29,0x3a,0x6a,0x42,
    0xe9,0x31,0xac,0x4a,0x09,0x3a,0x6b,0x4a,0x09,0x3a,0x6b,0x42,0x09,0x3a,0x6b,0x42,
    0x4a,0x42,0x4a,0x42,0x6b,0x4a,0x6b,0x4a,0x4a,0x42,0x4a,0x42,0x4a,0x42,0x6b,0x4a,
    0x4a,0x42,0xac,0x52,0x4a,0x42,0x6b,0x4a,0xac,0x4a,0x8b,0x4a,0x6b,0x4a,0x8b,0x4a,
    0xcc,0x52,0x2a,0x42,0xcc,0x52,0x8b,0x4a,0x8b,0x4a,0x6b,0x4a,0xcc,0x52,0x6b,0x4a,
    0xcc,0x52,0xed,0x5a,0xed,0x5a,0x4a,0x42,0xed,0x5a,0x6b,0x4a,0x0d,0x5b,0xac,0x52,
    0xcc,0x52,0xcc,0x52,0xed,0x5a,0xed,0x5a,0xcc,0x52,0x0d,0x5b,0xed,0x5a,0x0d,0x5b,
    0x0e,0x63,0xed,0x5a,0x0d,0x5b,0x0d,0x5b,0xed,0x5a,0x0d,0x5b,0xed,0x5a,0x0d,0x5b,
    0xed,0x5a,0x0d,0x5b,0x2e,0x63,0xec,0x5a,0x0d,0x5b,0x0d,0x5b,0xed,0x5a,0x0d,0x5b,
    0xed,0x5a,0xec,0x5a,0xed,0x5a,0xed,0x5a,0xed,0x5a,0xac,0x52,0xec,0x5a,0xed,0x5a,
    0xcc,0x52,0xac,0x52,0xcc,0x52,0xac,0x52,0xcc,0x52,0xcc,0x52,0xac,0x52,0x8b,0x4a,
    0xab,0x52,0x8b,0x52,0x8b,0x52,0xab,0x52,0x6a,0x4a,0x8b,0x4a,0x6b,0x4a,0x8b,0x4a,
    0x6a,0x4a,0x6a,0x4a,0x6a,0x4a,0x4a,0x4a,0x29,0x42,0x49,0x42,0x09,0x42,0x29,0x42,
    0x29,0x42,0x08,0x3a,0x09,0x3a,0xe8,0x39,0xe4,0x10,0x82,0x08,0xe4,0x10,0xc3,0x10,
    0xc3,0x10,0x04,0x19,0xa3,0x08,0x04,0x19,0xc3,0x10,0xe4,0x10,0xe4,0x10,0xe3,0x10,
    0x25,0x19,0xc3,0x10,0x45,0x21,0x04,0x19,0x04,0x19,0x45,0x21,0x04,0x19,0x45,0x21,
    0x04,0x11,0x46,0x21,0x04,0x11,0x46,0x21,0x05,0x19,0x25,0x19,0x25,0x19,0x25,0x19,
    0x66,0x21,0x46,0x21,0x87,0x29,0x25,0x19,0xa7,0x29,0x25,0x19,0x87,0x29,0x66,0x21,
    0x87,0x29,0x66,0x21,0x87,0x29,0xa7,0x29,0x66,0x21,0x09,0x32,0x66,0x21,0xc8,0x31,
    0x66,0x21,0xa7,0x29,0x87,0x29,0xc8,0x31,0x87,0x29,0xc8,0x31,0xe8,0x31,0x87,0x29,
    0x09,0x3a,0xc8,0x31,0x09,0x3a,0x87,0x29,0x4a,0x42,0x87,0x29,0xe9,0x39,0xa8,0x29,
    0x09,0x3a,0xc8,0x31,0x4a,0x42,0xc8,0x31,0x09,0x3a,0xe9,0x39,0xe9,0x39,0xe9,0x39,
    0x2a,0x3a,0x2a,0x42,0xe9,0x31,0x4a,0x42,0xc9,0x31,0x2a,0x3a,0x09,0x3a,0x4a,0x42,
    0xe8,0x31,0x8b,0x4a,0x29,0x3a,0x6a,0x42,0x09,0x3a,0xac,0x52,0x09,0x3a,0x6b,0x4a,
    0x09,0x3a,0x6b,0x42,0x2a,0x3a,0x6b,0x4a,0x4a,0x42,0x6b,0x4a,0x6b,0x4a,0x8b,0x4a,
    0x6b,0x4a,0x4a,0x42,0x4a,0x42,0x6b,0x4a,0x4a,0x42,0xac,0x52,0x4a,0x42,0x8b,0x4a,
    0xac,0x52,0x8b,0x4a,0x6b,0x4a,0xac,0x52,0xcc,0x52,0x2a,0x42,0xcc,0x52,0xac,0x52,
    0x8b,0x4a,0x6b,0x4a,0xcc,0x52,0x8b,0x4a,0xcc,0x52,0xed,0x5a,0xed,0x5a,0x4a,0x42,
    0x0d,0x5b,0x6b,0x4a,0x0d,0x5b,0xac,0x52,0xed,0x5a,0xed,0x5a,0xed,0x5a,0x0d,0x5b,
    0xcc,0x52,0x0d,0x5b,0xed,0x5a,0x0d,0x5b,0x2e,0x63,0x0d,0x63,0x2e,0x63,0x0d,0x5b,
    0xed,0x5a,0x0d,0x5b,0x0d,0x5b,0x0d,0x5b,0xed,0x5a,0x0d,0x5b,0x2e,0x63,0xed,0x5a,
    0x0d,0x5b,0x0d,0x5b,0x0d,0x5b,0x2e,0x63,0x0d,0x5b,0xed,0x5a,0x0d,0x5b,0xed,0x5a,
    0x0d,0x5b,0xcc,0x52,0x0d,0x5b,0x0d,0x5b,0xcc,0x5a,0xcc,0x52,0xcc,0x5a,0xac,0x52,
    0xcc,0x5a,0xcc,0x5a,0xcc,0x52,0x8b,0x52,0xab,0x52,0xab,0x52,0xab,0x52,0xcc,0x52,
    0x8b,0x4a,0x8b,0x52,0x8b,0x4a,0xab,0x52,0x6b,0x4a,0x8b,0x4a,0x6b,0x4a,0x6a,0x4a,
    0x49,0x42,0x4a,0x4a,0x29,0x42,0x49,0x42,0x29,0x42,0x09,0x3a,0x09,0x42,0x09,0x3a,
    0xe4,0x10,0x82,0x08,0xe4,0x10,0xc3,0x10,0xc3,0x10,0x04,0x19,0xa3,0x08,0x24,0x19,
    0xc3,0x10,0x04,0x19,0x04,0x19,0xe3,0x10,0x25,0x19,0xc3,0x10,0x45,0x21,0x04,0x19,
    0x04,0x19,0x45,0x21,0x04,0x19,0x45,0x21,0x05,0x19,0x66,0x21,0x05,0x19,0x66,0x21,
    0x25,0x19,0x45,0x19,0x25,0x19,0x25,0x19,0x66,0x21,0x46,0x21,0xa7,0x29,0x25,0x19,
    0xa7,0x29,0x45,0x19,0x87,0x29,0x66,0x21,0x87,0x29,0x66,0x21,0xa7,0x29,0xc7,0x29,
    0x66,0x21,0x09,0x32,0x66,0x21,0xc8,0x31,0x67,0x21,0xa8,0x29,0x87,0x29,0xc8,0x31,
    0xa7,0x29,0xc8,0x31,0xe9,0x31,0x87,0x29,0x29,0x3a,0xa8,0x29,0x09,0x3a,0x87,0x29,
    0x4a,0x42,0x87,0x29,0xe9,0x39,0xa8,0x29,0x09,0x3a,0xc8,0x31,0x4a,0x42,0xc8,0x31,
    0x2a,0x3a,0x09,0x3a,0xe9,0x39,0x09,0x3a,0x2a,0x3a,0x2a,0x42,0xe9,0x31,0x6b,0x42,
    0xe9,0x31,0x2a,0x42,0x09,0x3a,0x6a,0x42,0xe8,0x31,0xab,0x4a,0x29,0x3a,0x8a,0x42,
    0x09,0x3a,0xac,0x52,0x09,0x3a,0x6b,0x4a,0x09,0x3a,0x6b,0x42,0x2a,0x42,0x8b,0x4a,
    0x4a,0x42,0x6b,0x4a,0x8b,0x4a,0x8b,0x4a,0x6b,0x4a,0x6b,0x4a,0x4a,0x42,0x6b,0x4a,
    0x4a,0x42,0xac,0x52,0x4a,0x42,0x8b,0x4a,0xac,0x52,0x8b,0x4a,0x6b,0x4a,0xac,0x52,
    0xcc,0x52,0x2a,0x42,0xcc,0x52,0xac,0x52,0xac,0x52,0x6b,0x4a,0xcc,0x52,0x8b,0x4a,
    0xcc,0x52,0xed,0x5a,0xed,0x5a,0x6b,0x4a,0x0d,0x5b,0x6b,0x4a,0x0d,0x5b,0xcc,0x52,
    0xed,0x5a,0xed,0x5a,0x0d,0x5b,0x0d,0x5b,0xcc,0x52,0x0d,0x5b,0x0d,0x5b,0x0d,0x5b,
    0x2e,0x63,0x0d,0x5b,0x4e,0x63,0x2d,0x5b,0x2d,0x5b,0x2e,0x63,0x0d,0x5b,0x2d,0x63,
    0x0d,0x5b,0x2d,0x63,0x4e,0x63,0xed,0x5a,0x2e,0x63,0x2e,0x63,0x0d,0x5b,0x2d,0x63,
    0x0d,0x5b,0xed,0x5a,0x0d,0x5b,0x0d,0x5b,0x2e,0x63,0xed,0x5a,0x0d,0x5b,0x0d,0x5b,
    0xcc,0x5a,0xcc,0x52,0xed,0x5a,0xcc,0x5a,0xed,0x5a,0xcc,0x5a,0xcc,0x5a,0xab,0x52,
    0xcc,0x52,0xac,0x52,0xcc,0x52,0xcc,0x52,0x8b,0x4a,0xab,0x52,0x8b,0x52,0xab,0x52,
    0x8b,0x4a,0x8b,0x4a,0x8b,0x4a,0x6b,0x4a,0x4a,0x4a,0x6a,0x4a,0x29,0x42,0x4a,0x42,
    0x4a,0x42,0x09,0x42,0x29,0x42,0x09,0x42,0xe4,0x10,0x82,0x08,0x04,0x19,0xc3,0x10,
    0xc3,0x10,0x04,0x19,0xa3,0x08,0x25,0x19,0xc3,0x10,0x04,0x19,0x04,0x19,0xe4,0x10,
    0x25,0x19,0xc3,0x10,0x45,0x21,0x04,0x19,0x05,0x19,0x45,0x21,0x05,0x19,0x46,0x21,
    0x05,0x19,0x86,0x29,0x25,0x19,0x86,0x21,0x25,0x19,0x46,0x21,0x25,0x19,0x25,0x19,
    0x66,0x21,0x46,0x21,0xa7,0x29,0x25,0x19,0xa7,0x29,0x46,0x21,0xa7,0x29,0x87,0x29,
    0x87,0x29,0x87,0x29,0xa7,0x29,0xc8,0x31,0x87,0x21,0x09,0x32,0x66,0x21,0xc8,0x31,
    0x67,0x21,0xa8,0x29,0x87,0x29,0xc8,0x31,0xa8,0x29,0xc8,0x31,0xe9,0x31,0x87,0x29,
    0x2a,0x3a,0xa8,0x29,0x09,0x3a,0xa8,0x29,0x4a,0x42,0x87,0x29,0xe9,0x39,0xa8,0x31,
    0x09,0x3a,0xc8,0x31,0x2a,0x42,0xc8,0x31,0x2a,0x3a,0x09,0x3a,0x09,0x3a,0x09,0x3a,
    0x2a,0x42,0x4a,0x42,0xe9,0x39,0x6b,0x4a,0xe9,0x31,0x2a,0x42,0x09,0x3a,0x6b,0x42,
    0xe8,0x31,0x8b,0x4a,0x29,0x3a,0x8a,0x42,0x09,0x3a,0xac,0x52,0x09,0x3a,0x6b,0x4a,
    0x09,0x3a,0x6b,0x42,0x2a,0x42,0x8b,0x4a,0x4a,0x42,0x6b,0x4a,0x8b,0x4a,0x8b,0x4a,
    0x6b,0x4a,0x6b,0x4a,0x6b,0x4a,0x8b,0x4a,0x4a,0x42,0xac,0x52,0x4a,0x42,0x8b,0x4a,
    0xac,0x52,0xac,0x52,0x6b,0x4a,0xac,0x52,0xcc,0x52,0x4a,0x42,0xed,0x5a,0xac,0x52,
    0xac,0x52,0x8b,0x4a,0xed,0x5a,0x8b,0x4a,0xcc,0x52,0xed,0x5a,0xed,0x5a,0x6b,0x4a,
    0x0d,0x5b,0x6b,0x4a,0x0d,0x5b,0xcc,0x52,0xed,0x5a,0x0d,0x5b,0xed,0x5a,0x0d,0x5b,
    0xed,0x5a,0x2e,0x63,0x0d,0x5b,0x0d,0x5b,0x2e,0x63,0x0d,0x5b,0x4e,0x63,0x2d,0x63,
    0x4e,0x63,0x4e,0x63,0x2d,0x5b,0x4e,0x63,0x0d,0x5b,0x2d,0x63,0x4e,0x63,0xed,0x5a,
    0x4e,0x63,0x2e,0x63,0x2d,0x63,0x2e,0x63,0x2d,0x63,0x0d,0x5b,0x0d,0x5b,0x0d,0x5b,
    0x4e,0x63,0xed,0x5a,0x0d,0x5b,0x0d,0x5b,0xed,0x5a,0xed,0x5a,0xed,0x5a,0xcc,0x5a,
    0xed,0x5a,0xed,0x5a,0xcc,0x5a,0xac,0x52,0xcc,0x52,0xcc,0x52,0xcc,0x52,0xcc,0x52,
    0xab,0x52,0xab,0x52,0xab,0x52,0xac,0x52,0x8b,0x52,0xab,0x52,0xab,0x52,0x8b,0x4a,
    0x6a,0x4a,0x6a,0x4a,0x4a,0x42,0x6a,0x4a,0x4a,0x42,0x29,0x42,0x49,0x42,0x29,0x42,
    0xe4,0x10,0x82,0x08,0x04,0x19,0xc3,0x10,0xc3,0x10,0x24,0x19,0xc3,0x10,0x25,0x19,
    0xe3,0x10,0x04,0x19,0x04,0x19,0xe4,0x10,0x45,0x21,0xe3,0x10,0x45,0x21,0x04,0x19,
    0x25,0x19,0x46,0x21,0x25,0x19,0x66,0x21,0x25,0x19,0x86,0x29,0x25,0x19,0x86,0x29,
    0x25,0x19,0x46,0x21,0x25,0x19,0x45,0x21,0x66,0x21,0x46,0x21,0xa7,0x29,0x25,0x19,
    0xc7,0x29,0x45,0x19,0xa7,0x29,0x87,0x29,0xa7,0x29,0x87,0x29,0x87,0x29,0xe8,0x31,
    0x87,0x21,0x09,0x32,0x66,0x21,0xe8,0x31,0x87,0x21,0xc8,0x29,0x87,0x29,0xc8,0x31,
    0xa8,0x29,0xe8,0x31,0xe9,0x31,0x87,0x29,0x4a,0x42,0xa8,0x29,0x29,0x3a,0xa7,0x29,
    0x6b,0x42,0xa8,0x29,0xe9,0x39,0xc8,0x31,0x09,0x3a,0xc8,0x31,0x4a,0x42,0xc8,0x31,
    0x2a,0x42,0x2a,0x3a,0x09,0x3a,0x2a,0x3a,0x2a,0x42,0x4a,0x42,0xe9,0x31,0x4a,0x42,
    0xc9,0x31,0x2a,0x42,0x0a,0x3a,0x6b,0x42,0xe8,0x31,0xab,0x4a,0x29,0x3a,0x8a,0x42,
    0x09,0x3a,0xac,0x52,0x2a,0x3a,0x8b,0x4a,0x09,0x3a,0x6b,0x42,0x2a,0x42,0x8b,0x4a,
    0x6b,0x4a,0x6b,0x4a,0x8b,0x4a,0x8b,0x4a,0x4a,0x42,0x6b,0x4a,0x6b,0x4a,0x8b,0x4a,
    0x6b,0x4a,0xac,0x52,0x6b,0x4a,0x8b,0x4a,0xcc,0x52,0xac,0x52,0x6b,0x4a,0xac,0x52,
    0xed,0x5a,0x6b,0x4a,0xed,0x5a,0xac,0x52,0xac,0x52,0x8b,0x4a,0xed,0x5a,0x8b,0x4a,
    0xcc,0x52,0xed,0x5a,0x0d,0x5b,0x6b,0x4a,0x0d,0x5b,0x8b,0x4a,0x0d,0x5b,0xcc,0x52,
    0xed,0x5a,0x0d,0x5b,0x0d,0x5b,0x0d,0x5b,0xed,0x5a,0x2e,0x63,0x0d,0x5b,0x0d,0x63,
    0x4e,0x63,0x2d,0x5b,0x4e,0x63,0x2d,0x63,0x4e,0x63,0x4e,0x63,0x2d,0x5b,0x4e,0x63,
    0x2e,0x63,0x2e,0x63,0x4e,0x63,0xed,0x5a,0x4e,0x63,0x4e,0x63,0x2e,0x63,0x2e,0x63,
    0x2e,0x63,0x0d,0x5b,0x2d,0x63,0x2e,0x63,0x4e,0x63,0x0d,0x5b,0x0d,0x5b,0x2e,0x63,
    0x0d,0x5b,0xed,0x5a,0x0d,0x5b,0xed,0x5a,0x0d,0x5b,0x0d,0x5b,0xed,0x5a,0xcc,0x52,
    0xec,0x5a,0xcc,0x52,0xcc,0x5a,0xec,0x5a,0xac,0x52,0xac,0x52,0xab,0x52,0xcc,0x52,
    0x8b,0x52,0xab,0x52,0xab,0x52,0xab,0x52,0x8a,0x4a,0x8b,0x4a,0x6a,0x4a,0x6a,0x4a,
    0x4a,0x4a,0x4a,0x42,0x49,0x42,0x29,0x42,0xe4,0x10,0x82,0x08,0x04,0x19,0xc3,0x10,
    0xe3,0x10,0x24,0x19,0xc3,0x10,0x25,0x19,0xe4,0x10,0x24,0x19,0x04,0x19,0xe4,0x10,
    0x45,0x21,0xe4,0x10,0x65,0x21,0x04,0x19,0x25,0x19,0x46,0x21,0x25,0x19,0x66,0x21,
    0x05,0x19,0x86,0x29,0x25,0x19,0x86,0x29,0x45,0x19,0x46,0x21,0x45,0x21,0x46,0x21,
    0x66,0x21,0x66,0x21,0xa7,0x29,0x25,0x19,0xc8,0x31,0x46,0x21,0xa7,0x29,0x87,0x29,
    0xa7,0x29,0x87,0x29,0x87,0x29,0xc8,0x31,0x87,0x21,0x09,0x32,0x66,0x21,0xe8,0x31,
    0x87,0x21,0xc8,0x29,0xa7,0x29,0xc8,0x31,0xc8,0x31,0xe9,0x31,0x09,0x3a,0x87,0x29,
    0x4a,0x42,0xa8,0x29,0x29,0x3a,0xa8,0x29,0x6b,0x42,0xa8,0x29,0x09,0x3a,0xc8,0x31,
    0x2a,0x3a,0xe9,0x31,0x4a,0x42,0xc8,0x31,0x2a,0x42,0x2a,0x3a,0x09,0x3a,0x2a,0x3a,
    0x4a,0x42,0x4a,0x42,0xe9,0x31,0x4a,0x42,0xc9,0x31,0x2a,0x42,0x0a,0x3a,0x8b,0x4a,
    0xe9,0x31,0xab,0x4a,0x29,0x3a,0x8b,0x42,0x09,0x3a,0xac,0x52,0x09,0x3a,0x8b,0x4a,
    0x09,0x3a,0x6b,0x42,0x2a,0x42,0xac,0x4a,0x6b,0x4a,0x6b,0x4a,0x8b,0x4a,0x8b,0x4a,
    0x4a,0x42,0x6b,0x4a,0x6b,0x4a,0x8b,0x4a,0x6b,0x4a,0xac,0x52,0x6b,0x4a,0x8b,0x4a,
    0xcc,0x52,0xcc,0x52,0x6b,0x4a,0xac,0x52,0xed,0x5a,0x6b,0x4a,0x0d,0x5b,0xcc,0x52,
    0xac,0x52,0xac,0x52,0xed,0x5a,0xac,0x52,0xcc,0x52,0xed,0x5a,0x0d,0x5b,0x8b,0x4a,
    0x0d,0x5b,0x8b,0x4a,0x2e,0x63,0xcc,0x52,0xed,0x5a,0x0d,0x5b,0x0d,0x5b,0x2e,0x63,
    0xed,0x5a,0x2e,0x63,0x0d,0x5b,0x0d,0x5b,0x4e,0x63,0x0d,0x5b,0x4e,0x63,0x2d,0x63,
    0x4e,0x63,0x4e,0x63,0x2d,0x5b,0x6e,0x63,0x2e,0x63,0x2e,0x63,0x4e,0x63,0x0d,0x5b,
    0x6f,0x6b,0x4e,0x63,0x2e,0x63,0x4e,0x63,0x2e,0x63,0x0d,0x5b,0x2e,0x63,0x2e,0x63,
    0x4e,0x63,0x0d,0x5b,0x2e,0x63,0x2e,0x63,0x2e,0x63,0x0d,0x5b,0x2e,0x63,0xed,0x5a,
    0x0d,0x63,0x0d,0x5b,0xed,0x5a,0xcc,0x52,0xec,0x5a,0xec,0x5a,0xec,0x5a,0xec,0x5a,
    0xcc,0x52,0xcc,0x52,0xcc,0x52,0xec,0x5a,0xab,0x52,0xac,0x52,0xab,0x52,0xac,0x52,
    0x8b,0x4a,0xab,0x52,0x6a,0x4a,0x8a,0x4a,0x6a,0x4a,0x6a,0x4a,0x4a,0x4a,0x49,0x42,
    0x04,0x19,0x82,0x08,0x04,0x19,0xc3,0x10,0xe4,0x10,0x25,0x19,0xc3,0x10,0x45,0x21,
    0xe4,0x10,0x25,0x19,0x04,0x19,0xe4,0x10,0x45,0x21,0xe4,0x10,0x66,0x21,0x24,0x19,
    0x25,0x19,0x46,0x21,0x25,0x19,0x66,0x21,0x25,0x19,0x86,0x29,0x45,0x19,0x86,0x29,
    0x45,0x19,0x46,0x21,0x45,0x21,0x66,0x21,0x86,0x21,0x66,0x21,0xa7,0x29,0x25,0x19,
    0xc8,0x31,0x46,0x21,0xc7,0x29,0xa7,0x29,0xa7,0x29,0x87,0x29,0xa7,0x29,0xe8,0x31,
    0x87,0x21,0x09,0x32,0x67,0x21,0xe8,0x31,0x87,0x21,0xc8,0x29,0xa8,0x29,0xe9,0x31,
    0xc8,0x31,0xe9,0x31,0x09,0x3a,0xa7,0x29,0x4a,0x42,0xc8,0x31,0x29,0x3a,0xa8,0x29,
    0x6b,0x4a,0xa8,0x29,0x09,0x3a,0xc8,0x31,0x2a,0x3a,0xe9,0x31,0x4a,0x42,0xc8,0x31,
    0x2a,0x42,0x2a,0x42,0x09,0x3a,0x2a,0x3a,0x2a,0x42,0x4a,0x42,0x09,0x3a,0x6b,0x4a,
    0xe9,0x31,0x2a,0x42,0x0a,0x3a,0x8b,0x4a,0x09,0x32,0xac,0x4a,0x29,0x3a,0x8b,0x42,
    0x09,0x3a,0xcc,0x52,0x09,0x3a,0x8b,0x4a,0x2a,0x3a,0x6b,0x4a,0x4a,0x42,0xac,0x4a,
    0x6b,0x4a,0x6b,0x4a,0x8b,0x4a,0xac,0x52,0x6b,0x4a,0x8b,0x4a,0x6b,0x4a,0x8b,0x4a,
    0x6b,0x4a,0xcc,0x52,0x6b,0x4a,0x8b,0x4a,0xcc,0x52,0xcc,0x52,0x8b,0x4a,0xac,0x52,
    0xcc,0x52,0x6b,0x4a,0xed,0x5a,0xcc,0x52,0xcc,0x52,0xac,0x52,0xed,0x5a,0xac,0x52,
    0xcc,0x52,0xed,0x5a,0x0d,0x5b,0x8b,0x4a,0x0d,0x5b,0x8b,0x4a,0x2e,0x63,0xcc,0x52,
    0xed,0x5a,0x0d,0x5b,0x0d,0x5b,0x2e,0x63,0xed,0x5a,0x2e,0x63,0x2e,0x63,0x0d,0x5b,
    0x4e,0x63,0x0d,0x5b,0x4e,0x63,0x4d,0x5b,0x4e,0x63,0x4e,0x63,0x4d,0x5b,0x6e,0x63,
    0x2e,0x63,0x4e,0x63,0x4e,0x63,0x2e,0x63,0x6f,0x6b,0x4e,0x63,0x2e,0x63,0x6f,0x6b,
    0x4e,0x63,0x2e,0x63,0x4e,0x63,0x2e,0x63,0x4e,0x63,0x0d,0x5b,0x2e,0x63,0x4e,0x63,
    0x2e,0x63,0x0d,0x63,0x2e,0x63,0x0d,0x63,0x2e,0x63,0x2e,0x63,0x0d,0x5b,0xcd,0x5a,
    0xed,0x5a,0xec,0x5a,0xed,0x5a,0x0d,0x5b,0xcc,0x52,0xec,0x5a,0xcc,0x5a,0xec,0x5a,
    0xcc,0x52,0xcc,0x52,0xcc,0x52,0xac,0x52,0xab,0x52,0xab,0x52,0x8b,0x4a,0x8b,0x4a,
    0x8b,0x4a,0x6a,0x4a,0x6a,0x4a,0x4a,0x42,0x04,0x19,0x82,0x08,0x04,0x19,0xe3,0x10,
    0xe4,0x10,0x25,0x19,0xc3,0x10,0x45,0x21,0xe4,0x10,0x25,0x19,0x24,0x19,0x04,0x11,
    0x45,0x21,0xe4,0x10,0x66,0x21,0x24,0x19,0x25,0x19,0x66,0x21,0x25,0x19,0x66,0x21,
    0x25,0x19,0x87,0x29,0x45,0x21,0x87,0x29,0x45,0x19,0x46,0x21,0x45,0x21,0x66,0x21,
    0x86,0x29,0x66,0x21,0xc7,0x29,0x25,0x19,0xe8,0x31,0x46,0x21,0xc8,0x31,0xa7,0x29,
    0xa7,0x29,0xa7,0x29,0xa7,0x29,0xe8,0x31,0x87,0x21,0x29,0x3a,0x87,0x21,0x09,0x32,
    0x87,0x29,0xc8,0x31,0xa8,0x29,0xe9,0x31,0xc8,0x31,0xe9,0x31,0x09,0x3a,0xa8,0x29,
    0x6a,0x42,0xc8,0x31,0x29,0x3a,0xc8,0x31,0x6b,0x4a,0xa8,0x29,0x09,0x3a,0xc8,0x31,
    0x2a,0x42,0x09,0x3a,0x6b,0x42,0xc8,0x31,0x4a,0x42,0x4a,0x42,0x09,0x3a,0x2a,0x3a,
    0x2a,0x42,0x4a,0x42,0x09,0x3a,0x6b,0x4a,0xe9,0x39,0x4a,0x42,0x0a,0x3a,0x6b,0x42,
    0x09,0x32,0xcc,0x4a,0x29,0x3a,0xab,0x4a,0x09,0x3a,0xcc,0x52,0x2a,0x3a,0x8b,0x4a,
    0x2a,0x42,0x8b,0x4a,0x4a,0x42,0xac,0x52,0x6b,0x4a,0x8b,0x4a,0xac,0x52,0xac,0x52,
    0x6b,0x4a,0x8b,0x4a,0x8b,0x4a,0xac,0x52,0x6b,0x4a,0xcc,0x52,0x6b,0x4a,0x8b,0x4a,
    0xcc,0x52,0xcc,0x52,0x8b,0x4a,0xac,0x52,0xcc,0x52,0x4a,0x42,0xed,0x5a,0xcc,0x52,
    0xcc,0x52,0xac,0x52,0xed,0x5a,0xac,0x52,0xed,0x5a,0xed,0x5a,0x0d,0x5b,0x6b,0x4a,
    0x0d,0x5b,0x8b,0x4a,0x2e,0x63,0xed,0x5a,0xed,0x5a,0x0d,0x5b,0x0d,0x5b,0x2e,0x63,
    0xed,0x5a,0x2e,0x63,0x2e,0x63,0x2e,0x63,0x4e,0x63,0x0d,0x5b,0x4e,0x63,0x4e,0x63,
    0x4e,0x63,0x6e,0x63,0x4e,0x5b,0x8e,0x63,0x4e,0x63,0x6e,0x63,0x6f,0x6b,0x2e,0x63,
    0x8f,0x6b,0x6f,0x6b,0x4e,0x63,0x8f,0x6b,0x6f,0x6b,0x2e,0x63,0x4e,0x63,0x4e,0x63,
    0x6f,0x6b,0x2e,0x63,0x4e,0x63,0x4e,0x63,0x2e,0x63,0x2e,0x63,0x4e,0x63,0x0d,0x63,
    0x2e,0x63,0x2e,0x63,0x0d,0x63,0xed,0x5a,0x0d,0x5b,0x0d,0x5b,0x0d,0x5b,0x0d,0x5b,
    0xcc,0x5a,0xec,0x5a,0xec,0x5a,0x0d,0x5b,0xcc,0x52,0xcc,0x52,0xcc,0x52,0xcc,0x52,
    0xab,0x52,0xcc,0x52,0xab,0x52,0x8b,0x52,0xab,0x52,0x8b,0x4a,0x6a,0x4a,0x6a,0x4a,
    0x04,0x19,0xa2,0x08,0x24,0x19,0xe4,0x10,0xe4,0x10,0x25,0x19,0xc3,0x10,0x45,0x21,
    0xe4,0x10,0x25,0x19,0x25,0x19,0x04,0x19,0x66,0x21,0xe4,0x10,0x66,0x21,0x25,0x19,
    0x25,0x19,0x65,0x21,0x25,0x19,0x86,0x21,0x25,0x19,0x87,0x29,0x46,0x21,0xa7,0x29,
    0x45,0x21,0x66,0x21,0x46,0x21,0x86,0x21,0xa7,0x29,0x86,0x21,0xc7,0x31,0x45,0x19,
    0xe8,0x31,0x66,0x21,0xc8,0x31,0xa7,0x29,0xa7,0x29,0xc7,0x29,0xc7,0x29,0x08,0x32,
    0xa7,0x29,0x29,0x3a,0x87,0x29,0x09,0x3a,0x87,0x29,0xc8,0x31,0xa8,0x31,0xe9,0x39,
    0xc8,0x31,0xe9,0x31,0x09,0x3a,0xa8,0x29,0x4a,0x42,0xc8,0x31,0x2a,0x3a,0xa8,0x31,
    0x8b,0x4a,0xa8,0x29,0x09,0x3a,0xc8,0x31,0x4a,0x42,0x09,0x3a,0x6b,0x42,0xc8,0x31,
    0x4a,0x42,0x2a,0x42,0x09,0x3a,0x2a,0x42,0x4a,0x42,0x6b,0x4a,0x09,0x3a,0x6b,0x4a,
    0xe9,0x31,0x4a,0x42,0x2a,0x3a,0x8b,0x4a,0x09,0x3a,0xcc,0x4a,0x2a,0x3a,0x8b,0x4a,
    0x2a,0x3a,0xcc,0x52,0x2a,0x42,0xac,0x52,0x2a,0x42,0x8b,0x4a,0x4a,0x42,0xac,0x52,
    0x6b,0x4a,0x8b,0x4a,0xac,0x52,0xac,0x52,0x8b,0x4a,0xac,0x52,0xac,0x52,0xac,0x52,
    0x8b,0x4a,0xcc,0x52,0x8b,0x4a,0xac,0x52,0xed,0x5a,0xed,0x5a,0x8b,0x4a,0xcc,0x52,
    0xed,0x5a,0x6b,0x4a,0xed,0x5a,0xcc,0x52,0xcc,0x52,0xac,0x52,0xed,0x5a,0xac,0x52,
    0xed,0x5a,0x0d,0x5b,0x2e,0x63,0x8b,0x4a,0x0d,0x5b,0xac,0x52,0x2e,0x63,0xed,0x5a,
    0x0d,0x5b,0x0d,0x5b,0x0d,0x5b,0x2e,0x63,0xed,0x5a,0x2e,0x63,0x2e,0x63,0x2e,0x63,
    0x4e,0x63,0x2d,0x5b,0x6e,0x63,0x4e,0x63,0x6e,0x63,0x6e,0x63,0x6e,0x63,0x8f,0x63,
    0x4e,0x63,0x6e,0x6b,0x8f,0x6b,0x2e,0x63,0x8f,0x6b,0x6f,0x6b,0x6e,0x6b,0x8f,0x6b,
    0x6f,0x6b,0x2e,0x63,0x4e,0x63,0x4e,0x63,0x8f,0x6b,0x2e,0x63,0x4e,0x63,0x4e,0x63,
    0x2e,0x63,0x2e,0x63,0x6f,0x6b,0x2e,0x63,0x2e,0x63,0x2e,0x63,0x2e,0x63,0x0d,0x5b,
    0x2d,0x63,0x0d,0x5b,0x0d,0x5b,0x2d,0x63,0xec,0x5a,0x0d,0x5b,0xec,0x5a,0x0d,0x5b,
    0xcc,0x5a,0xcc,0x5a,0xcc,0x5a,0xec,0x5a,0xcc,0x52,0xec,0x5a,0xab,0x52,0xab,0x52,
    0xab,0x52,0xab,0x52,0x8b,0x4a,0x6a,0x4a,0x04,0x19,0xa3,0x08,0x25,0x19,0xe4,0x10,
    0xe4,0x10,0x25,0x19,0xc3,0x10,0x45,0x21,0xe4,0x10,0x25,0x19,0x25,0x19,0x04,0x19,
    0x66,0x21,0xe4,0x10,0x86,0x21,0x25,0x19,0x45,0x19,0x66,0x21,0x45,0x19,0x86,0x29,
    0x45,0x19,0xa7,0x29,0x46,0x21,0xa7,0x29,0x46,0x21,0x66,0x21,0x66,0x21,0x87,0x29,
    0xa7,0x29,0x87,0x29,0xc8,0x31,0x46,0x19,0xe8,0x31,0x66,0x21,0xc8,0x31,0xa7,0x29,
    0xc8,0x29,0xc7,0x29,0xc8,0x29,0x09,0x32,0xa7,0x29,0x2a,0x3a,0xa7,0x29,0x09,0x3a,
    0x87,0x29,0xc8,0x31,0xa8,0x31,0xe9,0x39,0xc8,0x31,0xe9,0x31,0x09,0x3a,0x87,0x29,
    0x4a,0x42,0xc8,0x31,0x2a,0x42,0xc8,0x31,0x8b,0x4a,0xc8,0x31,0x2a,0x42,0xc8,0x31,
    0x2a,0x42,0xe9,0x39,0x6b,0x42,0xc8,0x31,0x4a,0x42,0x4a,0x42,0x2a,0x42,0x2a,0x42,
    0x2a,0x42,0x4a,0x42,0xe9,0x39,0x6b,0x42,0xe9,0x39,0x4a,0x42,0x2a,0x3a,0x8b,0x4a,
    0x09,0x3a,0xcc,0x4a,0x4a,0x3a,0x8b,0x4a,0x2a,0x42,0xed,0x5a,0x2a,0x42,0xac,0x52,
    0x4a,0x42,0x8b,0x4a,0x6b,0x4a,0xac,0x52,0x6b,0x4a,0x8b,0x4a,0xac,0x52,0xcc,0x52,
    0x8b,0x4a,0xac,0x52,0xac,0x52,0xac,0x52,0x8b,0x4a,0xcc,0x52,0x8b,0x4a,0xac,0x52,
    0xed,0x5a,0xed,0x5a,0x8b,0x4a,0xcc,0x52,0xed,0x5a,0x6b,0x4a,0x0d,0x5b,0xed,0x5a,
    0xed,0x5a,0xac,0x52,0xed,0x5a,0xac,0x52,0xed,0x5a,0x0d,0x5b,0x2e,0x63,0x8b,0x4a,
    0x2e,0x63,0xac,0x52,0x2e,0x63,0xed,0x5a,0x0d,0x5b,0x0d,0x5b,0x2e,0x63,0x2e,0x63,
    0xed,0x5a,0x2e,0x63,0x2e,0x63,0x2e,0x63,0x4e,0x63,0x2d,0x5b,0x6e,0x63,0x4e,0x63,
    0x4e,0x63,0x6e,0x63,0x6e,0x63,0x8f,0x63,0x6e,0x63,0x6e,0x6b,0x8f,0x6b,0x4e,0x63,
    0x8f,0x6b,0x8f,0x6b,0x6f,0x6b,0x8f,0x6b,0x6f,0x6b,0x4e,0x63,0x4e,0x63,0x4e,0x63,
    0x8f,0x6b,0x2e,0x63,0x4e,0x63,0x6e,0x6b,0x4e,0x63,0x4e,0x63,0x6f,0x6b,0x2e,0x63,
    0x2e,0x63,0x4e,0x63,0x4e,0x63,0xed,0x5a,0x2d,0x63,0x0d,0x5b,0x2d,0x63,0x2d,0x63,
    0xed,0x5a,0x0d,0x5b,0xed,0x5a,0x2d,0x63,0xec,0x5a,0xec,0x5a,0xec,0x5a,0xec,0x5a,
    0xcc,0x5a,0xec,0x5a,0xcb,0x52,0xab,0x52,0xab,0x52,0xab,0x52,0xab,0x52,0x8b,0x4a,
    0x24,0x19,0xa3,0x08,0x25,0x19,0xe4,0x10,0x04,0x19,0x45,0x21,0xc3,0x10,0x66,0x21,
    0x04,0x19,0x45,0x19,0x25,0x19,0x04,0x19,0x66,0x21,0x04,0x11,0x86,0x29,0x25,0x19,
    0x45,0x19,0x66,0x21,0x46,0x21,0x87,0x29,0x46,0x21,0xa7,0x29,0x46,0x21,0xa7,0x29,
    0x46,0x21,0x67,0x21,0x66,0x21,0x87,0x29,0xa7,0x29,0x87,0x21,0xc8,0x31,0x46,0x21,
    0xe8,0x31,0x67,0x21,0xc8,0x31,0xa8,0x29,0xc8,0x31,0xc8,0x29,0xe8,0x29,0x09,0x32,
    0xa7,0x29,0x4a,0x3a,0xa7,0x29,0x09,0x3a,0x87,0x29,0xc9,0x31,0xc8,0x31,0xe9,0x31,
    0xc8,0x31,0xe9,0x31,0x09,0x3a,0xa8,0x29,0x4a,0x42,0xc8,0x31,0x2a,0x42,0xc8,0x31,
    0x8b,0x4a,0xe9,0x31,0x4a,0x42,0xe9,0x31,0x2a,0x42,0xe9,0x39,0x6b,0x42,0xc8,0x31,
    0x4a,0x42,0x4a,0x42,0x2a,0x42,0x09,0x3a,0x2a,0x42,0x4a,0x42,0xe9,0x39,0x6b,0x4a,
    0x09,0x3a,0x4a,0x42,0x2a,0x3a,0x8b,0x4a,0x09,0x3a,0xcc,0x52,0x4a,0x3a,0x8b,0x4a,
    0x2a,0x42,0xed,0x5a,0x4a,0x42,0xac,0x52,0x6b,0x4a,0xac,0x52,0x8b,0x4a,0xcc,0x52,
    0x6b,0x4a,0xac,0x52,0xcc,0x52,0xcc,0x52,0x8b,0x4a,0xac,0x52,0xac,0x52,0xac,0x52,
    0x8b,0x4a,0xcc,0x52,0x8b,0x4a,0xac,0x52,0xed,0x5a,0xed,0x5a,0x8b,0x4a,0xed,0x5a,
    0x0d,0x5b,0x6b,0x4a,0x2e,0x63,0xed,0x5a,0xed,0x5a,0xcc,0x52,0x0d,0x5b,0xcc,0x52,
    0xed,0x5a,0x0d,0x5b,0x2e,0x63,0xac,0x52,0x4e,0x63,0xac,0x52,0x2e,0x63,0xed,0x5a,
    0x0d,0x5b,0x2e,0x63,0x2e,0x63,0x2e,0x63,0x0d,0x5b,0x4e,0x63,0x4e,0x63,0x2e,0x63,
    0x6f,0x63,0x2d,0x5b,0x6e,0x63,0x4e,0x63,0x4e,0x63,0x8e,0x63,0x6e,0x63,0x8f,0x63,
    0x6f,0x6b,0x6e,0x6b,0x8f,0x6b,0x6f,0x6b,0x8f,0x6b,0x8f,0x6b,0x8f,0x6b,0x8f,0x6b,
    0x6f,0x6b,0x4e,0x63,0x6e,0x6b,0x6e,0x6b,0x8f,0x6b,0x4e,0x63,0x6f,0x6b,0x6f,0x6b,
    0x4e,0x63,0x4e,0x63,0x6f,0x6b,0x4e,0x63,0x2e,0x63,0x4e,0x63,0x4e,0x63,0x0d,0x5b,
    0x2d,0x63,0x2d,0x63,0x2d,0x63,0x2d,0x63,0x0d,0x5b,0x2d,0x63,0xed,0x5a,0x2d,0x63,
    0xec,0x5a,0x0d,0x5b,0x0d,0x5b,0x0c,0x5b,0xcc,0x5a,0xec,0x5a,0xcc,0x5a,0xcc,0x52,
    0xcc,0x52,0xab,0x52,0xab,0x52,0x8b,0x4a,0x25,0x19,0xa3,0x08,0x25,0x19,0x04,0x19,
    0x04,0x19,0x45,0x21,0xc3,0x10,0x66,0x21,0x04,0x19,0x45,0x21,0x45,0x19,0x04,0x19,
    0x66,0x21,0x04,0x19,0x86,0x29,0x25,0x19,0x45,0x19,0x86,0x21,0x46,0x21,0x87,0x29,
    0x46,0x19,0xa7,0x29,0x46,0x21,0xa7,0x29,0x46,0x21,0x87,0x29,0x67,0x21,0x67,0x21,
    0x87,0x29,0x67,0x21,0xc8,0x31,0x46,0x21,0xe9,0x31,0x67,0x21,0xc8,0x31,0xa8,0x29,
    0xc8,0x31,0xc8,0x29,0xe8,0x31,0x29,0x3a,0xa7,0x29,0x2a,0x3a,0xa7,0x29,0x09,0x3a,
    0x87,0x29,0xc9,0x31,0xc8,0x31,0xe9,0x31,0xc8,0x31,0xe9,0x31,0x09,0x3a,0xa8,0x31,
    0x4a,0x42,0xe9,0x31,0x4a,0x42,0xc8,0x31,0x8b,0x4a,0xc8,0x31,0x4a,0x42,0xe9,0x31,
    0x2a,0x42,0x09,0x3a,0x6b,0x42,0xe9,0x31,0x4a,0x42,0x4a,0x42,0x2a,0x42,0x2a,0x42,
    0x4a,0x42,0x6b,0x4a,0x09,0x3a,0x6b,0x4a,0x2a,0x3a,0x4a,0x42,0x4a,0x42,0x8b,0x4a,
    0x09,0x3a,0xec,0x52,0x6a,0x42,0xac,0x4a,0x2a,0x42,0xed,0x5a,0x2a,0x42,0xac,0x52,
    0x6b,0x4a,0x8b,0x4a,0x6b,0x4a,0xcc,0x52,0x6b,0x4a,0xac,0x52,0xcc,0x52,0xcc,0x52,
    0x8b,0x4a,0xac,0x52,0xac,0x52,0xac,0x52,0x8b,0x4a,0xcc,0x52,0x8b,0x4a,0xac,0x52,
    0xed,0x5a,0xed,0x5a,0xac,0x52,0xed,0x5a,0x0d,0x5b,0x6b,0x4a,0x2e,0x63,0xed,0x5a,
    0xed,0x5a,0xcc,0x52,0x0d,0x5b,0xcc,0x52,0xcc,0x52,0x0d,0x5b,0x4e,0x63,0x8b,0x4a,
    0x4e,0x63,0xac,0x52,0x2e,0x63,0xed,0x5a,0x0d,0x5b,0x2e,0x63,0x2e,0x63,0x2e,0x63,
    0x0d,0x5b,0x4e,0x63,0x4e,0x63,0x4e,0x63,0x8f,0x6b,0x2e,0x63,0x6f,0x63,0x6e,0x63,
    0x6e,0x63,0x8f,0x63,0x6e,0x63,0x8f,0x63,0x6f,0x6b,0x6f,0x6b,0x8f,0x6b,0x6f,0x6b,
    0x8f,0x6b,0x8f,0x6b,0x8f,0x6b,0x8f,0x6b,0x8f,0x6b,0x6e,0x6b,0x6f,0x6b,0x6f,0x6b,
    0x8f,0x6b,0x4e,0x63,0x6f,0x6b,0x6f,0x6b,0x4e,0x63,0x6e,0x6b,0x8f,0x6b,0x4e,0x63,
    0x4e,0x63,0x4e,0x63,0x6e,0x6b,0x2e,0x63,0x4e,0x63,0x4e,0x63,0x4e,0x63,0x2e,0x63,
    0x0d,0x5b,0x2d,0x63,0x0d,0x5b,0x2d,0x63,0xec,0x5a,0x0d,0x5b,0x0d,0x5b,0x0d,0x5b,
    0xec,0x5a,0xec,0x5a,0xcc,0x5a,0xec,0x5a,0xcc,0x52,0xab,0x52,0xac,0x52,0x8b,0x52,
    0x25,0x19,0xc3,0x10,0x45,0x21,0x04,0x19,0x04,0x19,0x45,0x21,0xe4,0x10,0x66,0x21,
    0x05,0x19,0x45,0x21,0x45,0x21,0x25,0x19,0x66,0x21,0x04,0x19,0xa7,0x29,0x45,0x21,
    0x45,0x21,0x86,0x29,0x66,0x21,0x87,0x29,0x46,0x21,0x87,0x29,0x46,0x21,0xa8,0x29,
    0x66,0x21,0x87,0x29,0x67,0x21,0x67,0x21,0xa8,0x29,0x87,0x29,0xc8,0x31,0x67,0x21,
    0xe9,0x31,0x67,0x21,0xc8,0x31,0xc8,0x29,0xc8,0x31,0xc8,0x29,0xe8,0x29,0x29,0x32,
    0xa7,0x29,0x2a,0x3a,0xa7,0x29,0x09,0x3a,0xa7,0x29,0xe9,0x31,0xc8,0x31,0xe9,0x39,
    0xc8,0x31,0xe9,0x31,0x09,0x3a,0xa8,0x31,0x6b,0x42,0xe9,0x39,0x4a,0x42,0xa8,0x31,
    0x8b,0x4a,0xe9,0x31,0x4a,0x42,0xe9,0x39,0x2a,0x42,0x09,0x3a,0x6b,0x4a,0xe9,0x31,
    0x4a,0x42,0x4a,0x42,0x2a,0x42,0x2a,0x42,0x6b,0x4a,0x8b,0x4a,0x09,0x3a,0x8b,0x4a,
    0x2a,0x3a,0x6a,0x42,0x4a,0x42,0xac,0x4a,0x2a,0x3a,0xec,0x52,0x8b,0x42,0xac,0x4a,
    0x2a,0x42,0xed,0x5a,0x2a,0x42,0xac,0x52,0x6b,0x4a,0x8b,0x4a,0x6b,0x4a,0xcc,0x52,
    0x6b,0x4a,0xac,0x52,0xcc,0x52,0xcc,0x52,0x8b,0x4a,0xac,0x52,0xac,0x52,0xac,0x52,
    0xac,0x52,0xed,0x5a,0x8b,0x4a,0xac,0x52,0xed,0x5a,0xed,0x5a,0xac,0x52,0xed,0x5a,
    0x2e,0x63,0x8b,0x4a,0x2e,0x63,0xcc,0x52,0xed,0x5a,0xcc,0x52,0x0d,0x5b,0xcc,0x52,
    0xed,0x5a,0x0d,0x5b,0x4e,0x63,0x8b,0x4a,0x4e,0x63,0xac,0x52,0x2e,0x63,0xed,0x5a,
    0x2e,0x63,0x2e,0x63,0x2e,0x63,0x4e,0x63,0x0d,0x5b,0x4e,0x63,0x4e,0x63,0x4e,0x63,
    0x8f,0x6b,0x2e,0x63,0x6f,0x6b,0x6e,0x63,0x6e,0x63,0x8f,0x63,0x6e,0x63,0x8f,0x63,
    0x8f,0x6b,0x6f,0x6b,0xaf,0x73,0x6f,0x6b,0x8f,0x6b,0x8f,0x6b,0x8f,0x6b,0x8f,0x6b,
    0x8f,0x6b,0x6e,0x6b,0x6f,0x6b,0x6f,0x6b,0xb0,0x73,0x6e,0x6b,0x6f,0x6b,0x6f,0x6b,
    0x6f,0x6b,0x6f,0x6b,0x8f,0x6b,0x6e,0x6b,0x4e,0x63,0x6e,0x6b,0x6f,0x6b,0x2e,0x63,
    0x4e,0x63,0x4e,0x63,0x4e,0x63,0x4e,0x63,0x2d,0x63,0x4e,0x63,0x2d,0x63,0x2e,0x63,
    0x0d,0x5b,0x0d,0x5b,0x0d,0x63,0x0d,0x5b,0xec,0x5a,0x0c,0x5b,0xcc,0x5a,0xec,0x5a,
    0xec,0x5a,0xac,0x52,0xcc,0x52,0xab,0x52,0x25,0x19,0xc3,0x10,0x45,0x21,0x04,0x19,
    0x04,0x19,0x65,0x21,0xe4,0x10,0x86,0x21,0x05,0x19,0x45,0x21,0x45,0x21,0x25,0x19,
    0x86,0x21,0x04,0x19,0xa7,0x29,0x45,0x21,0x46,0x21,0x86,0x29,0x66,0x21,0xa7,0x29,
    0x26,0x19,0xa7,0x29,0x46,0x21,0xa8,0x29,0x66,0x21,0x67,0x21,0x67,0x21,0x67,0x21,
    0xa8,0x29,0x87,0x29,0xe8,0x31,0x66,0x21,0xe9,0x31,0x87,0x29,0xe9,0x31,0xc8,0x29,
    0xe8,0x31,0xc8,0x29,0xe8,0x29,0x29,0x32,0xa7,0x29,0x2a,0x3a,0xa7,0x29,0x09,0x3a,
    0xa7,0x29,0xc9,0x31,0xc9,0x31,0xe9,0x39,0xc9,0x31,0xe9,0x39,0x09,0x3a,0xa8,0x29,
    0x4a,0x42,0xe9,0x39,0x4a,0x42,0xa8,0x31,0x8b,0x4a,0xc8,0x31,0x4a,0x42,0xe9,0x31,
    0x4a,0x42,0x09,0x3a,0x6b,0x4a,0xe9,0x39,0x4a,0x42,0x6b,0x4a,0x4a,0x42,0x2a,0x42,
    0x6b,0x4a,0x8b,0x4a,0x2a,0x42,0x8b,0x4a,0x4a,0x42,0x6a,0x42,0x4a,0x42,0xac,0x4a,
    0x2a,0x3a,0xed,0x52,0x8b,0x42,0xcc,0x4a,0x2a,0x42,0xed,0x5a,0x2a,0x42,0xac,0x52,
    0x6b,0x4a,0xac,0x52,0x8b,0x4a,0xcc,0x52,0x6b,0x4a,0xac,0x52,0xcc,0x52,0xcc,0x52,
    0x8b,0x4a,0xac,0x52,0xac,0x52,0xac,0x52,0xac,0x52,0xed,0x5a,0xac,0x52,0xcc,0x52,
    0xed,0x5a,0xed,0x5a,0xac,0x52,0xed,0x5a,0x2e,0x63,0x8b,0x4a,0x2e,0x63,0xcc,0x52,
    0xed,0x5a,0xcc,0x52,0x0d,0x5b,0xcc,0x52,0xed,0x5a,0x2e,0x63,0x4e,0x63,0x6b,0x4a,
    0x4e,0x63,0xcc,0x52,0x4e,0x63,0x0d,0x5b,0x2e,0x63,0x2e,0x63,0x2e,0x63,0x4e,0x63,
    0x0d,0x5b,0x4e,0x63,0x4e,0x63,0x4e,0x63,0x8f,0x6b,0x4e,0x63,0x8f,0x6b,0x6e,0x63,
    0x6e,0x63,0xaf,0x6b,0x6e,0x63,0x8f,0x63,0x8f,0x6b,0x6f,0x6b,0xb0,0x73,0x8f,0x6b,
    0xb0,0x73,0xb0,0x73,0x8f,0x6b,0x8f,0x6b,0x8f,0x6b,0x6e,0x6b,0x6f,0x6b,0x6f,0x6b,
    0xb0,0x73,0x6f,0x6b,0x8f,0x6b,0x6f,0x6b,0x6f,0x6b,0x6f,0x6b,0xaf,0x73,0x6f,0x6b,
    0x6f,0x6b,0x6e,0x6b,0x8f,0x6b,0x4e,0x63,0x6e,0x6b,0x4e,0x63,0x6e,0x6b,0x4e,0x63,
    0x0d,0x5b,0x4e,0x63,0x2d,0x63,0x2e,0x63,0x0d,0x5b,0x2d,0x63,0x0d,0x63,0x0d,0x63,
    0x0d,0x5b,0x0d,0x5b,0xec,0x5a,0xec,0x5a,0xec,0x5a,0xcc,0x52,0xcc,0x52,0xab,0x52,
    0x25,0x19,0xc3,0x10,0x45,0x21,0x04,0x19,0x04,0x19,0x66,0x21,0xe4,0x10,0x86,0x29,
    0x25,0x19,0x66,0x21,0x46,0x21,0x25,0x19,0x86,0x29,0x05,0x19,0xa7,0x29,0x45,0x19,
    0x66,0x21,0xa7,0x29,0x86,0x21,0xa7,0x29,0x66,0x21,0xa8,0x29,0x66,0x21,0xa7,0x29,
    0x66,0x21,0x87,0x29,0x87,0x29,0x87,0x29,0xa8,0x29,0x87,0x29,0xe8,0x31,0x66,0x21,
    0xe9,0x31,0x87,0x29,0xe9,0x31,0xc8,0x29,0xe8,0x31,0xa7,0x29,0xe8,0x29,0x29,0x32,
    0xa7,0x29,0x2a,0x3a,0xa7,0x29,0x29,0x3a,0xa8,0x29,0xe9,0x31,0xc9,0x31,0xe9,0x39,
    0xc8,0x31,0xe9,0x31,0x09,0x3a,0xa8,0x29,0x6b,0x42,0xe9,0x39,0x4a,0x42,0xa8,0x31,
    0x8b,0x4a,0xc8,0x31,0x4a,0x42,0x09,0x3a,0x4a,0x42,0x09,0x3a,0x6b,0x4a,0x09,0x3a,
    0x4a,0x42,0x6b,0x4a,0x4a,0x42,0x4a,0x42,0x6b,0x4a,0x8b,0x4a,0x2a,0x42,0x8b,0x4a,
    0x2a,0x42,0x4a,0x42,0x4a,0x42,0xab,0x4a,0x2a,0x3a,0xec,0x52,0x6b,0x42,0xac,0x4a,
    0x2a,0x42,0xed,0x5a,0x2a,0x42,0xac,0x52,0x6b,0x4a,0xac,0x52,0x8b,0x4a,0xcc,0x52,
    0x6b,0x4a,0xac,0x52,0xed,0x5a,0xed,0x5a,0xac,0x52,0xcc,0x52,0xcc,0x52,0xac,0x52,
    0xac,0x52,0xed,0x5a,0xac,0x52,0xed,0x5a,0x0d,0x5b,0xed,0x5a,0xac,0x52,0xed,0x5a,
    0x2e,0x63,0x8b,0x4a,0x2e,0x63,0xcc,0x52,0xed,0x5a,0xed,0x5a,0x0d,0x5b,0xcc,0x52,
    0xed,0x5a,0x2e,0x63,0x4e,0x63,0x8b,0x4a,0x4e,0x63,0xcc,0x52,0x4e,0x63,0x0d,0x5b,
    0x2e,0x63,0x2e,0x63,0x2e,0x63,0x4e,0x63,0x0d,0x5b,0x4e,0x63,0x4e,0x63,0x6f,0x6b,
    0x8f,0x6b,0x4e,0x63,0x8f,0x6b,0x6e,0x63,0x6e,0x63,0xaf,0x6b,0x8e,0x63,0xaf,0x6b,
    0x8f,0x6b,0x8f,0x6b,0xb0,0x73,0x8f,0x6b,0xb0,0x73,0xb0,0x73,0x8f,0x6b,0x8f,0x6b,
    0x8f,0x6b,0x6e,0x6b,0x8f,0x6b,0x8f,0x6b,0xb0,0x73,0x6f,0x6b,0x8f,0x6b,0x8f,0x6b,
    0x6f,0x6b,0x8f,0x6b,0xaf,0x73,0x6f,0x6b,0x6f,0x6b,0x4e,0x63,0x6f,0x6b,0x4e,0x63,
    0x6e,0x6b,0x6e,0x6b,0x6e,0x6b,0x6e,0x6b,0x2d,0x63,0x6e,0x6b,0x4e,0x63,0x4e,0x63,
    0x0d,0x5b,0x2d,0x63,0x0d,0x63,0x2d,0x63,0x0d,0x5b,0x0d,0x63,0xec,0x5a,0x0d,0x5b,
    0xed,0x5a,0xec,0x5a,0xec,0x5a,0xcc,0x52,0x45,0x21,0xc3,0x10,0x45,0x21,0x24,0x19,
    0x04,0x19,0x66,0x21,0xe4,0x10,0x86,0x29,0x25,0x19,0x66,0x21,0x46,0x21,0x25,0x19,
    0x86,0x29,0x05,0x19,0xa7,0x29,0x45,0x19,0x66,0x21,0xa7,0x29,0x86,0x21,0xa7,0x29,
    0x46,0x21,0x87,0x29,0x46,0x21,0xa7,0x29,0x67,0x21,0x87,0x29,0x67,0x21,0x87,0x29,
    0xa8,0x29,0x87,0x29,0xc8,0x31,0x67,0x21,0xe9,0x31,0x87,0x29,0xe8,0x31,0xc8,0x29,
    0xe8,0x31,0xa7,0x29,0xe8,0x31,0x29,0x3a,0xa7,0x29,0x2a,0x3a,0xa7,0x29,0x29,0x3a,
    0xa8,0x29,0xe9,0x39,0xc8,0x31,0xe9,0x39,0xc9,0x31,0xe9,0x31,0x09,0x3a,0xc8,0x31,
    0x6b,0x42,0x09,0x3a,0x4a,0x42,0xc8,0x31,0x8b,0x4a,0xc8,0x31,0x6b,0x42,0x09,0x3a,
    0x4a,0x42,0x09,0x3a,0x6b,0x4a,0xe9,0x39,0x6b,0x4a,0x6b,0x42,0x4a,0x42,0x4a,0x42,
    0x4a,0x42,0x6b,0x4a,0x2a,0x42,0xac,0x52,0x4a,0x42,0x4a,0x42,0x4a,0x42,0xac,0x4a,
    0x2a,0x3a,0xec,0x52,0x6b,0x42,0xac,0x4a,0x4a,0x42,0xed,0x5a,0x2a,0x42,0xac,0x52,
    0x6b,0x4a,0xac,0x52,0x8b,0x4a,0xcc,0x52,0x6b,0x4a,0xac,0x52,0xed,0x5a,0xed,0x5a,
    0xac,0x52,0xcc,0x52,0xcc,0x52,0xac,0x52,0xcc,0x52,0x0d,0x5b,0xac,0x52,0xcc,0x52,
    0x0d,0x5b,0x0d,0x5b,0xac,0x52,0xed,0x5a,0x2e,0x63,0x8b,0x4a,0x2e,0x63,0xcc,0x52,
    0xed,0x5a,0xed,0x5a,0x2e,0x63,0xcc,0x52,0xed,0x5a,0x0d,0x5b,0x4e,0x63,0xac,0x52,
    0x4e,0x63,0xed,0x5a,0x4e,0x63,0x0d,0x5b,0x2e,0x63,0x2e,0x63,0x2e,0x63,0x4e,0x63,
    0x2e,0x63,0x6f,0x6b,0x6f,0x6b,0x6f,0x6b,0x8f,0x6b,0x4e,0x63,0x8f,0x6b,0x8e,0x63,
    0x8e,0x63,0xaf,0x6b,0x8e,0x63,0xaf,0x6b,0x8f,0x6b,0x8f,0x6b,0xb0,0x73,0x8f,0x6b,
    0xb0,0x73,0xb0,0x73,0x8f,0x6b,0xb0,0x73,0x8f,0x6b,0x6f,0x6b,0x8f,0x6b,0x8f,0x6b,
    0xd0,0x73,0x8f,0x6b,0xb0,0x73,0x8f,0x6b,0x8f,0x6b,0x8f,0x6b,0xb0,0x73,0x6f,0x6b,
    0x6f,0x6b,0x6f,0x6b,0x6f,0x6b,0x4e,0x63,0x6e,0x6b,0x6e,0x6b,0x6f,0x6b,0x6e,0x6b,
    0x2d,0x63,0x6e,0x6b,0x4e,0x63,0x4e,0x63,0x0d,0x5b,0x4e,0x63,0x2d,0x63,0x2d,0x63,
    0x0d,0x63,0x0d,0x63,0xec,0x5a,0x0d,0x63,0xed,0x5a,0xec,0x5a,0xed,0x5a,0xcc,0x5a,
    0x45,0x21,0xc3,0x10,0x66,0x21,0x25,0x19,0x05,0x19,0x66,0x21,0xe4,0x10,0x86,0x29,
    0x25,0x19,0x66,0x21,0x66,0x21,0x25,0x19,0x86,0x29,0x05,0x19,0xa7,0x29,0x45,0x19,
    0x66,0x21,0xa7,0x29,0x67,0x29,0x09,0x3a,0x09,0x3a,0x4a,0x42,0xe8,0x31,0x09,0x3a,
    0x87,0x29,0x87,0x29,0x67,0x29,0x67,0x21,0x46,0x21,0x67,0x21,0x87,0x29,0x26,0x19,
    0xe8,0x31,0x87,0x21,0xe9,0x31,0xc8,0x31,0xe9,0x31,0xa8,0x29,0xc8,0x31,0x09,0x3a,
    0x87,0x29,0x2a,0x42,0xa7,0x29,0x2a,0x3a,0xa8,0x31,0x09,0x3a,0xc8,0x31,0xe9,0x39,
    0xe9,0x39,0xe9,0x31,0x2a,0x3a,0xc9,0x31,0x6b,0x42,0x09,0x3a,0x4b,0x42,0xc8,0x31,
    0x8b,0x4a,0xa8,0x29,0x6b,0x42,0x09,0x3a,0x2a,0x3a,0x09,0x3a,0x8b,0x4a,0x09,0x3a,
    0x6b,0x42,0x4a,0x42,0x4a,0x42,0x4a,0x42,0x4a,0x42,0x6b,0x42,0x2a,0x3a,0xac,0x4a,
    0x6a,0x42,0x8b,0x42,0x4a,0x42,0x8b,0x4a,0x29,0x3a,0xec,0x52,0x6b,0x42,0xac,0x4a,
    0x4a,0x42,0x0d,0x5b,0x2a,0x42,0xac,0x52,0x6b,0x4a,0xac,0x52,0x8b,0x4a,0xcc,0x52,
    0x6b,0x4a,0xcc,0x52,0xed,0x5a,0xed,0x5a,0xac,0x52,0xcc,0x52,0xcc,0x52,0xcc,0x52,
    0xcc,0x52,0x0d,0x5b,0xac,0x52,0xcc,0x52,0xed,0x5a,0x0d,0x5b,0xcc,0x52,0xed,0x5a,
    0x2e,0x63,0xac,0x52,0x2e,0x63,0xcc,0x52,0x0d,0x5b,0x0d,0x5b,0x2e,0x63,0xed,0x5a,
    0xed,0x5a,0x0d,0x5b,0x4e,0x63,0xac,0x52,0x6f,0x6b,0xed,0x5a,0x4e,0x63,0x0d,0x5b,
    0x2e,0x63,0x2e,0x63,0x2e,0x63,0x4e,0x63,0x4e,0x63,0x6f,0x6b,0x6f,0x6b,0x6f,0x6b,
    0x8f,0x6b,0x6e,0x63,0x8f,0x6b,0x8f,0x6b,0x8f,0x6b,0x8f,0x6b,0x6f,0x63,0xaf,0x6b,
    0x8f,0x6b,0x6f,0x6b,0xb0,0x73,0x8f,0x6b,0xd0,0x73,0xb0,0x73,0x8f,0x6b,0xb0,0x73,
    0x8f,0x6b,0x6f,0x6b,0x8f,0x6b,0x8f,0x6b,0xd0,0x73,0x8f,0x6b,0xb0,0x73,0x8f,0x6b,
    0x8f,0x6b,0xb0,0x73,0xb0,0x73,0x6f,0x6b,0x8f,0x6b,0x8f,0x6b,0x6f,0x6b,0x4e,0x63,
    0x8f,0x6b,0x6e,0x6b,0x8f,0x6b,0x6f,0x6b,0x2e,0x63,0x6f,0x6b,0x4e,0x63,0x4e,0x63,
    0x2d,0x63,0x4e,0x63,0x4e,0x63,0x2e,0x63,0x0d,0x63,0x2d,0x63,0x0d,0x5b,0x0d,0x63,
    0x0c,0x5b,0xec,0x5a,0x0d,0x5b,0xec,0x5a,0x46,0x21,0xc3,0x10,0x66,0x21,0x25,0x19,
    0x05,0x19,0x66,0x29,0xe4,0x10,0x66,0x21,0x25,0x19,0x66,0x21,0x66,0x21,0x25,0x19,
    0x86,0x29,0x25,0x19,0xa7,0x29,0x45,0x21,0x87,0x29,0x87,0x29,0x87,0x29,0x4a,0x42,
    0xec,0x52,0x4e,0x63,0x0d,0x5b,0x4e,0x63,0x0d,0x5b,0xed,0x52,0xed,0x5a,0xcc,0x52,
    0x6b,0x42,0x4a,0x42,0x6b,0x42,0xe9,0x31,0x4a,0x42,0xc8,0x31,0x09,0x3a,0xc8,0x31,
    0xe9,0x31,0xa8,0x29,0xc8,0x31,0xe9,0x31,0x87,0x29,0x09,0x3a,0x67,0x29,0x09,0x3a,
    0xa8,0x29,0xc8,0x31,0xa8,0x31,0x09,0x3a,0xe9,0x39,0xe9,0x39,0x2a,0x42,0xe9,0x31,
    0x6b,0x42,0x0a,0x3a,0x6b,0x4a,0xc9,0x31,0xac,0x4a,0xa8,0x29,0x6b,0x42,0x09,0x3a,
    0x2a,0x3a,0x09,0x3a,0x6b,0x4a,0x09,0x3a,0x6b,0x42,0x6a,0x42,0x4a,0x42,0x4a,0x42,
    0x8b,0x4a,0x8b,0x4a,0x29,0x3a,0x8b,0x4a,0x4a,0x42,0x8b,0x42,0x4a,0x42,0x8b,0x4a,
    0x2a,0x3a,0xed,0x52,0x6b,0x42,0xcc,0x52,0x4a,0x42,0xed,0x5a,0x2a,0x42,0xac,0x52,
    0x6b,0x4a,0xac,0x52,0x8b,0x4a,0xcc,0x52,0x8b,0x4a,0xcc,0x52,0xed,0x5a,0xcc,0x52,
    0xac,0x52,0xcc,0x52,0xcc,0x52,0xac,0x52,0xcc,0x52,0x0d,0x5b,0xcc,0x52,0xed,0x5a,
    0xed,0x5a,0x0d,0x5b,0xcc,0x52,0x0d,0x5b,0x2e,0x63,0xac,0x52,0x2e,0x63,0xcc,0x52,
    0x0d,0x5b,0xed,0x5a,0x2e,0x63,0xed,0x5a,0xed,0x5a,0x0d,0x5b,0x4e,0x63,0xac,0x52,
    0x6f,0x6b,0xed,0x5a,0x4e,0x63,0x0d,0x5b,0x2e,0x63,0x2e,0x63,0x2e,0x63,0x4e,0x63,
    0x4e,0x63,0x8f,0x6b,0x6f,0x6b,0x6f,0x6b,0x8f,0x6b,0x6e,0x63,0x8f,0x6b,0x8f,0x6b,
    0x8f,0x6b,0x8f,0x6b,0x6f,0x6b,0xb0,0x6b,0x6f,0x6b,0x6f,0x6b,0xb0,0x73,0x6f,0x6b,
    0xd0,0x73,0xb0,0x73,0x8f,0x6b,0xb0,0x73,0x8f,0x6b,0x8f,0x6b,0x8f,0x6b,0x8f,0x6b,
    0xb0,0x73,0x8f,0x6b,0xb0,0x73,0x8f,0x6b,0x8f,0x6b,0xb0,0x73,0xb0,0x73,0x6f,0x6b,
    0x8f,0x6b,0x8f,0x6b,0x6f,0x6b,0x4e,0x63,0x8f,0x6b,0x6f,0x6b,0x8f,0x6b,0x6f,0x6b,
    0x4e,0x63,0x8f,0x6b,0x4e,0x63,0x6e,0x6b,0x4e,0x63,0x4e,0x63,0x4e,0x6b,0x4e,0x63,
    0x0d,0x63,0x2e,0x63,0x0d,0x63,0x2d,0x63,0x0d,0x5b,0xec,0x5a,0x0d,0x5b,0xec,0x5a,
    0x46,0x21,0xc3,0x10,0x66,0x21,0x25,0x19,0x04,0x19,0x86,0x29,0xe4,0x18,0x66,0x21,
    0x25,0x19,0x66,0x21,0x66,0x21,0x45,0x19,0x86,0x29,0x25,0x19,0xa7,0x29,0x46,0x21,
    0xa7,0x29,0xe8,0x31,0x67,0x21,0x46,0x21,0x46,0x21,0x67,0x29,0x87,0x29,0xe8,0x31,
    0x09,0x3a,0x4a,0x42,0x6b,0x4a,0xac,0x4a,0xcc,0x52,0x0d,0x5b,0x2e,0x63,0x2e,0x5b,
    0x4e,0x63,0x2e,0x63,0x4e,0x63,0x4e,0x63,0x4e,0x63,0x0d,0x5b,0x0d,0x5b,0x0d,0x5b,
    0xac,0x4a,0xcc,0x52,0x4a,0x42,0x8b,0x4a,0x09,0x3a,0x09,0x3a,0xe9,0x31,0x2a,0x3a,
    0xc9,0x31,0xa8,0x31,0x2a,0x3a,0xc8,0x31,0x4b,0x42,0x0a,0x3a,0x6b,0x42,0xa8,0x31,
    0x8b,0x4a,0xa8,0x31,0x4a,0x42,0xe9,0x39,0x2a,0x42,0x09,0x3a,0x8b,0x4a,0x09,0x3a,
    0x6b,0x4a,0x8b,0x4a,0x6b,0x4a,0x4a,0x42,0x6a,0x42,0xab,0x4a,0x2a,0x3a,0xab,0x4a,
    0x2a,0x3a,0x4a,0x42,0x4a,0x42,0x8b,0x4a,0x09,0x3a,0xed,0x52,0x6b,0x4a,0xed,0x52,
    0x4a,0x42,0xed,0x52,0x4a,0x3a,0xac,0x4a,0x6b,0x42,0xac,0x4a,0x8b,0x4a,0xec,0x52,
    0x8b,0x4a,0xcc,0x52,0xcc,0x52,0xcc,0x52,0x8b,0x4a,0xcc,0x52,0xcc,0x52,0xac,0x52,
    0xcc,0x52,0x0d,0x5b,0xcc,0x52,0xcc,0x52,0xed,0x5a,0x0d,0x5b,0xcc,0x52,0x0d,0x5b,
    0x2e,0x63,0xac,0x52,0x0d,0x5b,0xcc,0x52,0xed,0x5a,0xed,0x5a,0x0d,0x5b,0xed,0x5a,
    0xed,0x5a,0x0d,0x5b,0x4e,0x63,0xac,0x52,0x6f,0x6b,0xcc,0x52,0x4e,0x63,0x0d,0x5b,
    0x2e,0x63,0x2e,0x63,0x2e,0x63,0x4e,0x63,0x2e,0x63,0x8f,0x6b,0x4e,0x63,0x6f,0x6b,
    0x8f,0x6b,0x6e,0x63,0x8f,0x6b,0x8f,0x6b,0x8f,0x6b,0xaf,0x6b,0x6f,0x6b,0xb0,0x6b,
    0x6f,0x6b,0x8f,0x6b,0xb0,0x73,0x8f,0x6b,0xd0,0x73,0xaf,0x73,0x8f,0x6b,0xb0,0x73,
    0x8f,0x6b,0x8f,0x6b,0xaf,0x73,0x8f,0x6b,0xb0,0x73,0x8f,0x6b,0xaf,0x73,0x8f,0x6b,
    0xb0,0x73,0xb0,0x73,0xd0,0x73,0x8f,0x6b,0x8f,0x6b,0x8f,0x6b,0x6f,0x6b,0x6f,0x6b,
    0x8f,0x6b,0x8f,0x6b,0x8f,0x6b,0x8f,0x6b,0x4e,0x63,0x8f,0x6b,0x4e,0x63,0x6e,0x6b,
    0x4e,0x6b,0x6e,0x6b,0x6e,0x6b,0x6e,0x6b,0x0d,0x63,0x4e,0x63,0x2d,0x63,0x2d,0x63,
    0x0d,0x63,0x0d,0x63,0x0d,0x5b,0xec,0x5a,0x66,0x21,0xc3,0x10,0x66,0x21,0x25,0x19,
    0x05,0x19,0x87,0x29,0xe4,0x18,0x86,0x29,0x25,0x19,0x66,0x21,0x66,0x21,0x45,0x21,
    0x86,0x29,0x25,0x19,0xc7,0x29,0x66,0x21,0x87,0x29,0xe8,0x31,0x87,0x29,0x25,0x19,
    0xe5,0x10,0xe5,0x10,0x05,0x19,0x05,0x19,0x05,0x19,0x05,0x19,0x05,0x19,0x26,0x19,
    0x46,0x21,0x67,0x29,0x67,0x29,0x87,0x29,0xa8,0x31,0xe9,0x31,0x09,0x3a,0x2a,0x42,
    0x8b,0x4a,0x8b,0x4a,0xcc,0x52,0x2e,0x63,0x4e,0x63,0x6f,0x6b,0x6f,0x6b,0xb0,0x73,
    0x4e,0x63,0x6f,0x63,0x2e,0x63,0x6f,0x63,0x2e,0x63,0xed,0x52,0x0d,0x5b,0x8c,0x4a,
    0xcd,0x52,0x6b,0x4a,0x8c,0x4a,0x0a,0x3a,0xac,0x52,0xe9,0x39,0x6b,0x4a,0xe9,0x39,
    0x2a,0x42,0x2a,0x42,0x8b,0x4a,0x29,0x42,0x4a,0x42,0x6a,0x42,0x6a,0x42,0x29,0x42,
    0x4a,0x42,0xab,0x4a,0x2a,0x42,0xab,0x4a,0x2a,0x42,0x2a,0x42,0x4a,0x42,0x8b,0x4a,
    0x09,0x3a,0xed,0x52,0x6b,0x4a,0xcc,0x52,0x4a,0x42,0xed,0x52,0x4a,0x42,0xac,0x4a,
    0x6b,0x42,0xac,0x4a,0x6b,0x42,0xcc,0x52,0x8b,0x4a,0xcc,0x52,0xcc,0x52,0xcc,0x52,
    0xac,0x52,0xcc,0x52,0xed,0x5a,0xcc,0x52,0xcc,0x52,0x0d,0x5b,0xcc,0x52,0xcc,0x52,
    0x0d,0x5b,0x0d,0x5b,0xcc,0x52,0xed,0x5a,0x0d,0x5b,0xac,0x52,0x0d,0x5b,0xcc,0x52,
    0x0d,0x5b,0xed,0x5a,0x0d,0x5b,0xed,0x5a,0xed,0x5a,0x0d,0x5b,0x4e,0x63,0xac,0x52,
    0x6f,0x6b,0xcc,0x52,0x4e,0x63,0x0d,0x5b,0x2e,0x63,0x2e,0x63,0x2e,0x63,0x4e,0x63,
    0x2e,0x63,0x6f,0x6b,0x4e,0x63,0x6f,0x6b,0x8f,0x6b,0x6e,0x63,0x8f,0x6b,0x8f,0x6b,
    0x8f,0x6b,0xaf,0x6b,0x6f,0x6b,0xb0,0x6b,0x6f,0x6b,0x8f,0x6b,0xb0,0x73,0x6f,0x6b,
    0xb0,0x73,0xaf,0x73,0x8f,0x6b,0xaf,0x73,0x8f,0x6b,0x8f,0x6b,0xaf,0x73,0xaf,0x73,
    0xb0,0x73,0x8f,0x6b,0xb0,0x73,0x8f,0x6b,0xb0,0x73,0xb0,0x73,0xd0,0x73,0x8f,0x6b,
    0xb0,0x73,0x8f,0x6b,0x6f,0x6b,0x6f,0x6b,0x8f,0x6b,0x8f,0x6b,0x8f,0x6b,0xb0,0x73,
    0x4e,0x63,0x8f,0x6b,0x6f,0x6b,0x6f,0x6b,0x4e,0x6b,0x6e,0x6b,0x6e,0x6b,0x6e,0x6b,
    0x2d,0x63,0x4e,0x63,0x2d,0x63,0x4e,0x63,0x2d,0x63,0x2d,0x63,0x0d,0x5b,0xec,0x5a,
    0x66,0x21,0xc3,0x10,0x66,0x21,0x45,0x19,0x05,0x19,0x87,0x29,0x04,0x19,0x86,0x29,
    0x25,0x19,0x66,0x21,0x66,0x21,0x45,0x21,0x87,0x29,0x25,0x19,0xc7,0x29,0x66,0x21,
    0xc8,0x31,0xe9,0x39,0x87,0x29,0x26,0x19,0x25,0x19,0x26,0x21,0x46,0x21,0x46,0x21,
    0x46,0x21,0x46,0x21,0x46,0x21,0x46,0x21,0x25,0x19,0x26,0x19,0x26,0x19,0x46,0x21,
    0x05,0x19,0x26,0x21,0x26,0x19,0x05,0x19,0x26,0x19,0x26,0x19,0x46,0x21,0x67,0x21,
    0x87,0x29,0xa8,0x31,0xc8,0x31,0xe9,0x31,0xe9,0x39,0x4a,0x42,0x6b,0x4a,0xcc,0x52,
    0x0d,0x5b,0x2e,0x5b,0x4e,0x63,0x4f,0x63,0x8f,0x6b,0x6f,0x63,0x8f,0x6b,0x90,0x6b,
    0xd0,0x73,0x4e,0x63,0xb0,0x73,0x6f,0x6b,0x6f,0x6b,0x6f,0x6b,0x6f,0x6b,0xed,0x5a,
    0xed,0x5a,0xec,0x52,0xcc,0x52,0x6a,0x4a,0xab,0x4a,0xcc,0x52,0x4a,0x42,0x8b,0x4a,
    0x4a,0x42,0x4a,0x42,0x2a,0x42,0x8b,0x4a,0x2a,0x42,0xcc,0x52,0x6b,0x4a,0xed,0x5a,
    0x6b,0x4a,0xed,0x5a,0x6b,0x4a,0xcc,0x52,0x8b,0x4a,0xcc,0x52,0x8b,0x4a,0xed,0x5a,
    0x8b,0x4a,0xcc,0x52,0xed,0x5a,0xcc,0x52,0xac,0x52,0xed,0x5a,0xed,0x5a,0xcc,0x52,
    0xcc,0x52,0x0d,0x5b,0xcc,0x52,0xed,0x5a,0x0d,0x5b,0x0d,0x5b,0xcc,0x52,0xed,0x5a,
    0x0d,0x5b,0xac,0x52,0x2e,0x63,0xed,0x5a,0x0d,0x5b,0xed,0x5a,0x0d,0x5b,0xed,0x5a,
    0x0d,0x5b,0x0d,0x5b,0x2e,0x63,0xac,0x52,0x8f,0x6b,0xed,0x5a,0x4e,0x63,0x0d,0x5b,
    0x2e,0x63,0x2e,0x63,0x4e,0x63,0x6f,0x6b,0x2e,0x63,0x6f,0x6b,0x4e,0x63,0x8f,0x6b,
    0x8f,0x6b,0x6e,0x63,0x8f,0x6b,0x8f,0x6b,0x8f,0x6b,0xaf,0x6b,0x8f,0x6b,0xb0,0x6b,
    0x6f,0x6b,0x8f,0x6b,0xb0,0x73,0x8f,0x6b,0xd0,0x73,0xaf,0x73,0x8f,0x6b,0xaf,0x73,
    0x8f,0x6b,0x8f,0x6b,0xb0,0x73,0xaf,0x73,0xb0,0x73,0x8f,0x6b,0xb0,0x73,0xaf,0x73,
    0xb0,0x73,0xb0,0x73,0xd0,0x73,0x8f,0x6b,0xb0,0x73,0xb0,0x73,0x8f,0x6b,0x6f,0x6b,
    0x8f,0x6b,0x8f,0x6b,0x8f,0x6b,0xb0,0x73,0x4e,0x63,0x8f,0x6b,0x8f,0x6b,0x6f,0x6b,
    0x4e,0x6b,0x6e,0x6b,0x6e,0x6b,0x6f,0x6b,0x4e,0x63,0x4e,0x6b,0x2d,0x63,0x4e,0x63,
    0x2d,0x63,0x2d,0x63,0x2d,0x63,0xec,0x5a,0x66,0x21,0xc3,0x10,0x66,0x21,0x45,0x21,
    0x25,0x19,0x87,0x29,0x04,0x19,0x86,0x29,0x25,0x19,0x66,0x21,0x66,0x21,0x46,0x21,
    0xa7,0x29,0x45,0x21,0xc7,0x31,0x66,0x21,0xa8,0x31,0xe8,0x31,0x67,0x29,0x26,0x19,
    0x25,0x19,0x26,0x21,0x26,0x21,0x46,0x21,0x26,0x19,0x26,0x19,0x46,0x21,0x46,0x21,
    0x46,0x21,0x46,0x21,0x46,0x21,0x46,0x21,0x46,0x21,0x46,0x21,0x46,0x21,0x46,0x21,
    0x46,0x21,0x46,0x21,0x46,0x21,0x46,0x21,0x46,0x21,0x67,0x21,0x46,0x21,0x46,0x21,
    0x46,0x21,0x46,0x21,0x46,0x21,0x46,0x21,0x46,0x21,0x87,0x29,0x87,0x29,0xa8,0x29,
    0xc9,0x31,0x09,0x3a,0x2a,0x3a,0x6b,0x42,0x8b,0x4a,0x8b,0x4a,0xcc,0x52,0x2e,0x63,
    0x4e,0x63,0x8f,0x6b,0xd0,0x73,0xd0,0x73,0xd0,0x73,0xf1,0x73,0xf0,0x73,0xd0,0x73,
    0x11,0x7c,0xf0,0x73,0x8f,0x6b,0x8f,0x6b,0x6f,0x63,0x6f,0x6b,0x0d,0x5b,0x4e,0x63,
    0xcc,0x52,0x0d,0x5b,0xcc,0x52,0xed,0x5a,0x6b,0x4a,0xcc,0x52,0x2a,0x42,0xac,0x52,
    0x6b,0x4a,0xac,0x52,0x6b,0x4a,0xed,0x5a,0x8b,0x4a,0xcc,0x52,0xed,0x5a,0xcc,0x52,
    0xac,0x52,0xcc,0x52,0xed,0x5a,0xed,0x5a,0xcc,0x52,0x0d,0x5b,0xcc,0x52,0xcc,0x52,
    0x2e,0x63,0x0d,0x5b,0xcc,0x52,0xed,0x5a,0x0d,0x5b,0xcc,0x52,0x2e,0x63,0xed,0x5a,
    0x0d,0x5b,0xed,0x5a,0x0d,0x5b,0x0d,0x5b,0x0d,0x5b,0x0d,0x5b,0x4e,0x63,0xac,0x52,
    0x8f,0x6b,0xed,0x5a,0x4e,0x63,0x0d,0x5b,0x2e,0x63,0x2e,0x63,0x2e,0x63,0x6f,0x6b,
    0x2e,0x63,0x6f,0x6b,0x4e,0x63,0x8f,0x6b,0xaf,0x6b,0x6e,0x63,0x8f,0x6b,0x8f,0x6b,
    0x8f,0x6b,0xaf,0x6b,0x6f,0x63,0xb0,0x73,0x6f,0x6b,0x8f,0x6b,0xb0,0x73,0x6f,0x6b,
    0xd0,0x73,0xaf,0x73,0xaf,0x73,0xb0,0x73,0x8f,0x6b,0x8f,0x6b,0x8f,0x6b,0x8f,0x6b,
    0xb0,0x73,0xaf,0x73,0xb0,0x73,0xb0,0x73,0xb0,0x73,0xd0,0x73,0xd0,0x73,0x8f,0x6b,
    0xb0,0x73,0xb0,0x73,0x8f,0x6b,0x6f,0x6b,0xaf,0x73,0x8f,0x6b,0xaf,0x73,0xb0,0x73,
    0x4e,0x63,0xaf,0x73,0x8f,0x6b,0x8f,0x6b,0x4e,0x6b,0x6e,0x6b,0x6e,0x6b,0x8f,0x6b,
    0x4e,0x6b,0x6e,0x6b,0x2d,0x63,0x4e,0x63,0x2d,0x63,0x2d,0x63,0x2d,0x63,0x0d,0x5b,
    0x66,0x21,0xc3,0x10,0x66,0x21,0x45,0x21,0x25,0x19,0x87,0x29,0x04,0x19,0x87,0x29,
    0x25,0x19,0x66,0x21,0x66,0x21,0x46,0x21,0xa7,0x29,0x45,0x21,0xc7,0x31,0x66,0x21,
    0xa8,0x29,0xe8,0x31,0x87,0x29,0x26,0x21,0x25,0x19,0x26,0x19,0x25,0x19,0x26,0x19,
    0x46,0x21,0x26,0x19,0x46,0x21,0x46,0x21,0x46,0x21,0x46,0x21,0x46,0x21,0x46,0x21,
    0x46,0x21,0x46,0x21,0x46,0x21,0x67,0x21,0x46,0x21,0x66,0x21,0x66,0x21,0x67,0x21,
    0x67,0x29,0x67,0x29,0x67,0x21,0x67,0x21,0x67,0x21,0x46,0x21,0x67,0x29,0x67,0x21,
    0x67,0x21,0x67,0x21,0x67,0x21,0x67,0x21,0x67,0x21,0x67,0x21,0x67,0x21,0x67,0x21,
    0x67,0x21,0x67,0x21,0x67,0x21,0x87,0x29,0x67,0x29,0xa8,0x29,0xc8,0x31,0xe9,0x39,
    0x09,0x3a,0x6b,0x42,0x8b,0x4a,0xac,0x52,0x0d,0x5b,0x0d,0x5b,0x4e,0x63,0x6e,0x63,
    0x6f,0x6b,0xb0,0x73,0xb0,0x6b,0xf1,0x7b,0xd0,0x73,0xd0,0x73,0xd0,0x73,0xf1,0x7b,
    0x8f,0x6b,0xb0,0x73,0x2e,0x63,0x8f,0x6b,0x2e,0x63,0x4e,0x63,0xed,0x5a,0x0d,0x5b,
    0xac,0x52,0xac,0x52,0xcc,0x52,0xcc,0x52,0xac,0x52,0xcc,0x52,0xed,0x5a,0xac,0x52,
    0xac,0x52,0xed,0x5a,0xcc,0x52,0xcc,0x52,0x0d,0x5b,0x2e,0x63,0xed,0x5a,0xed,0x5a,
    0x2e,0x63,0xcc,0x52,0x2e,0x63,0x0d,0x5b,0x2e,0x63,0x0d,0x5b,0x0d,0x5b,0x2e,0x63,
    0x2e,0x63,0x2e,0x63,0x4e,0x63,0xac,0x52,0x8f,0x6b,0xed,0x5a,0x4e,0x63,0x0d,0x5b,
    0x2e,0x63,0x2e,0x63,0x2e,0x63,0x6f,0x6b,0x4e,0x63,0x6f,0x6b,0x4e,0x63,0x8f,0x6b,
    0xb0,0x6b,0x6f,0x63,0x8f,0x6b,0x8f,0x6b,0x8f,0x6b,0x8f,0x6b,0x6f,0x63,0xb0,0x6b,
    0x6f,0x6b,0x8f,0x6b,0xb0,0x73,0x8f,0x6b,0xd0,0x73,0xaf,0x73,0xaf,0x73,0xb0,0x73,
    0x8f,0x6b,0x8f,0x6b,0x8f,0x6b,0x8f,0x6b,0xd0,0x73,0xb0,0x73,0xb0,0x73,0xb0,0x73,
    0xb0,0x73,0xd0,0x73,0xd0,0x73,0x8f,0x6b,0xb0,0x73,0xb0,0x73,0x8f,0x6b,0x6f,0x6b,
    0xaf,0x73,0x8f,0x6b,0xaf,0x73,0xb0,0x73,0x4e,0x63,0xaf,0x73,0x8f,0x6b,0x8f,0x6b,
    0x4e,0x6b,0x6e,0x6b,0x8f,0x6b,0x8f,0x6b,0x6e,0x6b,0x6e,0x6b,0x2d,0x63,0x4e,0x63,
    0x4d,0x63,0x4d,0x63,0x4d,0x63,0x2d,0x63,0x86,0x21,0xc3,0x10,0x66,0x21,0x45,0x21,
    0x25,0x19,0xa7,0x29,0x04,0x19,0x87,0x29,0x45,0x21,0x66,0x21,0x66,0x21,0x46,0x21,
    0xa7,0x29,0x45,0x19,0xc7,0x29,0x66,0x21,0xc8,0x31,0xe8,0x31,0x87,0x29,0x46,0x21,
    0x25,0x19,0x26,0x21,0x26,0x21,0x26,0x19,0x26,0x19,0x46,0x21,0x46,0x21,0x46,0x21,
    0x46,0x21,0x46,0x21,0x46,0x21,0x46,0x21,0x66,0x21,0x46,0x21,0x66,0x21,0x66,0x21,
    0x46,0x21,0x46,0x21,0x66,0x21,0x67,0x21,0x67,0x21,0x67,0x21,0x67,0x21,0x46,0x21,
    0x67,0x21,0x67,0x21,0x67,0x29,0x67,0x21,0x67,0x29,0x87,0x29,0x87,0x29,0x87,0x29,
    0xa8,0x29,0x87,0x29,0x88,0x29,0x88,0x29,0xa7,0x29,0x87,0x29,0x87,0x29,0x87,0x29,
    0x87,0x29,0x87,0x29,0xa7,0x29,0xa8,0x29,0x87,0x29,0xa8,0x29,0x87,0x29,0x87,0x29,
    0x87,0x29,0xa8,0x31,0xc8,0x31,0xc8,0x31,0xe9,0x31,0x29,0x3a,0x2a,0x3a,0x4a,0x42,
    0x6b,0x4a,0xab,0x4a,0xac,0x52,0xcc,0x52,0x0d,0x5b,0x6f,0x63,0x6f,0x63,0xb0,0x6b,
    0xb0,0x73,0x11,0x7c,0x11,0x7c,0x32,0x7c,0xf1,0x7b,0xf1,0x7b,0xf1,0x7b,0xd0,0x73,
    0xb0,0x73,0xd0,0x73,0x8f,0x6b,0x4e,0x63,0x2e,0x63,0x4e,0x63,0x0d,0x5b,0x0d,0x5b,
    0x0d,0x5b,0x2e,0x63,0xed,0x5a,0xed,0x5a,0x2e,0x63,0xac,0x52,0x2e,0x63,0xcc,0x52,
    0x2e,0x63,0x0d,0x5b,0x2e,0x63,0x2e,0x63,0x0d,0x5b,0x2e,0x63,0x2e,0x63,0xac,0x52,
    0x8f,0x6b,0xed,0x5a,0x4e,0x63,0x0d,0x63,0x2e,0x63,0x4e,0x63,0x2e,0x63,0x6f,0x6b,
    0x4e,0x63,0x6f,0x6b,0x6f,0x6b,0x6f,0x6b,0xb0,0x73,0x6e,0x63,0x8f,0x6b,0x8f,0x6b,
    0x8f,0x6b,0x8f,0x6b,0x6f,0x6b,0x8f,0x6b,0x6f,0x6b,0x6f,0x6b,0xaf,0x73,0x8f,0x6b,
    0xd0,0x73,0xaf,0x73,0x8f,0x6b,0xaf,0x73,0x8f,0x6b,0x6f,0x6b,0x6f,0x6b,0xb0,0x73,
    0xb0,0x73,0xaf,0x73,0xb0,0x73,0xb0,0x73,0xb0,0x73,0xb0,0x73,0xd0,0x73,0xb0,0x73,
    0xb0,0x73,0xb0,0x73,0xb0,0x73,0x6f,0x6b,0x8f,0x6b,0x8f,0x6b,0x8f,0x6b,0xb0,0x73,
    0x6e,0x6b,0xaf,0x73,0x8f,0x6b,0x8f,0x6b,0x8f,0x6b,0x6f,0x6b,0x8f,0x6b,0x8f,0x6b,
    0x6e,0x6b,0x6e,0x6b,0x2e,0x63,0x6e,0x6b,0x4e,0x63,0x4e,0x63,0x4e,0x63,0x2d,0x63,
    0x86,0x21,0xc4,0x10,0x66,0x21,0x45,0x21,0x25,0x19,0xc7,0x31,0xe4,0x18,0x66,0x29,
    0x45,0x19,0x66,0x21,0x66,0x21,0x45,0x21,0xa7,0x29,0x45,0x19,0xc7,0x29,0x66,0x21,
    0xa8,0x29,0xe8,0x31,0x87,0x29,0x46,0x19,0x26,0x19,0x46,0x21,0x46,0x21,0x46,0x21,
    0x46,0x21,0x46,0x21,0x46,0x21,0x46,0x21,0x46,0x21,0x46,0x21,0x46,0x21,0x46,0x21,
    0x66,0x21,0x66,0x21,0x66,0x21,0x66,0x21,0x46,0x21,0x66,0x21,0x67,0x21,0x67,0x21,
    0x67,0x21,0x67,0x21,0x67,0x21,0x67,0x21,0x67,0x21,0x67,0x21,0x67,0x21,0x87,0x29,
    0x87,0x29,0x87,0x29,0x87,0x29,0x87,0x29,0x87,0x29,0x87,0x29,0x87,0x29,0x87,0x29,
    0x87,0x29,0xa7,0x29,0xa7,0x29,0xa7,0x29,0xa7,0x29,0xa8,0x29,0xc8,0x29,0xc8,0x29,
    0xa8,0x29,0xa8,0x29,0xa8,0x31,0xc8,0x31,0xa8,0x29,0xc8,0x31,0xc8,0x31,0xc8,0x31,
    0xa8,0x29,0xa8,0x29,0xa8,0x29,0x87,0x29,0xa8,0x29,0xa8,0x29,0xa8,0x29,0xa8,0x29,
    0xc8,0x29,0xe9,0x31,0x09,0x32,0x09,0x3a,0x09,0x32,0x2a,0x3a,0x6b,0x42,0xac,0x4a,
    0xcd,0x52,0x2e,0x5b,0x6f,0x6b,0x90,0x6b,0x90,0x6b,0xf1,0x7b,0xf1,0x7b,0xf1,0x7b,
    0x32,0x84,0x32,0x84,0x12,0x7c,0x12,0x7c,0x11,0x7c,0x12,0x7c,0xb0,0x73,0x90,0x6b,
    0xb0,0x73,0x4e,0x6b,0x8f,0x6b,0x4e,0x63,0x4e,0x63,0x2e,0x63,0x2e,0x63,0x4e,0x63,
    0x2e,0x63,0x2e,0x63,0x0d,0x63,0xac,0x52,0x6f,0x6b,0xcc,0x5a,0x2e,0x63,0xed,0x5a,
    0x2e,0x63,0x2e,0x63,0x2e,0x63,0x4e,0x63,0x4e,0x63,0x8f,0x6b,0x8f,0x6b,0x8f,0x6b,
    0xaf,0x73,0x4e,0x6b,0x8f,0x6b,0x8f,0x6b,0x8f,0x6b,0xaf,0x6b,0x8f,0x6b,0x8f,0x6b,
    0x8f,0x6b,0x8f,0x6b,0xb0,0x73,0x8f,0x6b,0xd0,0x73,0xaf,0x6b,0x8f,0x6b,0xaf,0x6b,
    0x8f,0x73,0x8f,0x6b,0x6f,0x6b,0x8f,0x6b,0xaf,0x73,0x8f,0x6b,0xaf,0x73,0xaf,0x73,
    0x8f,0x6b,0xb0,0x73,0xd0,0x73,0xb0,0x73,0xb0,0x73,0xb0,0x73,0xb0,0x73,0x6f,0x6b,
    0x8f,0x6b,0x8f,0x6b,0x8f,0x6b,0xaf,0x73,0x6f,0x6b,0xaf,0x73,0x8f,0x6b,0x8f,0x6b,
    0x8f,0x6b,0x6f,0x6b,0x8f,0x6b,0x8f,0x6b,0x6f,0x6b,0x6f,0x6b,0x4e,0x63,0x6f,0x6b,
    0x4e,0x6b,0x4e,0x63,0x4e,0x63,0x2d,0x63,0x86,0x21,0xc4,0x10,0x66,0x21,0x46,0x21,
    0x25,0x19,0xc7,0x31,0x04,0x19,0x66,0x21,0x25,0x19,0x45,0x19,0x46,0x21,0x25,0x19,
    0x87,0x29,0x45,0x19,0xa7,0x29,0x46,0x21,0xa8,0x29,0xe8,0x31,0x87,0x21,0x26,0x19,
    0x25,0x19,0x46,0x19,0x46,0x19,0x46,0x21,0x46,0x21,0x46,0x21,0x46,0x21,0x46,0x21,
    0x66,0x21,0x66,0x21,0x66,0x21,0x66,0x21,0x66,0x21,0x66,0x21,0x66,0x21,0x66,0x21,
    0x66,0x21,0x66,0x21,0x66,0x21,0x66,0x21,0x66,0x21,0x66,0x21,0x66,0x21,0x66,0x21,
    0x67,0x21,0x87,0x21,0x67,0x21,0x87,0x21,0x87,0x29,0x87,0x29,0x87,0x29,0x87,0x29,
    0x87,0x29,0x87,0x29,0x87,0x29,0x87,0x29,0xa7,0x29,0xa7,0x29,0xa7,0x29,0xa7,0x29,
    0xa7,0x29,0xc8,0x29,0xc8,0x29,0xc8,0x29,0xa8,0x29,0xa8,0x29,0xa8,0x29,0xa8,0x29,
    0xa8,0x29,0xa8,0x29,0xc8,0x31,0xc8,0x31,0xc8,0x29,0xc8,0x29,0xc8,0x29,0xe9,0x31,
    0xe9,0x31,0xe9,0x31,0xe9,0x31,0xe9,0x31,0xe9,0x31,0xc8,0x29,0xc8,0x29,0xc8,0x29,
    0xa8,0x29,0xa8,0x29,0xa8,0x29,0xa8,0x29,0xe9,0x31,0xe9,0x31,0xe9,0x31,0xa8,0x31,
    0xc9,0x31,0x2a,0x3a,0x2a,0x42,0x4a,0x42,0x6b,0x4a,0xac,0x52,0xcd,0x52,0x0e,0x5b,
    0x4f,0x63,0x8f,0x6b,0x90,0x73,0xd1,0x73,0x11,0x7c,0x11,0x7c,0x32,0x84,0x52,0x84,
    0x32,0x84,0x31,0x84,0x32,0x84,0x52,0x84,0x11,0x7c,0x11,0x7c,0xd0,0x73,0x8f,0x6b,
    0xf0,0x7b,0x2e,0x63,0x8f,0x6b,0x4e,0x63,0x4e,0x63,0x4e,0x63,0x4e,0x63,0x2e,0x63,
    0x0d,0x5b,0x4e,0x63,0x4e,0x63,0x4e,0x63,0x8f,0x6b,0x6f,0x6b,0xb0,0x73,0xb0,0x73,
    0x8f,0x6b,0xaf,0x6b,0xaf,0x6b,0xaf,0x6b,0x8f,0x6b,0x8f,0x6b,0xb0,0x73,0xb0,0x73,
    0xd0,0x73,0xb0,0x73,0xb0,0x73,0xb0,0x6b,0x8f,0x6b,0x8f,0x6b,0x8f,0x6b,0x8f,0x6b,
    0xb0,0x73,0xaf,0x73,0xaf,0x73,0xaf,0x73,0xaf,0x73,0xb0,0x73,0xb0,0x73,0x8f,0x6b,
    0x8f,0x6b,0xb0,0x73,0xb0,0x73,0x6f,0x6b,0x8f,0x6b,0x8f,0x6b,0x8f,0x6b,0xaf,0x73,
    0x6f,0x6b,0x8f,0x6b,0x8f,0x6b,0x8f,0x6b,0x6f,0x6b,0x6f,0x6b,0xb0,0x73,0xaf,0x73,
    0x4e,0x63,0x8f,0x6b,0x6e,0x6b,0x6f,0x6b,0x6e,0x6b,0x4e,0x6b,0x6e,0x6b,0x2e,0x63,
    0x86,0x29,0xe4,0x10,0x66,0x21,0x66,0x21,0x05,0x19,0xa7,0x29,0x04,0x19,0x46,0x21,
    0x25,0x19,0x25,0x19,0x25,0x19,0xe4,0x10,0x46,0x21,0x25,0x19,0x86,0x21,0x25,0x19,
    0xa8,0x29,0xc8,0x31,0x87,0x21,0x46,0x21,0x26,0x19,0x46,0x21,0x46,0x21,0x46,0x21,
    0x46,0x21,0x46,0x21,0x66,0x21,0x66,0x21,0x66,0x21,0x66,0x21,0x66,0x21,0x66,0x21,
    0x66,0x21,0x66,0x21,0x66,0x21,0x66,0x21,0x66,0x21,0x66,0x21,0x66,0x21,0x66,0x21,
    0x66,0x21,0x67,0x21,0x67,0x21,0x66,0x21,0x67,0x21,0x87,0x21,0x87,0x21,0x87,0x21,
    0x87,0x29,0x87,0x29,0x87,0x29,0x87,0x29,0x87,0x29,0x87,0x29,0xa7,0x29,0xa7,0x29,
    0xa7,0x29,0xa7,0x29,0xa7,0x29,0xa7,0x29,0xc8,0x29,0xc8,0x29,0xc8,0x29,0xc8,0x29,
    0xa8,0x29,0xa8,0x29,0xa8,0x29,0xa8,0x29,0xc8,0x29,0xc8,0x29,0xa8,0x29,0xa8,0x29,
    0xc8,0x29,0xc8,0x29,0xc8,0x29,0xc8,0x29,0xc8,0x29,0xc8,0x29,0xc8,0x29,0xc8,0x29,
    0xe9,0x31,0xe9,0x31,0xe9,0x31,0xe9,0x31,0xe9,0x31,0xe9,0x31,0xc8,0x29,0xc8,0x29,
    0xc8,0x29,0xe9,0x31,0xe9,0x31,0xc8,0x31,0xc8,0x31,0xc9,0x31,0xa8,0x31,0xa8,0x31,
    0xc8,0x31,0xc9,0x31,0xa8,0x31,0xc9,0x31,0xe9,0x31,0xc9,0x31,0xe9,0x39,0x09,0x3a,
    0x29,0x3a,0x4a,0x42,0x8b,0x42,0xcc,0x52,0x0d,0x5b,0x2d,0x5b,0x4e,0x63,0x8f,0x6b,
    0xb0,0x73,0xf1,0x73,0x11,0x7c,0x32,0x84,0x93,0x8c,0x32,0x84,0x73,0x8c,0x32,0x84,
    0x52,0x84,0x52,0x84,0x52,0x84,0x32,0x84,0xf1,0x7b,0xf1,0x7b,0xf1,0x7b,0xb0,0x73,
    0xb0,0x73,0x8f,0x6b,0xb0,0x73,0x8f,0x6b,0x8f,0x6b,0x8f,0x6b,0x8f,0x6b,0x8f,0x6b,
    0x6f,0x6b,0x6f,0x6b,0x8f,0x6b,0x8f,0x6b,0xb0,0x73,0xb0,0x73,0xb0,0x73,0x8f,0x6b,
    0x8f,0x6b,0x8f,0x6b,0xb0,0x6b,0xb0,0x6b,0xd0,0x73,0xb0,0x73,0xb0,0x6b,0xb0,0x73,
    0xb0,0x73,0xb0,0x6b,0xb0,0x6b,0x8f,0x6b,0x8f,0x6b,0xb0,0x6b,0xb0,0x73,0x6f,0x6b,
    0x8f,0x6b,0x8f,0x6b,0x8f,0x6b,0xb0,0x73,0x6f,0x6b,0xaf,0x73,0x8f,0x6b,0x8f,0x6b,
    0x6f,0x6b,0x6f,0x6b,0xb0,0x73,0xaf,0x73,0x4e,0x63,0x8f,0x6b,0x6f,0x6b,0x8f,0x6b,
    0x6e,0x6b,0x6e,0x6b,0x6e,0x6b,0x4e,0x63,0xa7,0x29,0xe4,0x10,0x66,0x21,0x66,0x21,
    0x04,0x19,0x87,0x29,0xe4,0x10,0x25,0x19,0x04,0x19,0xe4,0x10,0xe4,0x10,0xc4,0x10,
    0x25,0x19,0xe4,0x10,0x25,0x19,0x05,0x19,0x87,0x29,0xa7,0x29,0x67,0x21,0x66,0x21,
    0x46,0x19,0x46,0x21,0x46,0x21,0x46,0x21,0x46,0x21,0x46,0x21,0x66,0x21,0x66,0x21,
    0x66,0x21,0x66,0x21,0x66,0x21,0x66,0x21,0x67,0x21,0x67,0x21,0x67,0x21,0x67,0x21,
    0x67,0x21,0x67,0x21,0x67,0x21,0x67,0x21,0x67,0x21,0x67,0x21,0x67,0x21,0x67,0x21,
    0x67,0x21,0x87,0x29,0x87,0x29,0x87,0x29,0x87,0x29,0x87,0x29,0x87,0x29,0x87,0x29,
    0x87,0x29,0x87,0x29,0x87,0x29,0x87,0x29,0xa7,0x29,0xa8,0x29,0xa8,0x29,0xa8,0x29,
    0xa8,0x29,0xa8,0x29,0xa8,0x29,0xa8,0x29,0xa8,0x29,0xa8,0x29,0xa8,0x29,0xa8,0x29,
    0xc8,0x29,0xc8,0x29,0xc8,0x29,0xc8,0x29,0xc8,0x29,0xc8,0x29,0xc8,0x29,0xc8,0x29,
    0xc8,0x29,0xc8,0x29,0xc8,0x29,0xc8,0x29,0xc8,0x29,0xc8,0x29,0xe9,0x31,0xe9,0x31,
    0xc8,0x29,0xc8,0x29,0xc8,0x29,0xc8,0x29,0xe9,0x29,0xe9,0x29,0xe9,0x31,0xe9,0x31,
    0xe9,0x31,0xe9,0x31,0xc9,0x31,0xc8,0x31,0xc9,0x31,0xe9,0x31,0xc9,0x31,0xe9,0x31,
    0x09,0x3a,0xc8,0x31,0xe9,0x31,0xe9,0x31,0xc8,0x31,0xe9,0x31,0xc8,0x29,0x09,0x32,
    0xe9,0x31,0xe9,0x31,0xe9,0x31,0x09,0x32,0x09,0x3a,0x29,0x3a,0x2a,0x3a,0x2a,0x3a,
    0xab,0x4a,0xac,0x4a,0xcc,0x52,0x0d,0x5b,0x2e,0x63,0x6f,0x6b,0x6f,0x6b,0xb0,0x73,
    0xd0,0x73,0xf1,0x7b,0x11,0x7c,0x32,0x84,0x52,0x84,0x32,0x84,0x52,0x84,0x52,0x84,
    0x72,0x84,0x73,0x8c,0x72,0x84,0x31,0x7c,0x32,0x84,0x11,0x7c,0x11,0x7c,0xf1,0x7b,
    0xd0,0x73,0xd0,0x73,0xb0,0x73,0xb0,0x73,0xb0,0x73,0x8f,0x6b,0xb0,0x6b,0x6f,0x6b,
    0xb0,0x6b,0xb0,0x6b,0x8f,0x6b,0xb0,0x6b,0x8f,0x6b,0x8f,0x6b,0xb0,0x6b,0xaf,0x6b,
    0x8f,0x6b,0x8f,0x6b,0xb0,0x6b,0x6f,0x6b,0x8f,0x6b,0x8f,0x73,0x8f,0x73,0xb0,0x73,
    0x6f,0x6b,0xb0,0x73,0x8f,0x6b,0x8f,0x6b,0x6f,0x6b,0x8f,0x6b,0xaf,0x73,0xaf,0x73,
    0x4e,0x63,0x8f,0x6b,0x6f,0x6b,0x8f,0x6b,0x6e,0x6b,0x6e,0x6b,0x6e,0x6b,0x4e,0x63,
    0x87,0x29,0xe4,0x10,0x86,0x21,0x66,0x21,0x04,0x19,0x87,0x29,0xc4,0x10,0xe4,0x10,
    0xc4,0x10,0xa3,0x08,0xa3,0x08,0x83,0x08,0xc4,0x10,0xa3,0x08,0xe4,0x10,0xc4,0x10,
    0x26,0x19,0x66,0x21,0x46,0x21,0x66,0x21,0x46,0x19,0x46,0x21,0x66,0x21,0x66,0x21,
    0x47,0x21,0x47,0x21,0x47,0x21,0x67,0x21,0x67,0x21,0x67,0x21,0x67,0x21,0x67,0x21,
    0x67,0x21,0x67,0x21,0x67,0x21,0x67,0x21,0x67,0x21,0x67,0x21,0x68,0x21,0x68,0x29,
    0x68,0x29,0x68,0x29,0x68,0x29,0x68,0x29,0x88,0x29,0x88,0x29,0x88,0x29,0x88,0x29,
    0x88,0x29,0x88,0x29,0x88,0x29,0x88,0x29,0x88,0x29,0x88,0x29,0x88,0x29,0x88,0x29,
    0x88,0x29,0xa8,0x29,0xa8,0x29,0xa8,0x29,0xa8,0x29,0xa8,0x29,0xa8,0x29,0xa8,0x29,
    0xa8,0x29,0xa8,0x29,0xa8,0x29,0xa8,0x29,0xc8,0x29,0xc8,0x29,0xc8,0x29,0xc8,0x31,
    0xc8,0x29,0xc8,0x29,0xc8,0x29,0xc8,0x29,0xc8,0x29,0xc8,0x29,0xc8,0x29,0xc8,0x29,
    0xc8,0x29,0xc8,0x29,0xe9,0x31,0xe9,0x31,0xc8,0x29,0xc8,0x29,0xc8,0x29,0xc8,0x29,
    0xe9,0x31,0xe8,0x29,0xc8,0x29,0xe9,0x31,0xc9,0x31,0xc9,0x31,0xe9,0x31,0xc8,0x31,
    0xc8,0x31,0xe9,0x31,0xc9,0x31,0xc8,0x31,0xe9,0x31,0xc8,0x31,0xc9,0x31,0xe9,0x31,
    0xe9,0x31,0x0a,0x32,0x0a,0x32,0x0a,0x32,0x0a,0x32,0x0a,0x32,0x0a,0x32,0x0a,0x32,
    0xe9,0x31,0x2a,0x3a,0x09,0x3a,0xe9,0x31,0x09,0x32,0xe9,0x31,0xe9,0x31,0x09,0x3a,
    0x09,0x3a,0x0a,0x3a,0x2a,0x42,0x2a,0x42,0x0a,0x3a,0x2a,0x42,0x4a,0x42,0x4b,0x42,
    0x6b,0x4a,0x8b,0x4a,0x8b,0x4a,0xab,0x4a,0xab,0x4a,0xed,0x52,0x2d,0x5b,0x2d,0x5b,
    0x6e,0x6b,0x6f,0x6b,0xb0,0x73,0xd0,0x73,0x11,0x7c,0x52,0x84,0x52,0x8c,0x93,0x8c,
    0x73,0x8c,0x72,0x8c,0x52,0x84,0x11,0x7c,0x11,0x7c,0x11,0x7c,0xd0,0x73,0xd0,0x73,
    0xd0,0x73,0xaf,0x6b,0xb0,0x73,0xaf,0x6b,0xb0,0x73,0xaf,0x6b,0x8f,0x6b,0x4e,0x63,
    0x8f,0x6b,0x8f,0x6b,0x8f,0x73,0xb0,0x73,0x6f,0x6b,0xb0,0x73,0x8f,0x73,0x8f,0x6b,
    0x8f,0x6b,0xaf,0x6b,0xaf,0x73,0xb0,0x73,0x6e,0x6b,0x8f,0x6b,0x6e,0x6b,0x8f,0x6b,
    0x6e,0x6b,0x6e,0x6b,0x6f,0x6b,0x4e,0x63,0x86,0x29,0xe4,0x10,0x86,0x29,0x66,0x21,
    0xe4,0x10,0x66,0x29,0xc4,0x10,0xc3,0x10,0xa3,0x08,0x42,0x00,0x42,0x00,0x42,0x00,
    0x82,0x08,0x62,0x00,0x83,0x08,0x83,0x08,0xe4,0x10,0x05,0x19,0x25,0x19,0x66,0x21,
    0x46,0x21,0x66,0x21,0x66,0x21,0x66,0x21,0x47,0x21,0x47,0x21,0x47,0x21,0x47,0x21,
    0x67,0x21,0x67,0x21,0x67,0x21,0x67,0x21,0x68,0x21,0x68,0x21,0x68,0x21,0x68,0x21,
    0x68,0x21,0x68,0x21,0x68,0x29,0x68,0x29,0x88,0x29,0x88,0x29,0x88,0x29,0x88,0x29,
    0x88,0x29,0x88,0x29,0x88,0x29,0x88,0x29,0x88,0x29,0x88,0x29,0x88,0x29,0x88,0x29,
    0x88,0x29,0x88,0x29,0x88,0x29,0xa8,0x29,0x88,0x29,0x88,0x29,0x88,0x29,0xa8,0x29,
    0xa9,0x29,0xa9,0x29,0xa9,0x29,0xa9,0x29,0xa8,0x29,0xa8,0x29,0xc8,0x29,0xc8,0x29,
    0xc8,0x31,0xc8,0x29,0xc8,0x29,0xc8,0x29,0xc8,0x29,0xc8,0x29,0xc8,0x29,0xc8,0x29,
    0xc8,0x31,0xc8,0x31,0xc8,0x31,0xc8,0x31,0xe9,0x31,0xe9,0x31,0xc9,0x31,0xc8,0x31,
    0xc8,0x31,0xc8,0x31,0xc8,0x31,0xc8,0x31,0xe9,0x31,0xc8,0x29,0xe8,0x29,0xe9,0x31,
    0xe9,0x31,0xe9,0x31,0xe9,0x31,0xc8,0x31,0xc8,0x31,0xe9,0x31,0xe9,0x31,0xe9,0x31,
    0xe9,0x31,0xe9,0x31,0xe9,0x31,0xe9,0x31,0x0a,0x32,0xea,0x31,0x0a,0x32,0x0a,0x32,
    0x0a,0x32,0x0a,0x32,0x0a,0x32,0x0a,0x32,0xe9,0x31,0x2a,0x3a,0x2a,0x3a,0x09,0x32,
    0x0a,0x32,0x0a,0x32,0x2a,0x3a,0x2a,0x3a,0x2a,0x3a,0x0a,0x3a,0x0a,0x3a,0x0a,0x3a,
    0xe9,0x31,0xe9,0x31,0xc8,0x31,0xa8,0x29,0x87,0x29,0x46,0x21,0x05,0x19,0xe5,0x10,
    0x83,0x08,0x83,0x08,0x83,0x08,0x62,0x08,0x62,0x08,0x83,0x10,0xa3,0x10,0xc4,0x18,
    0xe4,0x18,0x46,0x29,0x87,0x31,0xa7,0x31,0xe8,0x39,0x4a,0x42,0xcc,0x52,0x4d,0x63,
    0xaf,0x73,0xcf,0x73,0xcf,0x73,0x11,0x7c,0x52,0x84,0x52,0x84,0x52,0x84,0x52,0x84,
    0x32,0x84,0x11,0x7c,0x11,0x7c,0xd0,0x73,0xf1,0x7b,0xd0,0x73,0xb0,0x73,0xb0,0x73,
    0x6f,0x6b,0x8f,0x73,0x8f,0x6b,0x8f,0x6b,0x6e,0x6b,0x8f,0x6b,0xaf,0x73,0xaf,0x73,
    0x8f,0x6b,0x8f,0x6b,0x6f,0x6b,0xb0,0x73,0x6f,0x6b,0x6e,0x6b,0x8f,0x6b,0x4e,0x63,
    0xa7,0x29,0xe4,0x10,0x86,0x21,0x66,0x21,0xe4,0x10,0x66,0x21,0xc3,0x10,0xa3,0x08,
    0x82,0x08,0x21,0x00,0x41,0x00,0x41,0x00,0x41,0x00,0x41,0x00,0x62,0x00,0x62,0x08,
    0xa3,0x08,0x83,0x08,0xe4,0x10,0x66,0x21,0x46,0x21,0x66,0x21,0x66,0x19,0x67,0x21,
    0x47,0x21,0x47,0x21,0x47,0x21,0x67,0x21,0x67,0x21,0x67,0x21,0x67,0x21,0x67,0x21,
    0x67,0x21,0x67,0x21,0x67,0x21,0x67,0x21,0x67,0x21,0x67,0x21,0x67,0x21,0x67,0x29,
    0x88,0x29,0x88,0x29,0x88,0x29,0x88,0x29,0x88,0x29,0x88,0x29,0x88,0x29,0x88,0x29,
    0x88,0x29,0x88,0x29,0x88,0x29,0x88,0x29,0x88,0x29,0x88,0x29,0x88,0x29,0x88,0x29,
    0x88,0x29,0x88,0x29,0xa8,0x29,0xa8,0x29,0xa8,0x29,0xa8,0x29,0xa8,0x29,0xa8,0x29,
    0xa8,0x29,0xc8,0x29,0xc8,0x31,0xc8,0x31,0xc8,0x31,0xa8,0x29,0xa8,0x29,0xc8,0x31,
    0xc8,0x31,0xc8,0x31,0xc8,0x31,0xc8,0x31,0xc9,0x31,0xc8,0x31,0xc8,0x31,0xc8,0x31,
    0xc8,0x31,0xc9,0x31,0xc9,0x31,0xc9,0x31,0xc8,0x31,0xc8,0x31,0xc8,0x31,0xc8,0x31,
    0xe9,0x31,0xe9,0x31,0xe9,0x31,0xe9,0x31,0xe9,0x31,0xe9,0x31,0xe9,0x31,0xe9,0x31,
    0xe9,0x31,0xe9,0x31,0xe9,0x31,0xe9,0x31,0x09,0x32,0x09,0x32,0xe9,0x31,0xe9,0x31,
    0xe9,0x31,0xe9,0x31,0x09,0x32,0x09,0x32,0x09,0x32,0x0a,0x32,0x0a,0x32,0x0a,0x32,
    0x09,0x32,0x2a,0x32,0x2a,0x32,0x09,0x32,0x0a,0x32,0x09,0x32,0x09,0x32,0x09,0x32,
    0x09,0x3a,0x09,0x3a,0x09,0x3a,0x09,0x3a,0x09,0x3a,0xe9,0x31,0xe9,0x31,0xc8,0x31,
    0xa8,0x29,0x67,0x21,0x46,0x21,0x05,0x11,0xa4,0x08,0x83,0x08,0x42,0x00,0x21,0x00,
    0x00,0x00,0x00,0x00,0x00,0x00,0x00,0x00,0x00,0x00,0x00,0x00,0x00,0x00,0x00,0x00,
    0x00,0x00,0x00,0x00,0x21,0x00,0x42,0x08,0x62,0x08,0xa3,0x10,0xc3,0x18,0x25,0x21,
    0xc7,0x31,0x09,0x42,0x8a,0x4a,0xec,0x5a,0x2d,0x63,0x6e,0x6b,0xd0,0x73,0x11,0x7c,
    0x11,0x7c,0x11,0x7c,0x31,0x84,0x52,0x84,0x32,0x84,0x52,0x84,0x52,0x84,0x11,0x7c,
    0xf0,0x7b,0xf0,0x73,0xd0,0x73,0xd0,0x73,0xaf,0x73,0x6e,0x6b,0x8f,0x6b,0xb0,0x73,
    0x6e,0x6b,0x6e,0x6b,0x8f,0x6b,0x4e,0x63,0xa7,0x29,0xe4,0x10,0x86,0x29,0x66,0x21,
    0xe4,0x10,0x66,0x21,0xa3,0x10,0x83,0x08,0x62,0x08,0x21,0x00,0x21,0x00,0x21,0x00,
    0x21,0x00,0x21,0x00,0x41,0x00,0x21,0x00,0x61,0x00,0x62,0x00,0xe4,0x10,0x66,0x21,
    0x66,0x21,0x66,0x21,0x66,0x19,0x67,0x21,0x67,0x21,0x67,0x21,0x67,0x21,0x67,0x21,
    0x67,0x21,0x67,0x21,0x67,0x21,0x67,0x21,0x67,0x21,0x67,0x21,0x67,0x21,0x67,0x21,
    0x67,0x21,0x67,0x21,0x87,0x29,0x87,0x29,0x87,0x29,0x87,0x29,0x87,0x29,0x87,0x29,
    0x87,0x29,0x87,0x29,0x87,0x29,0x87,0x29,0xa8,0x29,0x88,0x29,0x87,0x29,0x87,0x29,
    0x88,0x29,0xa8,0x29,0xa8,0x29,0xa8,0x29,0xa8,0x29,0xa8,0x29,0xa8,0x29,0xa8,0x29,
    0xa8,0x29,0xa8,0x29,0xa8,0x29,0xa8,0x29,0xa8,0x29,0xa8,0x29,0xc8,0x31,0xc8,0x31,
    0xc8,0x31,0xc8,0x31,0xc8,0x31,0xc8,0x31,0xc8,0x31,0xc8,0x31,0xc8,0x31,0xc8,0x31,
    0xc8,0x31,0xc8,0x31,0xc8,0x31,0xc8,0x31,0xc9,0x31,0xc9,0x31,0xc9,0x31,0xc9,0x31,
    0xc9,0x31,0xc9,0x31,0xc9,0x31,0xc9,0x31,0xe9,0x31,0xe9,0x31,0xe9,0x31,0xe9,0x31,
    0xe9,0x31,0xe9,0x31,0xe9,0x31,0xe9,0x31,0xe9,0x31,0xe9,0x31,0xe9,0x31,0xe9,0x31,
    0xe9,0x31,0x09,0x32,0xe9,0x31,0xe9,0x31,0xe9,0x31,0x09,0x32,0x09,0x32,0x09,0x32,
    0x09,0x32,0x09,0x32,0x29,0x32,0x2a,0x32,0x2a,0x32,0x2a,0x32,0x2a,0x32,0x2a,0x32,
    0x0a,0x32,0x2a,0x32,0x2a,0x32,0x0a,0x32,0x09,0x32,0x09,0x3a,0x09,0x3a,0x09,0x3a,
    0x09,0x3a,0xe9,0x31,0xe9,0x31,0xc8,0x29,0x87,0x29,0x67,0x21,0x46,0x21,0xe5,0x10,
    0xa4,0x08,0x83,0x08,0x62,0x00,0x41,0x00,0x20,0x00,0x20,0x00,0x20,0x00,0x20,0x00,
    0x00,0x00,0x20,0x00,0x20,0x00,0x20,0x00,0x00,0x00,0x00,0x00,0x00,0x00,0x00,0x00,
    0x00,0x00,0x00,0x00,0x00,0x00,0x00,0x00,0x00,0x00,0x00,0x00,0x00,0x00,0x00,0x00,
    0x21,0x00,0x41,0x08,0x62,0x08,0xc3,0x18,0x25,0x21,0x87,0x31,0xe8,0x39,0x6a,0x4a,
    0xab,0x52,0x0c,0x5b,0x8e,0x6b,0xcf,0x73,0xcf,0x73,0xcf,0x73,0x11,0x7c,0x72,0x8c,
    0x11,0x7c,0x8f,0x6b,0x8f,0x6b,0x8f,0x6b,0x6e,0x6b,0x6e,0x6b,0x8f,0x6b,0x2e,0x63,
    0xa7,0x29,0xe4,0x10,0x87,0x29,0x66,0x21,0xe4,0x10,0x66,0x21,0xa3,0x10,0x82,0x08,
    0x42,0x08,0x00,0x00,0x00,0x00,0x00,0x00,0x00,0x00,0x00,0x00,0x00,0x00,0x00,0x00,
    0x20,0x00,0x21,0x00,0xa3,0x08,0x66,0x21,0x67,0x21,0x67,0x21,0x67,0x21,0x66,0x21,
    0x66,0x21,0x66,0x21,0x66,0x21,0x67,0x21,0x67,0x21,0x67,0x21,0x67,0x21,0x67,0x21,
    0x67,0x21,0x67,0x21,0x67,0x21,0x67,0x21,0x67,0x21,0x87,0x21,0x87,0x29,0x87,0x29,
    0x87,0x21,0x87,0x29,0x87,0x29,0x87,0x29,0x87,0x29,0x87,0x29,0x87,0x29,0x87,0x29,
    0x87,0x29,0x87,0x29,0x87,0x29,0x87,0x29,0xa7,0x29,0xa8,0x29,0xa8,0x29,0xa8,0x29,
    0xa8,0x29,0xa8,0x29,0xa8,0x29,0xa8,0x29,0xa8,0x29,0xa8,0x29,0xa8,0x29,0xa8,0x29,
    0xc8,0x31,0xc8,0x31,0xc8,0x31,0xc8,0x31,0xc8,0x31,0xa8,0x29,0xa8,0x29,0xc8,0x31,
    0xc9,0x31,0xc9,0x31,0xc9,0x31,0xc9,0x31,0xc8,0x31,0xc8,0x31,0xc8,0x31,0xc8,0x31,
    0xc9,0x31,0xc9,0x31,0xc9,0x31,0xc9,0x31,0xc9,0x31,0xc9,0x31,0xc9,0x31,0xc9,0x31,
    0xc9,0x31,0xc9,0x31,0xe9,0x31,0xe9,0x31,0xe9,0x31,0xe9,0x31,0xe9,0x31,0xe9,0x31,
    0xe9,0x31,0xe9,0x31,0xe9,0x31,0xe9,0x31,0xe9,0x31,0xe9,0x31,0xe9,0x31,0xe9,0x31,
    0x09,0x32,0x09,0x32,0x09,0x32,0x09,0x32,0x09,0x32,0x29,0x32,0x29,0x32,0x29,0x32,
    0x2a,0x32,0x2a,0x32,0x2a,0x32,0x2a,0x32,0x2a,0x32,0x2a,0x32,0x2a,0x32,0x2a,0x32,
    0x09,0x32,0x09,0x32,0x09,0x32,0x09,0x32,0x09,0x32,0xe9,0x31,0xc9,0x31,0xa8,0x29,
    0xa8,0x29,0x67,0x21,0x26,0x19,0xe4,0x10,0xa3,0x08,0x82,0x08,0x62,0x00,0x21,0x00,
    0x00,0x00,0x00,0x00,0x00,0x00,0x00,0x00,0x00,0x00,0x00,0x00,0x00,0x00,0x00,0x00,
    0x20,0x00,0x20,0x00,0x20,0x00,0x20,0x00,0x20,0x00,0x20,0x00,0x20,0x00,0x20,0x00,
    0x00,0x00,0x00,0x00,0x20,0x00,0x20,0x00,0x00,0x00,0x00,0x00,0x00,0x00,0x00,0x00,
    0x00,0x00,0x00,0x00,0x00,0x00,0x00,0x00,0x00,0x00,0x00,0x00,0x41,0x08,0x82,0x10,
    0xe3,0x18,0x24,0x21,0x86,0x29,0x08,0x3a,0x0d,0x5b,0x6e,0x6b,0x8f,0x6b,0x8f,0x6b,
    0x6f,0x6b,0x6e,0x6b,0x6f,0x6b,0x4e,0x63,0xa7,0x29,0xe4,0x10,0x87,0x29,0x87,0x29,
    0xe4,0x10,0x66,0x21,0xa3,0x08,0x82,0x08,0x41,0x08,0x00,0x00,0x00,0x00,0x00,0x00,
    0x20,0x00,0x20,0x00,0x20,0x00,0x20,0x00,0x20,0x00,0x20,0x00,0x83,0x08,0x46,0x21,
    0x67,0x21,0x67,0x21,0x67,0x21,0x66,0x21,0x66,0x21,0x66,0x21,0x66,0x21,0x67,0x21,
    0x67,0x21,0x67,0x21,0x67,0x21,0x67,0x21,0x67,0x21,0x67,0x21,0x67,0x21,0x87,0x21,
    0x87,0x29,0x87,0x29,0x87,0x29,0x87,0x29,0x87,0x21,0x87,0x29,0x87,0x29,0x87,0x29,
    0x87,0x29,0x87,0x29,0x87,0x29,0x87,0x29,0x87,0x29,0xa7,0x29,0xa8,0x29,0xa8,0x29,
    0xa7,0x29,0xa8,0x29,0xa8,0x29,0xa8,0x29,0xa8,0x29,0xa8,0x29,0xa8,0x29,0xa8,0x29,
    0xa8,0x29,0xa8,0x31,0xa8,0x29,0xc8,0x31,0xc8,0x31,0xc8,0x31,0xc8,0x31,0xc8,0x31,
    0xc8,0x31,0xc8,0x31,0xc8,0x31,0xc8,0x31,0xc9,0x31,0xc9,0x31,0xc9,0x31,0xc9,0x31,
    0xc8,0x31,0xc8,0x31,0xc8,0x31,0xc8,0x31,0xc9,0x31,0xc9,0x31,0xc9,0x31,0xc9,0x31,
    0xc9,0x31,0xc9,0x31,0xc9,0x31,0xe9,0x31,0xe9,0x31,0xe9,0x31,0xe9,0x31,0xe9,0x31,
    0xe9,0x31,0xe9,0x31,0xe9,0x31,0xe9,0x31,0xe9,0x31,0xe9,0x31,0xe9,0x31,0xe9,0x31,
    0xe9,0x31,0xe9,0x31,0xe9,0x31,0xe9,0x31,0x09,0x32,0x09,0x32,0x09,0x32,0x09,0x32,
    0x09,0x32,0x2a,0x32,0x29,0x32,0x29,0x32,0x2a,0x32,0x2a,0x32,0x2a,0x32,0x2a,0x32,
    0x2a,0x32,0x2a,0x32,0x2a,0x32,0x2a,0x32,0x29,0x32,0x29,0x32,0x09,0x32,0x09,0x32,
    0x09,0x32,0xe9,0x31,0xc9,0x31,0xa8,0x29,0x87,0x29,0x67,0x21,0x26,0x19,0xe5,0x10,
    0xa3,0x08,0x82,0x08,0x42,0x08,0x21,0x00,0x00,0x00,0x00,0x00,0x00,0x00,0x00,0x00,
    0x00,0x00,0x20,0x00,0x00,0x00,0x20,0x00,0x20,0x00,0x20,0x00,0x20,0x00,0x20,0x00,
    0x20,0x00,0x00,0x00,0x00,0x00,0x00,0x00,0x00,0x00,0x00,0x00,0x00,0x00,0x00,0x00,
    0x00,0x00,0x00,0x00,0x00,0x00,0x00,0x00,0x20,0x00,0x20,0x00,0x20,0x00,0x20,0x00,
    0x20,0x00,0x00,0x00,0x00,0x00,0x00,0x00,0x00,0x00,0x00,0x00,0x00,0x00,0x21,0x00,
    0x4a,0x42,0xaf,0x6b,0x8f,0x6b,0x6f,0x6b,0x6f,0x6b,0x4e,0x63,0x6f,0x6b,0x4e,0x63,
    0xa7,0x29,0xe4,0x10,0x87,0x29,0x87,0x29,0xe4,0x10,0x66,0x21,0xa3,0x08,0x82,0x08,
    0x41,0x08,0x00,0x00,0x00,0x00,0x00,0x00,0x00,0x00,0x00,0x00,0x00,0x00,0x00,0x00,
    0x20,0x00,0x20,0x00,0x83,0x08,0x46,0x21,0x67,0x21,0x67,0x21,0x67,0x21,0x66,0x21,
    0x67,0x21,0x67,0x21,0x67,0x21,0x67,0x21,0x67,0x21,0x67,0x21,0x67,0x21,0x67,0x21,
    0x67,0x21,0x67,0x21,0x87,0x29,0x87,0x29,0x87,0x29,0x87,0x29,0x87,0x29,0x87,0x29,
    0x87,0x29,0x87,0x29,0x87,0x29,0x87,0x29,0x87,0x29,0x87,0x29,0x87,0x29,0xa8,0x29,
    0xa8,0x29,0xa8,0x29,0xa8,0x29,0xa8,0x29,0xa7,0x29,0xa8,0x29,0xa8,0x29,0xc8,0x31,
    0xa8,0x29,0xa8,0x29,0xc8,0x31,0xc8,0x31,0xc8,0x31,0xc8,0x31,0xc8,0x31,0xc8,0x31,
    0xc8,0x31,0xc8,0x31,0xc9,0x31,0xc9,0x31,0xc8,0x31,0xc8,0x31,0xc8,0x31,0xc8,0x31,
    0xc9,0x31,0xc9,0x31,0xc9,0x31,0xc9,0x31,0xc9,0x31,0xc9,0x31,0xc9,0x31,0xc9,0x31,
    0xc9,0x31,0xc9,0x31,0xc9,0x31,0xc9,0x31,0xc9,0x31,0xc9,0x31,0xe9,0x31,0xe9,0x31,
    0xe9,0x31,0xe9,0x31,0xe9,0x31,0xe9,0x31,0xe9,0x31,0xe9,0x31,0xe9,0x31,0xe9,0x31,
    0xe9,0x31,0xe9,0x31,0xe9,0x31,0xe9,0x31,0xe9,0x31,0xe9,0x31,0xe9,0x31,0x09,0x32,
    0x09,0x32,0x09,0x32,0x0a,0x32,0x0a,0x32,0x2a,0x32,0x2a,0x32,0x2a,0x32,0x2a,0x32,
    0x2a,0x32,0x2a,0x32,0x2a,0x32,0x2a,0x32,0x2a,0x32,0x2a,0x32,0x2a,0x32,0x2a,0x32,
    0x2a,0x32,0x2a,0x32,0x2a,0x32,0x09,0x32,0x09,0x32,0xe9,0x31,0xe9,0x31,0xc8,0x29,
    0x87,0x29,0x67,0x21,0x46,0x19,0x05,0x11,0xa3,0x08,0x82,0x08,0x42,0x08,0x21,0x00,
    0x20,0x00,0x00,0x00,0x00,0x00,0x00,0x00,0x00,0x00,0x00,0x00,0x00,0x00,0x00,0x00,
    0x00,0x00,0x00,0x00,0x00,0x00,0x00,0x00,0x00,0x00,0x00,0x00,0x00,0x00,0x00,0x00,
    0x00,0x00,0x00,0x00,0x00,0x00,0x00,0x00,0x00,0x00,0x00,0x00,0x00,0x00,0x20,0x00,
    0x00,0x00,0x00,0x00,0x00,0x00,0x00,0x00,0x00,0x00,0x00,0x00,0x20,0x00,0x00,0x00,
    0x20,0x00,0x20,0x00,0x20,0x00,0x41,0x00,0x8a,0x4a,0xaf,0x73,0x8f,0x6b,0x6f,0x6b,
    0x6f,0x6b,0x4e,0x63,0x8f,0x6b,0x4e,0x63,0xa7,0x29,0xe4,0x10,0x87,0x29,0x66,0x21,
    0xe4,0x10,0x66,0x21,0xa3,0x08,0x82,0x08,0x41,0x08,0x00,0x00,0x00,0x00,0x00,0x00,
    0x00,0x00,0x00,0x00,0x00,0x00,0x00,0x00,0x00,0x00,0x00,0x00,0x82,0x08,0x46,0x21,
    0x67,0x21,0x67,0x21,0x67,0x21,0x66,0x21,0x67,0x21,0x67,0x21,0x67,0x21,0x67,0x21,
    0x67,0x21,0x67,0x21,0x67,0x21,0x67,0x21,0x87,0x29,0x87,0x29,0x87,0x29,0x87,0x29,
    0x87,0x29,0x87,0x29,0x87,0x29,0x87,0x29,0xa7,0x29,0x87,0x29,0x87,0x29,0x87,0x29,
    0x87,0x29,0x87,0x29,0x87,0x29,0xa8,0x29,0xa8,0x29,0xa8,0x29,0xa8,0x29,0xa8,0x29,
    0xa7,0x29,0xa8,0x29,0xa8,0x29,0xc8,0x31,0xc8,0x31,0xc8,0x31,0xc8,0x31,0xc8,0x31,
    0xc9,0x31,0xc8,0x31,0xc8,0x31,0xc8,0x31,0xc8,0x31,0xc8,0x31,0xc9,0x31,0xc9,0x31,
    0xc8,0x31,0xc8,0x31,0xc8,0x31,0xc8,0x31,0xc9,0x31,0xc9,0x31,0xc9,0x31,0xc9,0x31,
    0xc9,0x31,0xc9,0x31,0xc9,0x31,0xc9,0x31,0xe9,0x31,0xe9,0x31,0xe9,0x31,0xe9,0x31,
    0xe9,0x31,0xe9,0x31,0xe9,0x31,0xe9,0x31,0xe9,0x31,0xe9,0x31,0xe9,0x31,0xe9,0x31,
    0xe9,0x31,0xe9,0x31,0xe9,0x31,0xe9,0x39,0xe9,0x31,0xe9,0x31,0xe9,0x31,0xe9,0x31,
    0xe9,0x31,0xe9,0x31,0x09,0x32,0x0a,0x32,0x0a,0x32,0x2a,0x32,0x2a,0x32,0x2a,0x32,
    0x2a,0x32,0x2a,0x32,0x2a,0x32,0x2a,0x32,0x2a,0x32,0x2a,0x32,0x2a,0x32,0x2a,0x32,
    0x2a,0x3a,0x2a,0x3a,0x2a,0x3a,0x2a,0x3a,0x2a,0x32,0x2a,0x32,0x2a,0x32,0x29,0x32,
    0x09,0x32,0xe9,0x31,0xe9,0x31,0xc8,0x31,0x87,0x29,0x67,0x21,0x26,0x19,0xe5,0x10,
    0xa3,0x08,0x82,0x08,0x42,0x08,0x21,0x00,0x00,0x00,0x00,0x00,0x00,0x00,0x00,0x00,
    0x00,0x00,0x00,0x00,0x00,0x00,0x00,0x00,0x00,0x00,0x00,0x00,0x00,0x00,0x00,0x00,
    0x00,0x00,0x00,0x00,0x00,0x00,0x00,0x00,0x00,0x00,0x00,0x00,0x00,0x00,0x00,0x00,
    0x00,0x00,0x00,0x00,0x00,0x00,0x00,0x00,0x20,0x00,0x00,0x00,0x00,0x00,0x00,0x00,
    0x00,0x00,0x00,0x00,0x00,0x00,0x00,0x00,0x00,0x00,0x20,0x00,0x20,0x00,0x41,0x00,
    0x6a,0x4a,0x8f,0x6b,0xaf,0x73,0x6f,0x6b,0x8f,0x6b,0x4e,0x63,0x8f,0x6b,0x4e,0x63,
    0xa7,0x29,0xe4,0x10,0x87,0x29,0x86,0x21,0xe4,0x10,0x66,0x21,0xa3,0x08,0x82,0x08,
    0x41,0x08,0x00,0x00,0x00,0x00,0x00,0x00,0x00,0x00,0x00,0x00,0x00,0x00,0x00,0x00,
    0x00,0x00,0x00,0x00,0x62,0x08,0x66,0x21,0x67,0x21,0x67,0x21,0x67,0x21,0x67,0x21,
    0x67,0x21,0x67,0x21,0x67,0x21,0x67,0x21,0x87,0x29,0x87,0x29,0x87,0x29,0x87,0x29,
    0x87,0x29,0x87,0x29,0x87,0x29,0x87,0x29,0x87,0x29,0x87,0x29,0x87,0x29,0x87,0x29,
    0xa7,0x29,0x87,0x29,0x87,0x29,0x87,0x29,0x87,0x29,0x87,0x29,0x87,0x29,0xa8,0x29,
    0xa8,0x29,0xa8,0x29,0xa8,0x29,0xa8,0x29,0xa8,0x29,0xa8,0x29,0xc8,0x31,0xc8,0x31,
    0xc8,0x31,0xc8,0x31,0xc8,0x31,0xc8,0x31,0xc8,0x31,0xc8,0x31,0xc8,0x31,0xc8,0x31,
    0xc8,0x31,0xc8,0x31,0xc9,0x31,0xc9,0x31,0xc8,0x31,0xc8,0x31,0xc8,0x31,0xc8,0x31,
    0xc9,0x31,0xc9,0x31,0xc9,0x31,0xc9,0x31,0xc9,0x31,0xc9,0x31,0xc9,0x31,0xc9,0x31,
    0xe9,0x31,0xe9,0x31,0xe9,0x31,0xe9,0x31,0xe9,0x31,0xe9,0x31,0xe9,0x31,0xe9,0x31,
    0xe9,0x31,0xe9,0x31,0xe9,0x31,0xe9,0x31,0xe9,0x31,0xe9,0x31,0xe9,0x31,0xe9,0x39,
    0xe9,0x31,0x09,0x32,0x09,0x32,0x09,0x32,0xe9,0x31,0x09,0x32,0x09,0x32,0x0a,0x32,
    0x0a,0x32,0x2a,0x32,0x2a,0x3a,0x2a,0x3a,0x2a,0x3a,0x2a,0x3a,0x2a,0x3a,0x2a,0x3a,
    0x2a,0x3a,0x2a,0x3a,0x2a,0x3a,0x2a,0x3a,0x2a,0x3a,0x2a,0x3a,0x2a,0x3a,0x2a,0x3a,
    0x2a,0x3a,0x2a,0x3a,0x2a,0x3a,0x2a,0x32,0x09,0x32,0x09,0x32,0xe9,0x31,0xc8,0x31,
    0x88,0x29,0x67,0x21,0x26,0x19,0xe4,0x10,0xa3,0x08,0x82,0x08,0x42,0x08,0x21,0x00,
    0x00,0x00,0x00,0x00,0x00,0x00,0x00,0x00,0x00,0x00,0x00,0x00,0x00,0x00,0x00,0x00,
    0x00,0x00,0x00,0x00,0x00,0x00,0x00,0x00,0x00,0x00,0x00,0x00,0x00,0x00,0x00,0x00,
    0x00,0x00,0x00,0x00,0x00,0x00,0x00,0x00,0x00,0x00,0x00,0x00,0x00,0x00,0x00,0x00,
    0x00,0x00,0x00,0x00,0x00,0x00,0x00,0x00,0x00,0x00,0x00,0x00,0x00,0x00,0x00,0x00,
    0x00,0x00,0x20,0x00,0x00,0x00,0x41,0x00,0x6a,0x4a,0x8f,0x6b,0x8f,0x6b,0x6f,0x6b,
    0x8f,0x6b,0x4e,0x63,0x8f,0x6b,0x6f,0x6b,0xa7,0x29,0xe4,0x10,0x87,0x29,0x87,0x29,
    0xe4,0x10,0x66,0x21,0xa3,0x08,0x82,0x08,0x41,0x08,0x00,0x00,0x00,0x00,0x00,0x00,
    0x00,0x00,0x00,0x00,0x00,0x00,0x00,0x00,0x00,0x00,0x00,0x00,0x62,0x08,0x66,0x21,
    0x67,0x21,0x67,0x21,0x67,0x21,0x67,0x21,0x67,0x21,0x67,0x21,0x67,0x21,0x87,0x29,
    0x87,0x29,0x87,0x29,0x87,0x29,0x87,0x29,0x87,0x29,0x87,0x29,0x87,0x29,0x87,0x29,
    0x87,0x29,0x87,0x29,0x87,0x29,0x87,0x29,0x87,0x29,0x87,0x29,0xa7,0x29,0x87,0x29,
    0xa7,0x29,0x87,0x29,0xa8,0x29,0xa8,0x29,0xa8,0x29,0xa8,0x29,0xa8,0x29,0xa8,0x29,
    0xa8,0x29,0xa8,0x29,0xc8,0x31,0xc8,0x31,0xc8,0x31,0xc8,0x31,0xc8,0x31,0xc8,0x31,
    0xc8,0x31,0xc8,0x31,0xc8,0x31,0xc8,0x31,0xc8,0x31,0xc8,0x31,0xc8,0x31,0xc8,0x31,
    0xc8,0x31,0xc8,0x31,0xc8,0x31,0xc8,0x31,0xc9,0x31,0xc9,0x31,0xc9,0x31,0xc9,0x31,
    0xc9,0x31,0xc9,0x31,0xc9,0x31,0xe9,0x31,0xe9,0x31,0xe9,0x31,0xe9,0x31,0xe9,0x31,
    0xe9,0x31,0xe9,0x31,0xe9,0x31,0xe9,0x31,0xe9,0x31,0xe9,0x31,0xe9,0x31,0xe9,0x31,
    0xe9,0x31,0xe9,0x31,0xe9,0x31,0xe9,0x39,0x0a,0x32,0x0a,0x32,0x0a,0x32,0x0a,0x32,
    0x09,0x32,0x0a,0x32,0x0a,0x32,0x0a,0x32,0x2a,0x32,0x2a,0x32,0x2a,0x3a,0x2a,0x3a,
    0x2a,0x3a,0x2a,0x3a,0x2a,0x3a,0x2a,0x3a,0x2a,0x3a,0x2a,0x3a,0x2a,0x3a,0x2a,0x3a,
    0x2a,0x32,0x2a,0x32,0x2a,0x3a,0x2a,0x3a,0x2a,0x3a,0x2a,0x3a,0x2a,0x3a,0x09,0x32,
    0x09,0x32,0x09,0x32,0xe9,0x31,0xc8,0x31,0x87,0x29,0x67,0x21,0x26,0x19,0xe4,0x10,
    0xc3,0x08,0x82,0x08,0x42,0x08,0x21,0x00,0x20,0x00,0x00,0x00,0x00,0x00,0x00,0x00,
    0x00,0x00,0x00,0x00,0x00,0x00,0x00,0x00,0x00,0x00,0x00,0x00,0x00,0x00,0x00,0x00,
    0x00,0x00,0x00,0x00,0x00,0x00,0x00,0x00,0x00,0x00,0x00,0x00,0x00,0x00,0x00,0x00,
    0x00,0x00,0x00,0x00,0x00,0x00,0x00,0x00,0x00,0x00,0x00,0x00,0x00,0x00,0x00,0x00,
    0x00,0x00,0x00,0x00,0x00,0x00,0x00,0x00,0x00,0x00,0x20,0x00,0x00,0x00,0x41,0x00,
    0x8a,0x4a,0xaf,0x6b,0xb0,0x73,0x6f,0x6b,0x8f,0x6b,0x4e,0x63,0x8f,0x6b,0x8f,0x6b,
    0xc8,0x29,0xe4,0x10,0x87,0x29,0x87,0x29,0xe4,0x10,0x66,0x29,0xa3,0x08,0x82,0x08,
    0x41,0x08,0x00,0x00,0x00,0x00,0x00,0x00,0x00,0x00,0x00,0x00,0x00,0x00,0x00,0x00,
    0x00,0x00,0x00,0x00,0x82,0x08,0x66,0x21,0x67,0x21,0x67,0x21,0x87,0x21,0x67,0x21,
    0x47,0x21,0x67,0x21,0x67,0x21,0x67,0x21,0x87,0x29,0x87,0x29,0x87,0x29,0x87,0x29,
    0x87,0x29,0x87,0x29,0x87,0x29,0x87,0x29,0x87,0x29,0x87,0x29,0x87,0x29,0x88,0x29,
    0x87,0x29,0xa7,0x29,0xa8,0x29,0xa7,0x29,0xa8,0x29,0xa8,0x29,0xa8,0x29,0xa8,0x29,
    0xa8,0x29,0xa8,0x29,0xa8,0x29,0xa8,0x29,0xa8,0x29,0xa8,0x29,0xa8,0x29,0xc8,0x31,
    0xc8,0x31,0xc8,0x31,0xc8,0x31,0xc8,0x31,0xc8,0x31,0xc8,0x31,0xc8,0x31,0xc8,0x31,
    0xc8,0x31,0xc8,0x31,0xc9,0x31,0xc9,0x31,0xc9,0x31,0xc9,0x31,0xc9,0x31,0xc9,0x31,
    0xc9,0x31,0xc9,0x31,0xc9,0x31,0xc9,0x31,0xc9,0x31,0xc9,0x31,0xc9,0x31,0xe9,0x31,
    0xe9,0x31,0xe9,0x31,0xe9,0x31,0xe9,0x31,0xe9,0x31,0xe9,0x31,0xe9,0x31,0xe9,0x31,
    0xe9,0x31,0xe9,0x31,0xe9,0x31,0xe9,0x31,0xe9,0x31,0xe9,0x31,0x09,0x3a,0x0a,0x3a,
    0x0a,0x32,0x0a,0x32,0x0a,0x32,0x0a,0x32,0x0a,0x32,0x0a,0x32,0x0a,0x32,0x0a,0x32,
    0x0a,0x32,0x2a,0x32,0x2a,0x3a,0x2a,0x3a,0x2a,0x3a,0x2a,0x3a,0x2a,0x3a,0x2a,0x3a,
    0x2a,0x3a,0x2a,0x3a,0x2a,0x3a,0x2a,0x3a,0x2a,0x32,0x2a,0x32,0x2a,0x3a,0x2a,0x3a,
    0x2a,0x3a,0x2a,0x3a,0x2a,0x3a,0x09,0x3a,0x09,0x32,0xe9,0x31,0xe9,0x31,0xa8,0x31,
    0x87,0x29,0x67,0x21,0x26,0x19,0x04,0x11,0xc3,0x08,0x82,0x08,0x42,0x08,0x21,0x00,
    0x20,0x00,0x20,0x00,0x00,0x00,0x00,0x00,0x00,0x00,0x00,0x00,0x00,0x00,0x00,0x00,
    0x00,0x00,0x00,0x00,0x00,0x00,0x00,0x00,0x00,0x00,0x00,0x00,0x00,0x00,0x00,0x00,
    0x00,0x00,0x00,0x00,0x00,0x00,0x00,0x00,0x00,0x00,0x00,0x00,0x00,0x00,0x00,0x00,
    0x00,0x00,0x00,0x00,0x00,0x00,0x00,0x00,0x00,0x00,0x00,0x00,0x00,0x00,0x00,0x00,
    0x00,0x00,0x20,0x00,0x00,0x00,0x41,0x00,0x8b,0x4a,0xaf,0x73,0xb0,0x73,0x6f,0x6b,
    0x8f,0x6b,0x6e,0x6b,0x8f,0x6b,0x6f,0x6b,0xc8,0x29,0xe4,0x10,0x87,0x29,0x87,0x29,
    0xe4,0x10,0x66,0x29,0xc3,0x10,0x82,0x08,0x41,0x08,0x00,0x00,0x00,0x00,0x00,0x00,
    0x00,0x00,0x00,0x00,0x00,0x00,0x00,0x00,0x00,0x00,0x00,0x00,0x82,0x08,0x66,0x21,
    0x87,0x21,0x67,0x21,0x87,0x21,0x67,0x21,0x67,0x21,0x67,0x21,0x67,0x21,0x67,0x21,
    0x67,0x29,0x67,0x29,0x67,0x29,0x67,0x29,0x87,0x29,0x87,0x29,0x87,0x29,0x87,0x29,
    0x87,0x29,0x87,0x29,0x87,0x29,0x87,0x29,0x87,0x29,0xa7,0x29,0xa8,0x29,0xa7,0x29,
    0xa8,0x29,0xa8,0x29,0xa8,0x29,0x87,0x29,0xa8,0x29,0xa8,0x29,0xa8,0x29,0xa8,0x29,
    0xa8,0x29,0xa8,0x29,0xa8,0x29,0xc8,0x31,0xc8,0x31,0xc9,0x31,0xc9,0x31,0xc9,0x31,
    0xc9,0x31,0xc9,0x31,0xc9,0x31,0xc9,0x31,0xc9,0x31,0xc9,0x31,0xc9,0x31,0xc9,0x31,
    0xc9,0x31,0xc9,0x31,0xc9,0x31,0xc9,0x31,0xc9,0x31,0xc9,0x31,0xc9,0x31,0xc9,0x31,
    0xc9,0x31,0xc9,0x31,0xe9,0x31,0xe9,0x31,0xe9,0x31,0xe9,0x31,0xe9,0x31,0xe9,0x31,
    0xe9,0x31,0xe9,0x31,0xe9,0x31,0xe9,0x31,0xe9,0x31,0xe9,0x31,0xe9,0x31,0xe9,0x31,
    0xe9,0x31,0xe9,0x39,0x09,0x32,0x0a,0x32,0x0a,0x32,0x0a,0x32,0x0a,0x32,0x0a,0x32,
    0x0a,0x32,0x0a,0x32,0x0a,0x32,0x0a,0x32,0x0a,0x32,0x2a,0x32,0x2a,0x3a,0x2a,0x3a,
    0x2a,0x3a,0x2a,0x3a,0x2a,0x3a,0x2a,0x3a,0x2a,0x3a,0x2a,0x3a,0x2a,0x3a,0x2a,0x3a,
    0x2a,0x32,0x2a,0x32,0x2a,0x3a,0x2a,0x3a,0x2a,0x3a,0x2a,0x3a,0x2a,0x3a,0x09,0x3a,
    0xe9,0x31,0xe9,0x39,0xe9,0x31,0xa8,0x31,0x67,0x29,0x67,0x21,0x26,0x19,0xe4,0x10,
    0xc3,0x08,0x82,0x08,0x42,0x08,0x21,0x00,0x20,0x00,0x20,0x00,0x00,0x00,0x00,0x00,
    0x00,0x00,0x00,0x00,0x00,0x00,0x00,0x00,0x00,0x00,0x00,0x00,0x00,0x00,0x00,0x00,
    0x00,0x00,0x00,0x00,0x00,0x00,0x00,0x00,0x00,0x00,0x00,0x00,0x00,0x00,0x00,0x00,
    0x00,0x00,0x00,0x00,0x00,0x00,0x00,0x00,0x00,0x00,0x00,0x00,0x00,0x00,0x00,0x00,
    0x00,0x00,0x00,0x00,0x00,0x00,0x00,0x00,0x00,0x00,0x20,0x00,0x00,0x00,0x41,0x00,
    0x8b,0x4a,0xaf,0x73,0xb0,0x73,0x6f,0x6b,0x8f,0x6b,0x6e,0x6b,0x8f,0x6b,0x6f,0x6b,
    0xc8,0x29,0xe5,0x10,0x87,0x29,0x87,0x29,0xe4,0x10,0x86,0x29,0xc3,0x10,0x62,0x08,
    0x41,0x08,0x00,0x00,0x00,0x00,0x00,0x00,0x00,0x00,0x00,0x00,0x00,0x00,0x00,0x00,
    0x00,0x00,0x00,0x00,0x62,0x08,0x67,0x21,0x87,0x29,0x67,0x21,0x67,0x21,0x67,0x21,
    0x67,0x21,0x67,0x21,0x67,0x21,0x67,0x21,0x67,0x21,0x67,0x21,0x67,0x29,0x67,0x29,
    0x87,0x29,0x87,0x29,0x87,0x29,0x87,0x29,0x87,0x29,0x87,0x29,0x87,0x29,0x88,0x29,
    0x87,0x29,0xa8,0x29,0xa8,0x29,0xa7,0x29,0xa8,0x29,0xa8,0x29,0xa8,0x29,0xa8,0x29,
    0xa8,0x29,0xa8,0x29,0xa8,0x29,0xa8,0x29,0xa8,0x29,0xa8,0x29,0xc8,0x31,0xc8,0x31,
    0xc8,0x31,0xc8,0x31,0xc9,0x31,0xc9,0x31,0xc9,0x31,0xc9,0x31,0xc9,0x31,0xc9,0x31,
    0xe9,0x31,0xe9,0x31,0xe9,0x31,0xe9,0x31,0xc9,0x31,0xc9,0x31,0xc9,0x31,0xc9,0x31,
    0xc9,0x31,0xc9,0x31,0xc9,0x31,0xc9,0x31,0xc9,0x31,0xc9,0x31,0xe9,0x31,0xe9,0x31,
    0xe9,0x31,0xe9,0x31,0xe9,0x31,0xe9,0x31,0xe9,0x31,0xe9,0x31,0xe9,0x31,0xe9,0x31,
    0xe9,0x31,0xe9,0x31,0xe9,0x31,0xe9,0x31,0xe9,0x39,0x09,0x3a,0x09,0x32,0x29,0x32,
    0x2a,0x32,0x2a,0x32,0x2a,0x32,0x2a,0x32,0x2a,0x32,0x2a,0x32,0x2a,0x32,0x2a,0x32,
    0x2a,0x32,0x2a,0x32,0x2a,0x3a,0x2a,0x3a,0x2a,0x3a,0x2a,0x3a,0x2a,0x3a,0x2a,0x3a,
    0x2a,0x32,0x2a,0x3a,0x2a,0x3a,0x2a,0x3a,0x2a,0x32,0x2a,0x3a,0x2a,0x3a,0x2a,0x3a,
    0x0a,0x3a,0x2a,0x3a,0x2a,0x3a,0x09,0x3a,0x09,0x32,0x09,0x32,0xe9,0x31,0xa8,0x31,
    0x87,0x29,0x67,0x21,0x26,0x19,0xe5,0x10,0xc4,0x08,0x83,0x08,0x42,0x08,0x21,0x00,
    0x21,0x00,0x20,0x00,0x00,0x00,0x00,0x00,0x00,0x00,0x00,0x00,0x00,0x00,0x00,0x00,
    0x00,0x00,0x00,0x00,0x00,0x00,0x00,0x00,0x00,0x00,0x00,0x00,0x00,0x00,0x00,0x00,
    0x00,0x00,0x00,0x00,0x00,0x00,0x00,0x00,0x00,0x00,0x00,0x00,0x00,0x00,0x00,0x00,
    0x00,0x00,0x00,0x00,0x00,0x00,0x00,0x00,0x00,0x00,0x00,0x00,0x00,0x00,0x00,0x00,
    0x00,0x00,0x20,0x00,0x00,0x00,0x61,0x00,0xab,0x4a,0xaf,0x6b,0xaf,0x73,0x8f,0x6b,
    0xaf,0x73,0x6f,0x6b,0x8f,0x6b,0x6f,0x6b,0xc8,0x29,0xe5,0x10,0xa7,0x29,0x87,0x29,
    0xe4,0x10,0x86,0x29,0xa3,0x10,0x62,0x08,0x41,0x08,0x00,0x00,0x00,0x00,0x00,0x00,
    0x00,0x00,0x00,0x00,0x00,0x00,0x00,0x00,0x00,0x00,0x00,0x00,0x62,0x08,0x67,0x21,
    0x88,0x29,0x67,0x21,0x87,0x21,0x67,0x21,0x67,0x21,0x67,0x21,0x67,0x21,0x67,0x21,
    0x67,0x21,0x67,0x21,0x67,0x29,0x67,0x29,0x87,0x21,0x87,0x21,0x87,0x29,0x87,0x29,
    0x87,0x29,0x87,0x29,0x87,0x29,0x88,0x29,0x87,0x29,0xa8,0x29,0xa8,0x29,0xa7,0x29,
    0xa8,0x29,0xa8,0x29,0xa8,0x29,0xa7,0x29,0xa8,0x29,0xa8,0x29,0xa8,0x29,0xa8,0x29,
    0xa8,0x29,0xa8,0x29,0xa8,0x29,0xa8,0x29,0xc8,0x31,0xc8,0x31,0xc9,0x31,0xc9,0x31,
    0xc9,0x31,0xc9,0x31,0xc9,0x31,0xc9,0x31,0xe9,0x31,0xe9,0x31,0xe9,0x31,0xe9,0x31,
    0xc9,0x31,0xc9,0x31,0xc9,0x31,0xc9,0x31,0xc9,0x31,0xc9,0x31,0xc9,0x31,0xc9,0x31,
    0xc9,0x31,0xc9,0x31,0xe9,0x31,0xe9,0x31,0xe9,0x31,0xe9,0x31,0xe9,0x31,0xe9,0x31,
    0xe9,0x31,0xe9,0x31,0xe9,0x31,0xe9,0x31,0xe9,0x31,0xe9,0x31,0xe9,0x31,0xe9,0x39,
    0xe9,0x39,0x09,0x3a,0x09,0x3a,0x2a,0x32,0x2a,0x32,0x2a,0x32,0x2a,0x32,0x2a,0x32,
    0x2a,0x32,0x2a,0x32,0x0a,0x32,0x0a,0x32,0x0a,0x32,0x2a,0x32,0x2a,0x32,0x2a,0x3a,
    0x2a,0x3a,0x2a,0x3a,0x2a,0x3a,0x2a,0x3a,0x2a,0x32,0x2a,0x3a,0x2a,0x3a,0x2a,0x3a,
    0x2a,0x3a,0x2a,0x3a,0x2a,0x3a,0x2a,0x3a,0x0a,0x3a,0x2a,0x3a,0x2a,0x3a,0x09,0x3a,
    0xe9,0x31,0xe9,0x31,0xe9,0x31,0xa8,0x31,0x87,0x29,0x67,0x21,0x26,0x19,0xe4,0x10,
    0xa4,0x08,0x83,0x08,0x42,0x00,0x21,0x00,0x21,0x00,0x21,0x00,0x21,0x00,0x20,0x00,
    0x00,0x00,0x00,0x00,0x00,0x00,0x00,0x00,0x00,0x00,0x00,0x00,0x00,0x00,0x00,0x00,
    0x00,0x00,0x00,0x00,0x00,0x00,0x00,0x00,0x00,0x00,0x00,0x00,0x00,0x00,0x00,0x00,
    0x00,0x00,0x00,0x00,0x00,0x00,0x00,0x00,0x00,0x00,0x00,0x00,0x00,0x00,0x00,0x00,
    0x00,0x00,0x00,0x00,0x00,0x00,0x00,0x00,0x00,0x00,0x20,0x00,0x00,0x00,0x61,0x00,
    0xab,0x4a,0xaf,0x73,0xaf,0x73,0x8f,0x6b,0xb0,0x73,0x6f,0x6b,0x8f,0x6b,0x6f,0x6b,
    0xc8,0x29,0x05,0x11,0xa7,0x29,0x87,0x29,0xe4,0x10,0x66,0x29,0xa3,0x10,0x62,0x08,
    0x41,0x08,0x00,0x00,0x00,0x00,0x00,0x00,0x00,0x00,0x00,0x00,0x00,0x00,0x00,0x00,
    0x00,0x00,0x00,0x00,0x62,0x08,0x67,0x21,0x87,0x29,0x87,0x21,0x87,0x21,0x67,0x21,
    0x67,0x21,0x67,0x21,0x67,0x21,0x67,0x21,0x67,0x21,0x67,0x21,0x67,0x29,0x67,0x29,
    0x87,0x21,0x87,0x21,0x87,0x21,0x87,0x29,0x87,0x29,0x87,0x29,0x87,0x29,0x87,0x29,
    0x87,0x29,0xa7,0x29,0xa8,0x29,0xa8,0x29,0xa8,0x29,0xa8,0x29,0xa8,0x29,0xa7,0x29,
    0xa8,0x29,0xa8,0x29,0xa8,0x29,0xa8,0x29,0xa8,0x29,0xa8,0x29,0xa8,0x29,0xa8,0x29,
    0xc8,0x31,0xc8,0x31,0xc9,0x31,0xc9,0x31,0xc9,0x31,0xc9,0x31,0xc9,0x31,0xc9,0x31,
    0xc9,0x31,0xc9,0x31,0xc9,0x31,0xc9,0x31,0xc9,0x31,0xc9,0x31,0xc9,0x31,0xc9,0x31,
    0xc9,0x31,0xc9,0x31,0xc9,0x31,0xc9,0x31,0xc9,0x31,0xc9,0x31,0xe9,0x31,0xe9,0x31,
    0xe9,0x31,0xe9,0x31,0xe9,0x31,0xe9,0x31,0xe9,0x31,0xe9,0x31,0xe9,0x31,0xe9,0x31,
    0xe9,0x31,0xe9,0x31,0xe9,0x31,0xe9,0x39,0xe9,0x39,0x09,0x3a,0x09,0x3a,0x2a,0x32,
    0x2a,0x32,0x2a,0x32,0x2a,0x32,0x2a,0x32,0x2a,0x32,0x2a,0x32,0x0a,0x32,0x0a,0x32,
    0x0a,0x32,0x2a,0x32,0x2a,0x32,0x2a,0x3a,0x2a,0x3a,0x2a,0x3a,0x2a,0x3a,0x2a,0x3a,
    0x2a,0x3a,0x2a,0x3a,0x2a,0x3a,0x2a,0x3a,0x2a,0x3a,0x2a,0x3a,0x2a,0x3a,0x2a,0x3a,
    0x2a,0x3a,0x2a,0x3a,0x2a,0x3a,0x09,0x3a,0x09,0x32,0xe9,0x31,0xe9,0x31,0xa8,0x31,
    0x87,0x29,0x67,0x21,0x26,0x19,0xe4,0x10,0xa4,0x08,0x82,0x08,0x42,0x00,0x21,0x00,
    0x21,0x00,0x21,0x00,0x21,0x00,0x20,0x00,0x00,0x00,0x00,0x00,0x00,0x00,0x00,0x00,
    0x00,0x00,0x00,0x00,0x00,0x00,0x00,0x00,0x00,0x00,0x00,0x00,0x00,0x00,0x00,0x00,
    0x00,0x00,0x00,0x00,0x00,0x00,0x00,0x00,0x00,0x00,0x00,0x00,0x00,0x00,0x00,0x00,
    0x00,0x00,0x00,0x00,0x00,0x00,0x00,0x00,0x00,0x00,0x00,0x00,0x00,0x00,0x00,0x00,
    0x20,0x00,0x20,0x00,0x00,0x00,0x62,0x00,0xab,0x4a,0xaf,0x73,0xaf,0x73,0x8f,0x73,
    0x8f,0x6b,0x6f,0x6b,0xaf,0x73,0x6f,0x6b,0xc8,0x31,0x05,0x19,0xa7,0x29,0x87,0x29,
    0xe4,0x10,0x66,0x29,0xa3,0x10,0x62,0x08,0x41,0x08,0x00,0x00,0x00,0x00,0x00,0x00,
    0x00,0x00,0x00,0x00,0x00,0x00,0x00,0x00,0x00,0x00,0x00,0x00,0x62,0x08,0x67,0x21,
    0x87,0x21,0x87,0x21,0x67,0x21,0x67,0x21,0x67,0x21,0x67,0x21,0x67,0x21,0x67,0x21,
    0x67,0x21,0x67,0x21,0x67,0x29,0x67,0x29,0x87,0x21,0x87,0x21,0x87,0x21,0x87,0x29,
    0x87,0x29,0x87,0x29,0x87,0x29,0x87,0x29,0x87,0x29,0xa8,0x29,0xa8,0x29,0xa8,0x29,
    0xa8,0x29,0xa8,0x29,0xa8,0x29,0xa8,0x29,0xa8,0x29,0xa8,0x29,0xa8,0x29,0xa8,0x29,
    0xa8,0x29,0xa8,0x29,0xa8,0x29,0xc8,0x31,0xc8,0x31,0xc8,0x31,0xc9,0x31,0xc9,0x31,
    0xc9,0x31,0xc9,0x31,0xc9,0x31,0xc9,0x31,0xc9,0x31,0xc9,0x31,0xc9,0x31,0xc9,0x31,
    0xc9,0x31,0xc9,0x31,0xc9,0x31,0xc9,0x31,0xc9,0x31,0xc9,0x31,0xc9,0x31,0xc9,0x31,
    0xc9,0x31,0xc9,0x31,0xe9,0x31,0xe9,0x31,0xe9,0x31,0xe9,0x31,0xe9,0x31,0xe9,0x31,
    0xe9,0x31,0xe9,0x31,0xe9,0x31,0xe9,0x31,0xe9,0x31,0xe9,0x31,0xe9,0x31,0xe9,0x39,
    0xe9,0x39,0x09,0x32,0x09,0x32,0x09,0x32,0x2a,0x32,0x2a,0x32,0x2a,0x32,0x2a,0x32,
    0x2a,0x32,0x2a,0x32,0x2a,0x32,0x2a,0x32,0x2a,0x32,0x2a,0x32,0x2a,0x3a,0x2a,0x3a,
    0x2a,0x3a,0x2a,0x3a,0x2a,0x3a,0x2a,0x3a,0x2a,0x3a,0x2a,0x3a,0x2a,0x3a,0x2a,0x3a,
    0x2a,0x3a,0x2a,0x3a,0x2a,0x3a,0x0a,0x3a,0x2a,0x3a,0x2a,0x3a,0x2a,0x3a,0x2a,0x3a,
    0x2a,0x3a,0x09,0x32,0xe9,0x31,0xa8,0x31,0x87,0x29,0x67,0x21,0x26,0x19,0xe4,0x10,
    0xa3,0x08,0x83,0x08,0x42,0x00,0x21,0x00,0x01,0x00,0x00,0x00,0x00,0x00,0x00,0x00,
    0x00,0x00,0x00,0x00,0x00,0x00,0x00,0x00,0x00,0x00,0x00,0x00,0x00,0x00,0x00,0x00,
    0x00,0x00,0x00,0x00,0x00,0x00,0x00,0x00,0x00,0x00,0x00,0x00,0x00,0x00,0x00,0x00,
    0x00,0x00,0x00,0x00,0x00,0x00,0x00,0x00,0x00,0x00,0x00,0x00,0x00,0x00,0x00,0x00,
    0x00,0x00,0x00,0x00,0x00,0x00,0x00,0x00,0x00,0x00,0x00,0x00,0x20,0x00,0x62,0x00,
    0xab,0x4a,0xaf,0x73,0xaf,0x73,0x8f,0x73,0x8f,0x6b,0x6e,0x6b,0xaf,0x73,0x6f,0x6b,
    0xc8,0x31,0x05,0x19,0xa7,0x29,0x87,0x29,0xe4,0x10,0x86,0x29,0xa3,0x10,0x62,0x08,
    0x41,0x08,0x00,0x00,0x00,0x00,0x00,0x00,0x00,0x00,0x00,0x00,0x00,0x00,0x00,0x00,
    0x00,0x00,0x00,0x00,0x62,0x08,0x67,0x21,0x87,0x21,0x87,0x21,0x67,0x21,0x67,0x21,
    0x67,0x21,0x67,0x21,0x67,0x21,0x67,0x21,0x67,0x21,0x67,0x21,0x67,0x29,0x67,0x29,
    0x87,0x21,0x87,0x21,0x87,0x29,0x87,0x29,0x87,0x29,0x87,0x29,0x87,0x29,0x87,0x29,
    0x87,0x29,0xa8,0x29,0xa8,0x29,0xa8,0x29,0xa8,0x29,0xa8,0x29,0xa8,0x29,0xc8,0x31,
    0xc8,0x31,0xa8,0x29,0xa8,0x29,0xa8,0x29,0xa8,0x29,0xa8,0x29,0xc8,0x31,0xc8,0x31,
    0xc8,0x31,0xc8,0x31,0xc8,0x31,0xc8,0x31,0xc9,0x31,0xc9,0x31,0xc9,0x31,0xc9,0x31,
    0xc9,0x31,0xc9,0x31,0xc9,0x31,0xc9,0x31,0xc9,0x31,0xc9,0x31,0xc9,0x31,0xc9,0x31,
    0xc9,0x31,0xc9,0x31,0xc9,0x31,0xc9,0x31,0xc9,0x31,0xc9,0x31,0xe9,0x31,0xe9,0x31,
    0xe9,0x31,0xe9,0x31,0xe9,0x31,0xe9,0x31,0xe9,0x31,0xe9,0x31,0xe9,0x31,0xe9,0x31,
    0xe9,0x31,0xe9,0x31,0xe9,0x31,0xe9,0x39,0xe9,0x39,0x09,0x32,0x09,0x32,0x09,0x32,
    0x2a,0x32,0x2a,0x32,0x2a,0x32,0x2a,0x32,0x2a,0x32,0x2a,0x32,0x2a,0x3a,0x2a,0x3a,
    0x2a,0x3a,0x2a,0x3a,0x2a,0x3a,0x2a,0x3a,0x2a,0x3a,0x2a,0x3a,0x2a,0x3a,0x2a,0x3a,
    0x2a,0x3a,0x2a,0x3a,0x2a,0x3a,0x2a,0x3a,0x2a,0x3a,0x2a,0x3a,0x2a,0x3a,0x0a,0x3a,
    0x0a,0x3a,0x2a,0x3a,0x2a,0x3a,0x2a,0x3a,0x2a,0x3a,0x09,0x32,0xe9,0x31,0xa8,0x31,
    0x87,0x29,0x67,0x21,0x26,0x19,0xe4,0x10,0xa3,0x08,0x83,0x08,0x41,0x00,0x01,0x00,
    0x21,0x00,0x21,0x00,0x21,0x00,0x20,0x00,0x00,0x00,0x00,0x00,0x00,0x00,0x00,0x00,
    0x00,0x00,0x00,0x00,0x00,0x00,0x00,0x00,0x00,0x00,0x00,0x00,0x00,0x00,0x00,0x00,
    0x00,0x00,0x00,0x00,0x00,0x00,0x00,0x00,0x00,0x00,0x00,0x00,0x00,0x00,0x00,0x00,
    0x00,0x00,0x00,0x00,0x00,0x00,0x00,0x00,0x00,0x00,0x00,0x00,0x00,0x00,0x00,0x00,
    0x00,0x00,0x00,0x00,0x20,0x00,0x62,0x08,0xcb,0x4a,0xaf,0x73,0xaf,0x73,0x8f,0x73,
    0x8f,0x6b,0x6f,0x6b,0xaf,0x73,0x6f,0x6b,0xe8,0x31,0x05,0x19,0xa7,0x29,0x87,0x29,
    0xe4,0x10,0x86,0x29,0xa3,0x10,0x62,0x08,0x41,0x08,0x00,0x00,0x00,0x00,0x00,0x00,
    0x00,0x00,0x00,0x00,0x00,0x00,0x00,0x00,0x00,0x00,0x00,0x00,0x62,0x08,0x67,0x21,
    0x67,0x21,0x67,0x21,0x67,0x21,0x67,0x21,0x67,0x21,0x67,0x21,0x67,0x21,0x67,0x21,
    0x67,0x21,0x67,0x21,0x67,0x29,0x67,0x29,0x87,0x21,0x87,0x21,0x87,0x29,0x87,0x29,
    0x87,0x29,0x87,0x29,0x87,0x29,0x87,0x29,0x87,0x29,0xa8,0x29,0xa8,0x29,0xa8,0x29,
    0xa8,0x29,0xa8,0x29,0xa8,0x29,0xc8,0x31,0xc8,0x31,0xa8,0x29,0xa8,0x29,0xa8,0x29,
    0xa8,0x29,0xc8,0x31,0xc8,0x31,0xc8,0x31,0xc8,0x31,0xc8,0x31,0xc8,0x31,0xc8,0x31,
    0xc8,0x31,0xc9,0x31,0xc9,0x31,0xc9,0x31,0xc9,0x31,0xc9,0x31,0xc9,0x31,0xc9,0x31,
    0xc9,0x31,0xc9,0x31,0xc9,0x31,0xc9,0x31,0xc9,0x31,0xc9,0x31,0xc9,0x31,0xc9,0x31,
    0xc9,0x31,0xc9,0x31,0xe9,0x31,0xe9,0x31,0xe9,0x31,0xe9,0x31,0xe9,0x31,0xe9,0x31,
    0xe9,0x31,0xe9,0x31,0xe9,0x31,0xe9,0x31,0xe9,0x31,0xe9,0x31,0xe9,0x31,0xe9,0x39,
    0xe9,0x39,0x09,0x32,0x09,0x32,0x09,0x32,0x2a,0x32,0x2a,0x32,0x2a,0x32,0x2a,0x32,
    0x2a,0x32,0x2a,0x32,0x2a,0x3a,0x2a,0x3a,0x2a,0x3a,0x2a,0x3a,0x2a,0x3a,0x2a,0x3a,
    0x2a,0x3a,0x2a,0x3a,0x2a,0x3a,0x2a,0x3a,0x2a,0x3a,0x2a,0x3a,0x2a,0x32,0x2a,0x32,
    0x2a,0x3a,0x2a,0x3a,0x2a,0x3a,0x0a,0x3a,0x2a,0x3a,0x2a,0x3a,0x2a,0x3a,0x2a,0x3a,
    0x2a,0x3a,0x09,0x32,0xe9,0x31,0xa8,0x31,0x87,0x29,0x67,0x21,0x26,0x19,0xe4,0x10,
    0xa3,0x08,0x62,0x08,0x41,0x00,0x21,0x00,0x21,0x00,0x21,0x00,0x21,0x00,0x20,0x00,
    0x00,0x00,0x00,0x00,0x00,0x00,0x00,0x00,0x00,0x00,0x00,0x00,0x00,0x00,0x00,0x00,
    0x00,0x00,0x00,0x00,0x00,0x00,0x00,0x00,0x00,0x00,0x00,0x00,0x00,0x00,0x00,0x00,
    0x00,0x00,0x00,0x00,0x00,0x00,0x00,0x00,0x00,0x00,0x00,0x00,0x00,0x00,0x00,0x00,
    0x00,0x00,0x00,0x00,0x00,0x00,0x00,0x00,0x00,0x00,0x00,0x00,0x20,0x00,0x62,0x08,
    0xcb,0x4a,0xd0,0x73,0xb0,0x73,0x8f,0x73,0x8f,0x6b,0x6f,0x6b,0xb0,0x73,0x8f,0x6b,
    0xe8,0x31,0x05,0x19,0xa8,0x29,0x87,0x29,0xe4,0x10,0x66,0x29,0xa3,0x10,0x62,0x08,
    0x41,0x08,0x00,0x00,0x00,0x00,0x00,0x00,0x00,0x00,0x00,0x00,0x00,0x00,0x00,0x00,
    0x00,0x00,0x00,0x00,0x62,0x08,0x67,0x21,0x67,0x21,0x67,0x21,0x67,0x21,0x67,0x21,
    0x67,0x21,0x67,0x21,0x67,0x21,0x67,0x21,0x67,0x21,0x67,0x21,0x67,0x29,0x67,0x29,
    0x87,0x21,0x87,0x21,0x87,0x29,0x87,0x29,0x87,0x29,0x87,0x29,0x87,0x29,0x88,0x29,
    0xa8,0x29,0xa8,0x29,0xa8,0x29,0xa8,0x29,0xa8,0x29,0xa8,0x29,0xa8,0x29,0xc8,0x31,
    0xa8,0x29,0xa8,0x29,0xa8,0x29,0xa8,0x29,0xa8,0x29,0xc8,0x31,0xc8,0x31,0xc8,0x31,
    0xc8,0x31,0xc8,0x31,0xc8,0x31,0xc8,0x31,0xc8,0x31,0xc8,0x31,0xc9,0x31,0xe9,0x31,
    0xc9,0x31,0xc9,0x31,0xc9,0x31,0xc9,0x31,0xc9,0x31,0xc9,0x31,0xc9,0x31,0xc9,0x31,
    0xc9,0x31,0xc9,0x31,0xc9,0x31,0xc9,0x31,0xc9,0x31,0xe9,0x31,0xe9,0x31,0xe9,0x31,
    0xe9,0x31,0xe9,0x31,0xe9,0x31,0xe9,0x31,0xe9,0x31,0xe9,0x31,0xe9,0x31,0xe9,0x31,
    0x09,0x32,0xe9,0x31,0xe9,0x31,0xe9,0x31,0xe9,0x39,0x09,0x3a,0x09,0x32,0x09,0x32,
    0x2a,0x32,0x2a,0x32,0x2a,0x32,0x2a,0x32,0x2a,0x32,0x2a,0x32,0x2a,0x3a,0x2a,0x3a,
    0x2a,0x3a,0x2a,0x3a,0x2a,0x3a,0x2a,0x3a,0x2a,0x3a,0x2a,0x3a,0x2a,0x3a,0x2a,0x3a,
    0x2a,0x3a,0x2a,0x3a,0x2a,0x32,0x2a,0x32,0x2a,0x32,0x2a,0x3a,0x0a,0x3a,0x0a,0x3a,
    0x2a,0x3a,0x2a,0x3a,0x2a,0x3a,0x2a,0x3a,0x2a,0x3a,0x09,0x32,0xe9,0x31,0xa8,0x31,
    0x87,0x29,0x67,0x21,0x26,0x19,0xe4,0x10,0xa3,0x08,0x62,0x08,0x41,0x00,0x21,0x00,
    0x21,0x00,0x21,0x00,0x21,0x00,0x20,0x00,0x00,0x00,0x00,0x00,0x00,0x00,0x00,0x00,
    0x00,0x00,0x00,0x00,0x00,0x00,0x00,0x00,0x00,0x00,0x00,0x00,0x00,0x00,0x00,0x00,
    0x00,0x00,0x00,0x00,0x00,0x00,0x00,0x00,0x00,0x00,0x00,0x00,0x00,0x00,0x00,0x00,
    0x00,0x00,0x00,0x00,0x00,0x00,0x00,0x00,0x00,0x00,0x00,0x00,0x00,0x00,0x00,0x00,
    0x00,0x00,0x00,0x00,0x20,0x00,0x62,0x08,0xcb,0x4a,0xaf,0x73,0xaf,0x73,0x8f,0x73,
    0x8f,0x6b,0x6f,0x6b,0xb0,0x73,0x8f,0x6b,0xe8,0x31,0x05,0x19,0xa8,0x29,0x87,0x29,
    0xe4,0x10,0x66,0x29,0xa3,0x10,0x62,0x08,0x41,0x08,0x00,0x00,0x00,0x00,0x00,0x00,
    0x00,0x00,0x00,0x00,0x00,0x00,0x00,0x00,0x00,0x00,0x00,0x00,0x62,0x08,0x67,0x21,
    0x67,0x21,0x87,0x21,0x67,0x21,0x67,0x21,0x67,0x21,0x67,0x21,0x67,0x21,0x67,0x21,
    0x67,0x21,0x67,0x21,0x67,0x29,0x67,0x29,0x87,0x21,0x87,0x21,0x87,0x29,0x87,0x29,
    0x87,0x29,0x87,0x29,0x87,0x29,0xa8,0x29,0xa8,0x29,0xa8,0x29,0xa8,0x29,0xa8,0x29,
    0xa8,0x29,0xa8,0x29,0xa8,0x29,0xc8,0x31,0xa8,0x29,0xc8,0x31,0xc8,0x31,0xa8,0x29,
    0xc8,0x31,0xc8,0x31,0xc8,0x31,0xc8,0x31,0xc8,0x31,0xc8,0x31,0xc8,0x31,0xc8,0x31,
    0xc8,0x31,0xc8,0x31,0xc9,0x31,0xe9,0x31,0xc9,0x31,0xc9,0x31,0xc9,0x31,0xc9,0x31,
    0xc9,0x31,0xc9,0x31,0xc9,0x31,0xc9,0x31,0xc9,0x31,0xc9,0x31,0xc9,0x31,0xc9,0x31,
    0xc9,0x31,0xe9,0x31,0xe9,0x31,0xe9,0x31,0xe9,0x31,0xe9,0x31,0xe9,0x31,0xe9,0x31,
    0xe9,0x31,0xe9,0x31,0xe9,0x31,0xe9,0x31,0x09,0x32,0xe9,0x31,0xe9,0x31,0xe9,0x31,
    0xe9,0x39,0x09,0x3a,0x09,0x32,0x29,0x32,0x2a,0x32,0x2a,0x32,0x2a,0x32,0x2a,0x32,
    0x0a,0x32,0x2a,0x32,0x2a,0x3a,0x2a,0x32,0x2a,0x3a,0x2a,0x3a,0x2a,0x3a,0x2a,0x3a,
    0x2a,0x3a,0x2a,0x3a,0x2a,0x3a,0x2a,0x3a,0x2a,0x3a,0x2a,0x3a,0x2a,0x32,0x2a,0x32,
    0x2a,0x32,0x2a,0x3a,0x0a,0x3a,0x0a,0x3a,0x2a,0x3a,0x2a,0x3a,0x2a,0x3a,0x2a,0x3a,
    0x2a,0x3a,0x09,0x32,0xe9,0x31,0xa8,0x31,0x87,0x29,0x67,0x21,0x26,0x19,0xe4,0x10,
    0xa3,0x08,0x62,0x08,0x41,0x00,0x21,0x00,0x01,0x00,0x00,0x00,0x00,0x00,0x00,0x00,
    0x00,0x00,0x00,0x00,0x00,0x00,0x00,0x00,0x00,0x00,0x00,0x00,0x00,0x00,0x00,0x00,
    0x00,0x00,0x00,0x00,0x00,0x00,0x00,0x00,0x00,0x00,0x00,0x00,0x00,0x00,0x00,0x00,
    0x00,0x00,0x00,0x00,0x00,0x00,0x00,0x00,0x00,0x00,0x00,0x00,0x00,0x00,0x00,0x00,
    0x00,0x00,0x00,0x00,0x00,0x00,0x00,0x00,0x00,0x00,0x00,0x00,0x20,0x00,0x82,0x08,
    0xcb,0x4a,0xaf,0x73,0xaf,0x73,0x8f,0x73,0x8f,0x6b,0x6f,0x6b,0xb0,0x73,0x8f,0x6b,
    0xe8,0x31,0x05,0x19,0xa8,0x29,0x87,0x29,0xe4,0x10,0x66,0x29,0xa3,0x10,0x82,0x08,
    0x41,0x08,0x00,0x00,0x20,0x00,0x00,0x00,0x00,0x00,0x00,0x00,0x00,0x00,0x00,0x00,
    0x00,0x00,0x00,0x00,0x62,0x08,0x67,0x21,0x67,0x21,0x88,0x21,0x68,0x21,0x67,0x21,
    0x67,0x21,0x67,0x21,0x67,0x21,0x67,0x21,0x67,0x21,0x67,0x21,0x67,0x29,0x87,0x29,
    0x87,0x21,0x87,0x21,0x87,0x29,0x87,0x29,0x87,0x29,0x87,0x29,0x87,0x29,0x87,0x29,
    0xa8,0x29,0xa8,0x29,0xa8,0x29,0xa8,0x29,0xa8,0x29,0xa8,0x29,0xa8,0x29,0xc8,0x31,
    0xa8,0x29,0xa8,0x29,0xa8,0x29,0xa8,0x29,0xc8,0x31,0xc8,0x31,0xc8,0x31,0xc9,0x31,
    0xc8,0x31,0xc8,0x31,0xc8,0x31,0xc8,0x31,0xc8,0x31,0xc9,0x31,0xc9,0x31,0xc9,0x31,
    0xc9,0x31,0xc9,0x31,0xc9,0x31,0xc9,0x31,0xc9,0x31,0xc9,0x31,0xc9,0x31,0xc9,0x31,
    0xc9,0x31,0xc9,0x31,0xc9,0x31,0xe9,0x31,0xe9,0x31,0xe9,0x31,0xe9,0x31,0xe9,0x31,
    0xe9,0x31,0xe9,0x31,0xe9,0x31,0xe9,0x31,0xe9,0x31,0x09,0x32,0x09,0x32,0x09,0x32,
    0xe9,0x31,0xe9,0x31,0xe9,0x31,0xe9,0x31,0xe9,0x31,0x09,0x32,0x0a,0x32,0x0a,0x32,
    0x2a,0x32,0x2a,0x32,0x2a,0x32,0x2a,0x32,0x2a,0x32,0x2a,0x3a,0x2a,0x3a,0x2a,0x3a,
    0x2a,0x3a,0x2a,0x3a,0x2a,0x3a,0x2a,0x3a,0x2a,0x3a,0x2a,0x3a,0x2a,0x3a,0x2a,0x3a,
    0x2a,0x3a,0x2a,0x3a,0x2a,0x3a,0x2a,0x3a,0x2a,0x3a,0x2a,0x3a,0x2a,0x3a,0x2a,0x3a,
    0x2a,0x3a,0x2a,0x3a,0x2a,0x3a,0x0a,0x3a,0x0a,0x3a,0xe9,0x31,0xe9,0x31,0xc8,0x31,
    0x87,0x29,0x66,0x21,0x25,0x19,0xe4,0x10,0xa3,0x08,0x62,0x08,0x41,0x00,0x21,0x00,
    0x01,0x00,0x01,0x00,0x01,0x00,0x20,0x00,0x00,0x00,0x00,0x00,0x00,0x00,0x00,0x00,
    0x00,0x00,0x00,0x00,0x00,0x00,0x00,0x00,0x00,0x00,0x00,0x00,0x00,0x00,0x00,0x00,
    0x00,0x00,0x00,0x00,0x00,0x00,0x00,0x00,0x00,0x00,0x00,0x00,0x00,0x00,0x00,0x00,
    0x00,0x00,0x00,0x00,0x00,0x00,0x00,0x00,0x00,0x00,0x00,0x00,0x00,0x00,0x00,0x00,
    0x00,0x00,0x00,0x00,0x20,0x00,0x62,0x08,0xcb,0x4a,0xd0,0x73,0xb0,0x73,0xb0,0x73,
    0x8f,0x6b,0x6f,0x6b,0xb0,0x73,0x8f,0x6b,0xc8,0x31,0x05,0x19,0xc8,0x29,0x87,0x29,
    0xe4,0x10,0x66,0x29,0xa3,0x10,0x82,0x08,0x41,0x08,0x00,0x00,0x00,0x00,0x00,0x00,
    0x00,0x00,0x00,0x00,0x00,0x00,0x00,0x00,0x00,0x00,0x00,0x00,0x62,0x08,0x67,0x21,
    0x67,0x21,0x88,0x21,0x68,0x21,0x67,0x21,0x67,0x21,0x67,0x21,0x67,0x21,0x67,0x21,
    0x67,0x21,0x67,0x29,0x67,0x29,0x87,0x29,0x87,0x21,0x87,0x21,0x87,0x21,0x87,0x21,
    0x87,0x29,0x87,0x29,0x87,0x29,0x87,0x29,0xa7,0x29,0xa8,0x29,0xa8,0x29,0xa8,0x29,
    0xa8,0x29,0xa8,0x29,0xa8,0x29,0xa8,0x29,0xa8,0x29,0xa8,0x29,0xa8,0x29,0xa8,0x29,
    0xc8,0x31,0xc8,0x31,0xc8,0x31,0xc8,0x31,0xc8,0x31,0xc8,0x31,0xc8,0x31,0xc8,0x31,
    0xc8,0x31,0xc9,0x31,0xc9,0x31,0xc9,0x31,0xc9,0x31,0xc9,0x31,0xc9,0x31,0xc9,0x31,
    0xc9,0x31,0xc9,0x31,0xc9,0x31,0xc9,0x31,0xc9,0x31,0xc9,0x31,0xc9,0x31,0xe9,0x31,
    0xe9,0x31,0xe9,0x31,0xe9,0x31,0xe9,0x31,0x09,0x32,0xe9,0x31,0xe9,0x31,0xe9,0x31,
    0xe9,0x31,0xe9,0x31,0x09,0x32,0x09,0x32,0xe9,0x31,0xe9,0x31,0xe9,0x31,0xe9,0x31,
    0xe9,0x31,0x0a,0x32,0x0a,0x32,0x0a,0x32,0x2a,0x32,0x2a,0x32,0x2a,0x32,0x2a,0x32,
    0x2a,0x32,0x2a,0x3a,0x2a,0x3a,0x2a,0x3a,0x2a,0x3a,0x2a,0x3a,0x2a,0x3a,0x2a,0x3a,
    0x2a,0x3a,0x2a,0x3a,0x2a,0x3a,0x2a,0x3a,0x2a,0x3a,0x2a,0x3a,0x2a,0x3a,0x2a,0x3a,
    0x2a,0x3a,0x2a,0x3a,0x2a,0x3a,0x2a,0x3a,0x2a,0x3a,0x2a,0x3a,0x2a,0x3a,0x0a,0x3a,
    0x0a,0x3a,0xe9,0x31,0xc9,0x31,0xc8,0x31,0x87,0x29,0x66,0x21,0x25,0x19,0xe4,0x10,
    0xa3,0x08,0x62,0x08,0x41,0x00,0x21,0x00,0x01,0x00,0x01,0x00,0x01,0x00,0x20,0x00,
    0x00,0x00,0x00,0x00,0x00,0x00,0x00,0x00,0x00,0x00,0x00,0x00,0x00,0x00,0x00,0x00,
    0x00,0x00,0x00,0x00,0x00,0x00,0x00,0x00,0x00,0x00,0x00,0x00,0x00,0x00,0x00,0x00,
    0x00,0x00,0x00,0x00,0x00,0x00,0x00,0x00,0x00,0x00,0x00,0x00,0x00,0x00,0x00,0x00,
    0x00,0x00,0x00,0x00,0x00,0x00,0x00,0x00,0x00,0x00,0x00,0x00,0x20,0x00,0x62,0x00,
    0xcb,0x4a,0xd0,0x73,0xaf,0x73,0x8f,0x73,0x8f,0x6b,0x6f,0x6b,0xb0,0x73,0x6f,0x6b,
    0xc8,0x31,0x05,0x19,0xc8,0x29,0xa7,0x29,0xe4,0x10,0x66,0x29,0xa3,0x10,0x82,0x08,
    0x41,0x08,0x00,0x00,0x00,0x00,0x00,0x00,0x00,0x00,0x00,0x00,0x00,0x00,0x00,0x00,
    0x00,0x00,0x00,0x00,0x62,0x08,0x67,0x21,0x67,0x21,0x88,0x21,0x88,0x21,0x67,0x21,
    0x67,0x21,0x67,0x21,0x67,0x21,0x67,0x21,0x67,0x29,0x67,0x29,0x67,0x29,0x87,0x29,
    0x87,0x21,0x87,0x21,0x87,0x21,0x87,0x21,0x87,0x29,0x87,0x29,0x87,0x29,0x87,0x29,
    0xa7,0x29,0xa8,0x29,0xa8,0x29,0xa7,0x29,0xa7,0x29,0xa8,0x29,0xa8,0x29,0xa8,0x29,
    0xa8,0x29,0xa8,0x29,0xa8,0x29,0xa8,0x29,0xa8,0x29,0xc8,0x31,0xc8,0x31,0xc8,0x31,
    0xc8,0x31,0xc8,0x31,0xc8,0x31,0xc8,0x31,0xc8,0x31,0xc9,0x31,0xc9,0x31,0xc9,0x31,
    0xc9,0x31,0xc9,0x31,0xc9,0x31,0xc9,0x31,0xc9,0x31,0xc9,0x31,0xc9,0x31,0xc9,0x31,
    0xc9,0x31,0xc9,0x31,0xc9,0x31,0xe9,0x31,0xe9,0x31,0xe9,0x31,0xe9,0x31,0xe9,0x31,
    0x09,0x32,0xe9,0x31,0xe9,0x31,0xe9,0x31,0xe9,0x31,0xe9,0x31,0xe9,0x31,0xe9,0x31,
    0xe9,0x31,0xe9,0x31,0xe9,0x31,0xe9,0x31,0xe9,0x39,0x0a,0x3a,0x0a,0x32,0x0a,0x32,
    0x2a,0x32,0x2a,0x32,0x2a,0x32,0x2a,0x32,0x2a,0x32,0x2a,0x3a,0x2a,0x3a,0x2a,0x3a,
    0x2a,0x3a,0x2a,0x3a,0x2a,0x3a,0x2a,0x3a,0x2a,0x3a,0x2a,0x3a,0x2a,0x3a,0x2a,0x3a,
    0x2a,0x3a,0x2a,0x3a,0x2a,0x3a,0x2a,0x3a,0x2a,0x3a,0x2a,0x3a,0x2a,0x3a,0x2a,0x3a,
    0x2a,0x3a,0x2a,0x3a,0x2a,0x3a,0x0a,0x3a,0x0a,0x3a,0xe9,0x31,0xc9,0x31,0xa8,0x31,
    0x87,0x29,0x67,0x21,0x26,0x19,0xe4,0x10,0xa3,0x08,0x82,0x08,0x41,0x00,0x21,0x00,
    0x01,0x00,0x00,0x00,0x00,0x00,0x00,0x00,0x00,0x00,0x00,0x00,0x00,0x00,0x00,0x00,
    0x00,0x00,0x00,0x00,0x00,0x00,0x00,0x00,0x00,0x00,0x00,0x00,0x00,0x00,0x00,0x00,
    0x00,0x00,0x00,0x00,0x00,0x00,0x00,0x00,0x00,0x00,0x00,0x00,0x00,0x00,0x00,0x00,
    0x00,0x00,0x00,0x00,0x00,0x00,0x00,0x00,0x00,0x00,0x00,0x00,0x00,0x00,0x00,0x00,
    0x00,0x00,0x00,0x00,0x20,0x00,0x62,0x00,0xcb,0x4a,0xd0,0x73,0xb0,0x73,0x8f,0x73,
    0x8f,0x73,0x6f,0x6b,0xb0,0x73,0x6f,0x6b,0xc8,0x31,0x05,0x19,0xc8,0x29,0x87,0x29,
    0xe4,0x10,0x66,0x29,0xc3,0x10,0x82,0x08,0x41,0x08,0x00,0x00,0x00,0x00,0x20,0x00,
    0x00,0x00,0x00,0x00,0x00,0x00,0x00,0x00,0x00,0x00,0x00,0x00,0x62,0x08,0x67,0x21,
    0x67,0x21,0x88,0x21,0x88,0x21,0x68,0x21,0x67,0x21,0x67,0x21,0x67,0x21,0x67,0x21,
    0x67,0x29,0x67,0x29,0x67,0x29,0x87,0x29,0x87,0x21,0x87,0x21,0x87,0x29,0x87,0x29,
    0x87,0x29,0x87,0x29,0x87,0x29,0x87,0x29,0x87,0x29,0xa8,0x29,0xa8,0x29,0xa8,0x29,
    0xa8,0x29,0xa8,0x29,0xa8,0x29,0xa8,0x29,0xa8,0x29,0xa8,0x29,0xa8,0x29,0xa8,0x29,
    0xc8,0x31,0xc8,0x31,0xc8,0x31,0xc8,0x31,0xc8,0x31,0xc8,0x31,0xc8,0x31,0xc8,0x31,
    0xc8,0x31,0xc9,0x31,0xc9,0x31,0xc9,0x31,0xc9,0x31,0xc9,0x31,0xc9,0x31,0xc9,0x31,
    0xc9,0x31,0xc9,0x31,0xc9,0x31,0xc9,0x31,0xc9,0x31,0xc9,0x31,0xc9,0x31,0xe9,0x31,
    0xe9,0x31,0xe9,0x31,0xe9,0x31,0xe9,0x31,0x09,0x32,0xe9,0x31,0xe9,0x31,0xe9,0x31,
    0xe9,0x31,0xe9,0x31,0xe9,0x31,0xe9,0x31,0xe9,0x31,0xe9,0x31,0xe9,0x31,0xe9,0x31,
    0x0a,0x3a,0x0a,0x3a,0x0a,0x32,0x0a,0x32,0x2a,0x32,0x2a,0x32,0x2a,0x32,0x2a,0x32,
    0x2a,0x32,0x2a,0x3a,0x2a,0x3a,0x2a,0x3a,0x2a,0x3a,0x2a,0x3a,0x2a,0x3a,0x2a,0x3a,
    0x2a,0x3a,0x2a,0x3a,0x2a,0x3a,0x2a,0x3a,0x2a,0x3a,0x2a,0x3a,0x2a,0x3a,0x2a,0x3a,
    0x2a,0x3a,0x2a,0x3a,0x2a,0x3a,0x2a,0x3a,0x2a,0x3a,0x2a,0x3a,0x2a,0x3a,0x0a,0x3a,
    0x0a,0x3a,0xe9,0x31,0xc9,0x31,0xa8,0x31,0x87,0x29,0x67,0x21,0x26,0x19,0xe4,0x10,
    0xa3,0x08,0x82,0x08,0x41,0x00,0x21,0x00,0x01,0x00,0x00,0x00,0x00,0x00,0x00,0x00,
    0x00,0x00,0x00,0x00,0x00,0x00,0x00,0x00,0x00,0x00,0x00,0x00,0x00,0x00,0x00,0x00,
    0x00,0x00,0x00,0x00,0x00,0x00,0x00,0x00,0x00,0x00,0x00,0x00,0x00,0x00,0x00,0x00,
    0x00,0x00,0x00,0x00,0x00,0x00,0x00,0x00,0x00,0x00,0x00,0x00,0x00,0x00,0x00,0x00,
    0x00,0x00,0x00,0x00,0x00,0x00,0x00,0x00,0x00,0x00,0x20,0x00,0x20,0x00,0x62,0x00,
    0xcb,0x4a,0xd0,0x73,0xb0,0x73,0x8f,0x73,0xb0,0x73,0x8f,0x6b,0xb0,0x73,0x4e,0x63,
    0xc8,0x31,0x05,0x19,0xc8,0x29,0x87,0x29,0xe4,0x10,0x66,0x29,0xc3,0x10,0x82,0x08,
    0x41,0x08,0x00,0x00,0x21,0x00,0x00,0x00,0x00,0x00,0x00,0x00,0x00,0x00,0x00,0x00,
    0x00,0x00,0x00,0x00,0x62,0x08,0x67,0x21,0x67,0x21,0x88,0x21,0x88,0x21,0x68,0x29,
    0x67,0x21,0x67,0x21,0x67,0x21,0x67,0x21,0x67,0x29,0x67,0x29,0x67,0x29,0x87,0x29,
    0x87,0x21,0x87,0x21,0x87,0x29,0x87,0x29,0x87,0x29,0x87,0x29,0x87,0x29,0x87,0x29,
    0xa7,0x29,0xa8,0x29,0xa8,0x29,0xa8,0x29,0xa8,0x29,0xa8,0x29,0xa8,0x29,0xa8,0x29,
    0xa8,0x29,0xa8,0x29,0xc8,0x31,0xc8,0x31,0xc8,0x31,0xc8,0x31,0xc8,0x31,0xc8,0x31,
    0xc8,0x31,0xc8,0x31,0xc8,0x31,0xc8,0x31,0xc8,0x31,0xc9,0x31,0xc9,0x31,0xc9,0x31,
    0xc9,0x31,0xc9,0x31,0xc9,0x31,0xc9,0x31,0xc9,0x31,0xc9,0x31,0xc9,0x31,0xc9,0x31,
    0xc9,0x31,0xc9,0x31,0xc9,0x31,0xe9,0x31,0xe9,0x31,0xe9,0x31,0xe9,0x31,0xe9,0x31,
    0xe9,0x31,0xe9,0x31,0xe9,0x31,0xe9,0x31,0xe9,0x31,0xe9,0x31,0xe9,0x31,0xe9,0x31,
    0xe9,0x31,0xe9,0x31,0xe9,0x31,0xe9,0x31,0x0a,0x3a,0x0a,0x3a,0x0a,0x3a,0x0a,0x3a,
    0x2a,0x32,0x2a,0x32,0x2a,0x32,0x2a,0x32,0x2a,0x32,0x2a,0x3a,0x2a,0x3a,0x2a,0x3a,
    0x2a,0x3a,0x2a,0x3a,0x2a,0x3a,0x2a,0x3a,0x2a,0x3a,0x2a,0x3a,0x2a,0x3a,0x2a,0x3a,
    0x2a,0x3a,0x2a,0x3a,0x2a,0x3a,0x2a,0x3a,0x2a,0x3a,0x2a,0x3a,0x2a,0x3a,0x2a,0x3a,
    0x2a,0x3a,0x2a,0x3a,0x2a,0x3a,0x0a,0x3a,0x0a,0x3a,0xe9,0x31,0xc9,0x31,0xa8,0x31,
    0x87,0x29,0x66,0x21,0x25,0x19,0xe4,0x10,0xa3,0x08,0x82,0x08,0x41,0x00,0x21,0x00,
    0x01,0x00,0x00,0x00,0x00,0x00,0x00,0x00,0x00,0x00,0x00,0x00,0x00,0x00,0x00,0x00,
    0x00,0x00,0x00,0x00,0x00,0x00,0x00,0x00,0x00,0x00,0x00,0x00,0x00,0x00,0x00,0x00,
    0x00,0x00,0x00,0x00,0x00,0x00,0x00,0x00,0x00,0x00,0x00,0x00,0x00,0x00,0x00,0x00,
    0x00,0x00,0x00,0x00,0x00,0x00,0x00,0x00,0x00,0x00,0x00,0x00,0x00,0x00,0x00,0x00,
    0x00,0x00,0x00,0x00,0x20,0x00,0x62,0x00,0xcb,0x52,0xd0,0x73,0xb0,0x73,0x8f,0x73,
    0xb0,0x73,0x8f,0x6b,0xb0,0x73,0x6e,0x6b,0xc8,0x31,0x05,0x19,0xc8,0x31,0xa7,0x29,
    0xe4,0x10,0x66,0x29,0xa3,0x10,0x62,0x08,0x41,0x08,0x00,0x00,0x21,0x00,0x00,0x00,
    0x00,0x00,0x00,0x00,0x00,0x00,0x00,0x00,0x00,0x00,0x00,0x00,0x62,0x08,0x67,0x21,
    0x67,0x21,0x88,0x21,0x68,0x21,0x67,0x21,0x67,0x21,0x67,0x21,0x67,0x21,0x67,0x21,
    0x67,0x29,0x67,0x29,0x67,0x29,0x87,0x29,0x87,0x21,0x87,0x21,0x87,0x29,0xa7,0x29,
    0x87,0x29,0x87,0x29,0x87,0x29,0x87,0x29,0xa7,0x29,0xa8,0x29,0xa8,0x29,0xa8,0x29,
    0xa8,0x29,0xa8,0x29,0xa8,0x29,0xa8,0x29,0xa8,0x29,0xa8,0x29,0xc8,0x31,0xc8,0x31,
    0xc8,0x31,0xc8,0x31,0xc8,0x31,0xc8,0x31,0xc8,0x31,0xc8,0x31,0xc8,0x31,0xc8,0x31,
    0xc8,0x31,0xc9,0x31,0xc9,0x31,0xc9,0x31,0xc9,0x31,0xc9,0x31,0xc9,0x31,0xc9,0x31,
    0xc9,0x31,0xc9,0x31,0xc9,0x31,0xc9,0x31,0xc9,0x31,0xc9,0x31,0xc9,0x31,0xe9,0x31,
    0xe9,0x31,0xe9,0x31,0xe9,0x31,0xe9,0x31,0xe9,0x29,0xe9,0x31,0xe9,0x31,0xe9,0x31,
    0xe9,0x31,0xe9,0x31,0xe9,0x31,0xe9,0x31,0xe9,0x31,0xe9,0x31,0xe9,0x31,0xe9,0x31,
    0x0a,0x32,0x0a,0x3a,0x0a,0x3a,0x0a,0x3a,0x2a,0x32,0x2a,0x32,0x2a,0x32,0x2a,0x32,
    0x2a,0x32,0x2a,0x3a,0x2a,0x3a,0x2a,0x3a,0x2a,0x3a,0x2a,0x3a,0x2a,0x3a,0x2a,0x3a,
    0x2a,0x3a,0x2a,0x3a,0x2a,0x3a,0x2a,0x3a,0x2a,0x3a,0x2a,0x3a,0x2a,0x3a,0x2a,0x3a,
    0x2a,0x3a,0x2a,0x3a,0x2a,0x3a,0x2a,0x3a,0x2a,0x3a,0x2a,0x3a,0x2a,0x3a,0x0a,0x3a,
    0x0a,0x3a,0xe9,0x31,0xc9,0x31,0xa8,0x31,0x87,0x29,0x66,0x21,0x25,0x19,0xe4,0x10,
    0xa3,0x08,0x82,0x08,0x41,0x00,0x21,0x00,0x01,0x00,0x00,0x00,0x00,0x00,0x00,0x00,
    0x00,0x00,0x00,0x00,0x00,0x00,0x00,0x00,0x00,0x00,0x00,0x00,0x00,0x00,0x00,0x00,
    0x00,0x00,0x00,0x00,0x00,0x00,0x00,0x00,0x00,0x00,0x00,0x00,0x00,0x00,0x00,0x00,
    0x00,0x00,0x00,0x00,0x00,0x00,0x00,0x00,0x00,0x00,0x00,0x00,0x00,0x00,0x00,0x00,
    0x00,0x00,0x00,0x00,0x00,0x00,0x00,0x00,0x00,0x00,0x00,0x00,0x20,0x00,0x62,0x00,
    0xcb,0x52,0xf0,0x73,0xb0,0x73,0x8f,0x73,0xaf,0x73,0x6f,0x6b,0xb0,0x73,0x6f,0x6b,
    0xc8,0x29,0x05,0x19,0xc8,0x29,0x87,0x29,0xe4,0x10,0x66,0x29,0xa3,0x10,0x62,0x08,
    0x41,0x08,0x00,0x00,0x00,0x00,0x00,0x00,0x00,0x00,0x00,0x00,0x00,0x00,0x00,0x00,
    0x00,0x00,0x00,0x00,0x62,0x08,0x67,0x21,0x67,0x21,0x88,0x21,0x68,0x21,0x67,0x21,
    0x67,0x21,0x67,0x21,0x67,0x21,0x67,0x21,0x67,0x21,0x67,0x21,0x67,0x29,0x87,0x29,
    0x87,0x21,0x87,0x21,0x87,0x29,0xa7,0x29,0x87,0x29,0x87,0x29,0x87,0x29,0x87,0x29,
    0x87,0x29,0xa8,0x29,0xa8,0x29,0xa8,0x29,0xa8,0x29,0xa8,0x29,0xa8,0x29,0xa8,0x29,
    0xa8,0x29,0xa8,0x29,0xc8,0x31,0xc8,0x31,0xc8,0x31,0xc8,0x31,0xc8,0x31,0xc8,0x31,
    0xc8,0x31,0xc8,0x31,0xc8,0x31,0xc8,0x31,0xc8,0x31,0xc9,0x31,0xc9,0x31,0xc9,0x31,
    0xc9,0x31,0xc9,0x31,0xc9,0x31,0xc9,0x31,0xc9,0x31,0xc9,0x31,0xc9,0x31,0xc9,0x31,
    0xc9,0x31,0xc9,0x31,0xc9,0x31,0xe9,0x31,0xe9,0x31,0xe9,0x31,0xe9,0x31,0xe9,0x31,
    0xe9,0x29,0xe9,0x31,0xe9,0x31,0xe9,0x31,0xe9,0x31,0xe9,0x31,0xe9,0x31,0xe9,0x31,
    0xe9,0x31,0xe9,0x31,0xe9,0x31,0xe9,0x31,0x0a,0x32,0x0a,0x32,0x0a,0x3a,0x0a,0x3a,
    0x2a,0x32,0x2a,0x32,0x2a,0x32,0x2a,0x32,0x2a,0x32,0x2a,0x3a,0x2a,0x3a,0x2a,0x3a,
    0x2a,0x3a,0x2a,0x3a,0x2a,0x3a,0x2a,0x3a,0x2a,0x3a,0x2a,0x3a,0x2a,0x3a,0x2a,0x3a,
    0x2a,0x3a,0x2a,0x3a,0x2a,0x3a,0x2a,0x3a,0x2a,0x3a,0x2a,0x3a,0x2a,0x3a,0x2a,0x3a,
    0x2a,0x3a,0x2a,0x3a,0x2a,0x3a,0x0a,0x3a,0x09,0x32,0xe9,0x31,0xc9,0x31,0xa8,0x31,
    0x87,0x29,0x66,0x21,0x25,0x19,0xe4,0x10,0xa3,0x08,0x82,0x08,0x41,0x00,0x21,0x00,
    0x01,0x00,0x00,0x00,0x00,0x00,0x00,0x00,0x00,0x00,0x00,0x00,0x00,0x00,0x00,0x00,
    0x00,0x00,0x00,0x00,0x00,0x00,0x00,0x00,0x00,0x00,0x00,0x00,0x00,0x00,0x00,0x00,
    0x00,0x00,0x00,0x00,0x00,0x00,0x00,0x00,0x00,0x00,0x00,0x00,0x00,0x00,0x00,0x00,
    0x00,0x00,0x00,0x00,0x00,0x00,0x00,0x00,0x00,0x00,0x00,0x00,0x00,0x00,0x00,0x00,
    0x00,0x00,0x00,0x00,0x20,0x00,0x62,0x08,0xcb,0x4a,0xf0,0x73,0xb0,0x73,0x8f,0x73,
    0x8f,0x6b,0x6f,0x6b,0xb0,0x73,0x6f,0x6b,0xc8,0x29,0x05,0x19,0xa8,0x29,0x87,0x29,
    0xe4,0x10,0x66,0x29,0xa3,0x10,0x62,0x08,0x41,0x08,0x00,0x00,0x00,0x00,0x00,0x00,
    0x00,0x00,0x00,0x00,0x00,0x00,0x00,0x00,0x00,0x00,0x00,0x00,0x62,0x08,0x67,0x21,
    0x67,0x21,0x88,0x21,0x68,0x21,0x47,0x21,0x67,0x21,0x67,0x21,0x67,0x21,0x67,0x21,
    0x67,0x21,0x67,0x21,0x67,0x21,0x67,0x21,0x87,0x21,0x87,0x21,0x87,0x29,0x87,0x29,
    0x87,0x29,0x87,0x29,0x87,0x29,0x87,0x29,0x87,0x29,0xa8,0x29,0xa8,0x29,0xa8,0x29,
    0xa8,0x29,0xa8,0x29,0xa8,0x29,0xa8,0x29,0xa8,0x29,0xa8,0x29,0xc8,0x31,0xc8,0x31,
    0xc8,0x31,0xc8,0x31,0xc8,0x31,0xc8,0x31,0xc8,0x31,0xc8,0x31,0xc8,0x31,0xc8,0x31,
    0xc8,0x31,0xc9,0x31,0xc9,0x31,0xc9,0x31,0xc9,0x31,0xc9,0x31,0xc9,0x31,0xc9,0x31,
    0xc9,0x31,0xc9,0x31,0xc9,0x31,0xc9,0x31,0xc9,0x31,0xc9,0x31,0xc9,0x31,0xe9,0x31,
    0xe9,0x31,0xe9,0x31,0xe9,0x31,0xe9,0x31,0xe9,0x31,0xe9,0x31,0xe9,0x31,0xe9,0x31,
    0xe9,0x31,0xe9,0x31,0xe9,0x31,0xe9,0x31,0xe9,0x31,0xe9,0x31,0xe9,0x31,0xe9,0x31,
    0x09,0x32,0x0a,0x3a,0x0a,0x3a,0x0a,0x3a,0x0a,0x32,0x2a,0x32,0x2a,0x32,0x2a,0x32,
    0x2a,0x32,0x2a,0x3a,0x2a,0x3a,0x2a,0x3a,0x2a,0x3a,0x2a,0x3a,0x2a,0x3a,0x2a,0x3a,
    0x2a,0x3a,0x2a,0x3a,0x2a,0x3a,0x2a,0x3a,0x2a,0x3a,0x2a,0x3a,0x2a,0x3a,0x2a,0x3a,
    0x2a,0x3a,0x2a,0x3a,0x2a,0x3a,0x2a,0x3a,0x2a,0x3a,0x2a,0x3a,0x2a,0x3a,0x0a,0x3a,
    0x09,0x32,0xe9,0x31,0xc9,0x31,0xa8,0x31,0x87,0x29,0x66,0x21,0x25,0x19,0xe4,0x10,
    0xa3,0x08,0x82,0x08,0x41,0x00,0x21,0x00,0x01,0x00,0x00,0x00,0x00,0x00,0x00,0x00,
    0x00,0x00,0x00,0x00,0x00,0x00,0x00,0x00,0x00,0x00,0x00,0x00,0x00,0x00,0x00,0x00,
    0x00,0x00,0x00,0x00,0x00,0x00,0x00,0x00,0x00,0x00,0x00,0x00,0x00,0x00,0x00,0x00,
    0x00,0x00,0x00,0x00,0x00,0x00,0x00,0x00,0x00,0x00,0x00,0x00,0x00,0x00,0x00,0x00,
    0x00,0x00,0x00,0x00,0x00,0x00,0x00,0x00,0x00,0x00,0x00,0x00,0x00,0x00,0x62,0x08,
    0xcb,0x52,0xd0,0x73,0xaf,0x73,0xb0,0x73,0x8f,0x6b,0x6f,0x6b,0xb0,0x73,0x6f,0x6b,
    0xc8,0x31,0x05,0x19,0xa8,0x29,0x87,0x29,0xe4,0x10,0x66,0x29,0xa3,0x10,0x62,0x08,
    0x41,0x08,0x00,0x00,0x00,0x00,0x00,0x00,0x00,0x00,0x00,0x00,0x00,0x00,0x00,0x00,
    0x00,0x00,0x00,0x00,0x62,0x08,0x67,0x21,0x67,0x21,0x88,0x21,0x68,0x21,0x67,0x21,
    0x67,0x21,0x67,0x21,0x67,0x21,0x67,0x21,0x67,0x21,0x67,0x21,0x67,0x21,0x67,0x21,
    0x67,0x21,0x67,0x21,0x87,0x29,0x87,0x29,0x88,0x29,0x87,0x29,0x87,0x29,0x87,0x29,
    0x87,0x29,0xa7,0x29,0xa8,0x29,0xa7,0x29,0xa8,0x29,0xa8,0x29,0xa8,0x29,0xa8,0x29,
    0xa8,0x29,0xa8,0x29,0xc8,0x31,0xc8,0x31,0xc8,0x31,0xc8,0x31,0xc8,0x31,0xc8,0x31,
    0xc8,0x31,0xc8,0x31,0xc8,0x31,0xc8,0x31,0xc8,0x31,0xc9,0x31,0xc9,0x31,0xc9,0x31,
    0xc9,0x31,0xc9,0x31,0xc9,0x31,0xc9,0x31,0xc9,0x31,0xc9,0x31,0xc9,0x31,0xc9,0x31,
    0xc9,0x31,0xc9,0x31,0xc9,0x31,0xc9,0x31,0xc8,0x31,0xc8,0x31,0xc9,0x31,0xe9,0x31,
    0xe9,0x31,0xe9,0x31,0xe9,0x31,0xe9,0x31,0xe9,0x31,0xe9,0x31,0xe9,0x31,0xe9,0x31,
    0xe9,0x31,0xe9,0x31,0xe9,0x31,0xe9,0x31,0x09,0x3a,0x0a,0x3a,0x0a,0x3a,0x09,0x3a,
    0x0a,0x3a,0x2a,0x32,0x2a,0x32,0x2a,0x32,0x2a,0x32,0x2a,0x32,0x2a,0x32,0x2a,0x32,
    0x2a,0x32,0x2a,0x32,0x2a,0x32,0x2a,0x32,0x2a,0x3a,0x2a,0x3a,0x2a,0x3a,0x2a,0x3a,
    0x2a,0x3a,0x2a,0x3a,0x2a,0x3a,0x2a,0x3a,0x2a,0x3a,0x2a,0x3a,0x2a,0x3a,0x2a,0x3a,
    0x2a,0x3a,0x2a,0x3a,0x2a,0x3a,0x0a,0x3a,0x09,0x3a,0xe9,0x31,0xc9,0x31,0xc8,0x31,
    0x87,0x29,0x67,0x21,0x26,0x19,0xe4,0x10,0xa3,0x08,0x82,0x08,0x41,0x00,0x21,0x00,
    0x00,0x00,0x00,0x00,0x00,0x00,0x00,0x00,0x00,0x00,0x00,0x00,0x00,0x00,0x00,0x00,
    0x00,0x00,0x00,0x00,0x00,0x00,0x00,0x00,0x00,0x00,0x00,0x00,0x00,0x00,0x00,0x00,
    0x00,0x00,0x00,0x00,0x00,0x00,0x00,0x00,0x00,0x00,0x00,0x00,0x00,0x00,0x00,0x00,
    0x00,0x00,0x00,0x00,0x00,0x00,0x00,0x00,0x00,0x00,0x00,0x00,0x00,0x00,0x00,0x00,
    0x00,0x00,0x20,0x00,0x00,0x00,0x62,0x08,0xcb,0x52,0xd0,0x73,0xaf,0x6b,0xd0,0x73,
    0x8f,0x6b,0x6f,0x6b,0xb0,0x73,0x6f,0x6b,0xe8,0x31,0x05,0x19,0xa8,0x29,0x87,0x29,
    0xe4,0x10,0x66,0x29,0xa3,0x10,0x62,0x08,0x42,0x08,0x00,0x00,0x00,0x00,0x00,0x00,
    0x00,0x00,0x00,0x00,0x00,0x00,0x00,0x00,0x00,0x00,0x00,0x00,0x62,0x08,0x67,0x21,
    0x67,0x21,0x88,0x21,0x68,0x21,0x67,0x21,0x67,0x21,0x67,0x21,0x67,0x21,0x67,0x21,
    0x67,0x21,0x67,0x21,0x67,0x21,0x67,0x21,0x67,0x21,0x67,0x21,0x87,0x29,0x87,0x29,
    0x88,0x29,0x87,0x29,0x87,0x29,0x87,0x29,0x87,0x29,0x87,0x29,0xa8,0x29,0xa8,0x29,
    0xa8,0x29,0xa8,0x29,0xa8,0x29,0xa8,0x29,0xa8,0x29,0xa8,0x29,0xc8,0x31,0xc8,0x31,
    0xc8,0x31,0xc8,0x31,0xc8,0x31,0xc8,0x31,0xc8,0x31,0xc8,0x31,0xc8,0x31,0xc8,0x31,
    0xc8,0x31,0xc9,0x31,0xc9,0x31,0xc9,0x31,0xc9,0x31,0xc9,0x31,0xc9,0x31,0xc9,0x31,
    0xc9,0x31,0xc9,0x31,0xc9,0x31,0xc9,0x31,0xc9,0x31,0xc9,0x31,0xc9,0x31,0xc9,0x31,
    0xc9,0x31,0xc9,0x31,0xc9,0x31,0xc9,0x31,0xe9,0x31,0xe9,0x31,0xe9,0x31,0xe9,0x31,
    0xe9,0x31,0xe9,0x31,0xe9,0x31,0xe9,0x31,0xe9,0x31,0xe9,0x31,0x09,0x3a,0x09,0x3a,
    0x09,0x3a,0x09,0x3a,0x09,0x3a,0x09,0x3a,0x0a,0x3a,0x0a,0x32,0x2a,0x32,0x2a,0x32,
    0x2a,0x3a,0x2a,0x3a,0x2a,0x32,0x2a,0x32,0x0a,0x32,0x0a,0x32,0x0a,0x32,0x0a,0x32,
    0x2a,0x32,0x2a,0x3a,0x2a,0x3a,0x2a,0x3a,0x2a,0x3a,0x2a,0x3a,0x2a,0x3a,0x2a,0x3a,
    0x2a,0x3a,0x2a,0x3a,0x2a,0x3a,0x2a,0x3a,0x2a,0x3a,0x2a,0x3a,0x2a,0x3a,0x0a,0x3a,
    0x09,0x32,0xe9,0x31,0xc9,0x31,0xa8,0x31,0x87,0x29,0x67,0x21,0x26,0x19,0xe4,0x10,
    0xa3,0x08,0x82,0x08,0x41,0x00,0x21,0x00,0x00,0x00,0x00,0x00,0x00,0x00,0x00,0x00,
    0x00,0x00,0x00,0x00,0x00,0x00,0x00,0x00,0x00,0x00,0x00,0x00,0x00,0x00,0x00,0x00,
    0x00,0x00,0x00,0x00,0x00,0x00,0x00,0x00,0x00,0x00,0x00,0x00,0x00,0x00,0x00,0x00,
    0x00,0x00,0x00,0x00,0x00,0x00,0x00,0x00,0x00,0x00,0x00,0x00,0x00,0x00,0x00,0x00,
    0x00,0x00,0x00,0x00,0x00,0x00,0x00,0x00,0x00,0x00,0x00,0x00,0x00,0x00,0x62,0x08,
    0xcc,0x52,0xd0,0x73,0xaf,0x6b,0xb0,0x6b,0x8f,0x6b,0x6f,0x6b,0xb0,0x73,0x6f,0x6b,
    0xe8,0x31,0x05,0x19,0xa8,0x29,0x87,0x29,0xe4,0x10,0x66,0x29,0xa3,0x10,0x62,0x08,
    0x42,0x08,0x00,0x00,0x00,0x00,0x00,0x00,0x00,0x00,0x00,0x00,0x00,0x00,0x00,0x00,
    0x00,0x00,0x00,0x00,0x62,0x08,0x67,0x21,0x67,0x21,0x67,0x21,0x67,0x21,0x67,0x21,
    0x67,0x21,0x67,0x21,0x67,0x21,0x67,0x21,0x67,0x21,0x67,0x21,0x67,0x21,0x67,0x21,
    0x67,0x21,0x67,0x21,0x87,0x29,0x87,0x29,0x88,0x29,0x87,0x29,0x87,0x29,0x87,0x29,
    0x87,0x29,0x87,0x29,0xa8,0x29,0xa8,0x29,0xa8,0x29,0xa8,0x29,0xa8,0x29,0xa8,0x29,
    0xa8,0x29,0xa8,0x29,0xa8,0x29,0xc8,0x31,0xc8,0x31,0xc8,0x31,0xc8,0x31,0xc8,0x31,
    0xc8,0x31,0xc8,0x31,0xc8,0x31,0xc8,0x31,0xc8,0x31,0xc9,0x31,0xc9,0x31,0xc9,0x31,
    0xc9,0x31,0xc9,0x31,0xc9,0x31,0xc9,0x31,0xc9,0x31,0xc9,0x31,0xc9,0x31,0xc9,0x31,
    0xc9,0x31,0xc9,0x31,0xc9,0x31,0xc9,0x31,0xc9,0x31,0xc9,0x31,0xc9,0x31,0xc9,0x31,
    0xc9,0x31,0xe9,0x31,0xc9,0x31,0xe9,0x31,0xe9,0x31,0xe9,0x31,0xe9,0x31,0xe9,0x31,
    0xe9,0x31,0xe9,0x31,0x09,0x3a,0x09,0x3a,0x09,0x3a,0x09,0x3a,0x09,0x3a,0x09,0x3a,
    0x0a,0x3a,0x0a,0x32,0x0a,0x32,0x0a,0x32,0x2a,0x3a,0x2a,0x3a,0x2a,0x32,0x2a,0x32,
    0x2a,0x32,0x2a,0x32,0x2a,0x32,0x2a,0x32,0x2a,0x32,0x2a,0x3a,0x2a,0x3a,0x2a,0x3a,
    0x2a,0x3a,0x2a,0x3a,0x2a,0x3a,0x2a,0x3a,0x2a,0x3a,0x2a,0x3a,0x2a,0x3a,0x2a,0x3a,
    0x2a,0x3a,0x2a,0x3a,0x2a,0x3a,0x0a,0x3a,0xe9,0x31,0xe9,0x31,0xc9,0x31,0xa8,0x29,
    0x87,0x29,0x66,0x21,0x25,0x19,0xe4,0x10,0xa3,0x08,0x62,0x08,0x41,0x00,0x21,0x00,
    0x00,0x00,0x00,0x00,0x00,0x00,0x00,0x00,0x00,0x00,0x00,0x00,0x00,0x00,0x00,0x00,
    0x00,0x00,0x00,0x00,0x00,0x00,0x00,0x00,0x00,0x00,0x00,0x00,0x00,0x00,0x00,0x00,
    0x00,0x00,0x00,0x00,0x00,0x00,0x00,0x00,0x00,0x00,0x00,0x00,0x00,0x00,0x00,0x00,
    0x00,0x00,0x00,0x00,0x00,0x00,0x00,0x00,0x00,0x00,0x00,0x00,0x00,0x00,0x00,0x00,
    0x00,0x00,0x00,0x00,0x00,0x00,0x62,0x08,0xcc,0x52,0xaf,0x73,0xaf,0x6b,0x8f,0x6b,
    0x8f,0x6b,0x4e,0x63,0xaf,0x73,0x6f,0x6b,0xe8,0x31,0x05,0x19,0xa8,0x29,0x87,0x29,
    0xe4,0x10,0x86,0x29,0xa3,0x10,0x62,0x08,0x42,0x08,0x01,0x00,0x00,0x00,0x00,0x00,
    0x00,0x00,0x00,0x00,0x00,0x00,0x00,0x00,0x00,0x00,0x00,0x00,0x62,0x08,0x67,0x21,
    0x67,0x21,0x67,0x21,0x67,0x21,0x67,0x21,0x67,0x21,0x67,0x21,0x67,0x21,0x67,0x21,
    0x67,0x21,0x67,0x21,0x67,0x21,0x67,0x21,0x67,0x21,0x67,0x21,0x87,0x29,0x87,0x29,
    0x88,0x29,0x87,0x29,0x87,0x29,0x87,0x29,0x87,0x29,0x87,0x29,0xa7,0x29,0xa8,0x29,
    0xa8,0x29,0xa8,0x29,0xa8,0x29,0xa8,0x29,0xa7,0x29,0xa8,0x29,0xa8,0x29,0xc8,0x31,
    0xc8,0x31,0xc8,0x31,0xc8,0x31,0xc8,0x31,0xc8,0x31,0xc8,0x31,0xc8,0x31,0xc8,0x31,
    0xc8,0x31,0xc9,0x31,0xc9,0x31,0xc9,0x31,0xc9,0x31,0xc9,0x31,0xc9,0x31,0xc9,0x31,
    0xc9,0x31,0xc9,0x31,0xc9,0x31,0xc9,0x31,0xc9,0x31,0xc9,0x31,0xc9,0x31,0xc9,0x31,
    0xc9,0x31,0xc9,0x31,0xc9,0x31,0xc9,0x31,0xc9,0x31,0xe9,0x31,0xc9,0x31,0xe9,0x31,
    0xe9,0x31,0xe9,0x31,0xe9,0x31,0xe9,0x31,0xe9,0x31,0xe9,0x31,0xe9,0x31,0xe9,0x31,
    0x09,0x3a,0x09,0x3a,0x09,0x3a,0x09,0x3a,0x0a,0x3a,0x0a,0x3a,0x0a,0x32,0x0a,0x32,
    0x0a,0x32,0x0a,0x32,0x2a,0x32,0x2a,0x3a,0x2a,0x3a,0x2a,0x3a,0x2a,0x3a,0x2a,0x3a,
    0x2a,0x3a,0x2a,0x3a,0x2a,0x3a,0x2a,0x3a,0x2a,0x3a,0x2a,0x3a,0x2a,0x3a,0x2a,0x3a,
    0x2a,0x3a,0x2a,0x3a,0x2a,0x3a,0x2a,0x3a,0x2a,0x3a,0x2a,0x3a,0x2a,0x3a,0x0a,0x3a,
    0xe9,0x31,0xe9,0x31,0xc9,0x31,0xa8,0x29,0x87,0x29,0x66,0x21,0x25,0x19,0xe4,0x10,
    0xa3,0x08,0x62,0x08,0x41,0x00,0x21,0x00,0x00,0x00,0x00,0x00,0x00,0x00,0x00,0x00,
    0x00,0x00,0x00,0x00,0x00,0x00,0x00,0x00,0x00,0x00,0x00,0x00,0x00,0x00,0x00,0x00,
    0x00,0x00,0x00,0x00,0x00,0x00,0x00,0x00,0x00,0x00,0x00,0x00,0x00,0x00,0x00,0x00,
    0x00,0x00,0x00,0x00,0x00,0x00,0x00,0x00,0x00,0x00,0x00,0x00,0x00,0x00,0x00,0x00,
    0x00,0x00,0x00,0x00,0x00,0x00,0x00,0x00,0x00,0x00,0x00,0x00,0x00,0x00,0x62,0x08,
    0xcb,0x52,0xaf,0x73,0xb0,0x6b,0xaf,0x6b,0xaf,0x73,0x4e,0x63,0xaf,0x73,0x6f,0x6b,
    0xe9,0x31,0x25,0x19,0xa7,0x29,0x87,0x29,0xe4,0x10,0x86,0x29,0xa3,0x10,0x62,0x08,
    0x42,0x08,0x01,0x00,0x00,0x00,0x00,0x00,0x00,0x00,0x00,0x00,0x00,0x00,0x00,0x00,
    0x00,0x00,0x00,0x00,0x62,0x08,0x67,0x21,0x87,0x21,0x67,0x21,0x67,0x21,0x67,0x21,
    0x67,0x21,0x67,0x21,0x67,0x21,0x67,0x21,0x67,0x21,0x67,0x21,0x67,0x21,0x67,0x21,
    0x67,0x21,0x87,0x29,0x87,0x29,0x87,0x29,0x88,0x29,0x87,0x29,0x87,0x29,0x87,0x29,
    0x87,0x29,0x87,0x29,0xa7,0x29,0xa8,0x29,0xa8,0x29,0xa8,0x29,0xa8,0x29,0xa8,0x29,
    0xa7,0x29,0xa8,0x29,0xa8,0x29,0xc8,0x31,0xc8,0x31,0xc8,0x31,0xc8,0x31,0xc8,0x31,
    0xc8,0x31,0xc8,0x31,0xc8,0x31,0xc8,0x31,0xc8,0x31,0xc9,0x31,0xc9,0x31,0xc9,0x31,
    0xc9,0x31,0xc9,0x31,0xc9,0x31,0xc9,0x31,0xc9,0x31,0xc9,0x31,0xc9,0x31,0xc9,0x31,
    0xc9,0x31,0xc9,0x31,0xc9,0x31,0xc9,0x31,0xc9,0x31,0xc9,0x31,0xc9,0x31,0xc9,0x31,
    0xc9,0x31,0xe9,0x31,0xc9,0x31,0xe9,0x31,0xe9,0x31,0xe9,0x31,0xe9,0x31,0xe9,0x31,
    0xe9,0x31,0xe9,0x31,0xe9,0x31,0xe9,0x31,0xe9,0x31,0x09,0x3a,0x09,0x3a,0x09,0x3a,
    0x0a,0x3a,0x0a,0x3a,0x0a,0x32,0x0a,0x32,0x0a,0x32,0x0a,0x32,0x0a,0x32,0x2a,0x3a,
    0x2a,0x3a,0x2a,0x3a,0x2a,0x3a,0x2a,0x3a,0x2a,0x3a,0x2a,0x3a,0x2a,0x3a,0x2a,0x3a,
    0x2a,0x3a,0x2a,0x3a,0x2a,0x3a,0x2a,0x3a,0x2a,0x3a,0x2a,0x3a,0x2a,0x3a,0x2a,0x3a,
    0x2a,0x3a,0x2a,0x3a,0x2a,0x3a,0x0a,0x3a,0xe9,0x31,0xe9,0x31,0xc9,0x31,0xa8,0x29,
    0x87,0x29,0x46,0x21,0x25,0x19,0xe4,0x10,0xa3,0x08,0x62,0x08,0x41,0x00,0x21,0x00,
    0x00,0x00,0x00,0x00,0x00,0x00,0x00,0x00,0x00,0x00,0x00,0x00,0x00,0x00,0x00,0x00,
    0x00,0x00,0x00,0x00,0x00,0x00,0x00,0x00,0x00,0x00,0x00,0x00,0x00,0x00,0x00,0x00,
    0x00,0x00,0x00,0x00,0x00,0x00,0x00,0x00,0x00,0x00,0x00,0x00,0x00,0x00,0x00,0x00,
    0x00,0x00,0x00,0x00,0x00,0x00,0x00,0x00,0x00,0x00,0x00,0x00,0x00,0x00,0x00,0x00,
    0x00,0x00,0x00,0x00,0x00,0x00,0x62,0x08,0xab,0x52,0xaf,0x73,0xaf,0x6b,0xaf,0x6b,
    0xaf,0x73,0x4e,0x63,0x8f,0x6b,0x6f,0x6b,0xe9,0x31,0x25,0x19,0xa7,0x29,0x87,0x29,
    0xe4,0x10,0x86,0x29,0xa3,0x10,0x62,0x08,0x42,0x08,0x00,0x00,0x00,0x00,0x20,0x00,
    0x00,0x00,0x00,0x00,0x00,0x00,0x00,0x00,0x00,0x00,0x00,0x00,0x62,0x08,0x67,0x21,
    0x87,0x21,0x67,0x21,0x67,0x21,0x67,0x21,0x67,0x21,0x67,0x21,0x67,0x21,0x67,0x21,
    0x67,0x29,0x67,0x29,0x67,0x29,0x67,0x29,0x67,0x21,0x87,0x29,0x87,0x29,0x87,0x29,
    0x88,0x29,0x87,0x29,0x87,0x29,0x87,0x29,0x87,0x29,0x87,0x29,0xa8,0x29,0xa8,0x29,
    0xa8,0x29,0xa8,0x29,0xa8,0x29,0xa8,0x29,0xa8,0x29,0xa8,0x29,0xc8,0x31,0xc8,0x31,
    0xc8,0x31,0xc8,0x31,0xc8,0x31,0xc8,0x31,0xc8,0x31,0xc8,0x31,0xc8,0x31,0xc8,0x31,
    0xc8,0x31,0xc9,0x31,0xc9,0x31,0xc9,0x31,0xc9,0x31,0xc9,0x31,0xc9,0x31,0xc9,0x31,
    0xc9,0x31,0xc9,0x31,0xc9,0x31,0xc9,0x31,0xc9,0x31,0xc9,0x31,0xc9,0x31,0xc9,0x31,
    0xc9,0x31,0xc9,0x31,0xc9,0x31,0xc9,0x31,0xc9,0x31,0xe9,0x31,0xe9,0x31,0xe9,0x31,
    0xe9,0x31,0xe9,0x31,0xe9,0x31,0xe9,0x31,0xe9,0x31,0xe9,0x31,0xe9,0x31,0xe9,0x31,
    0xe9,0x31,0xe9,0x31,0x09,0x3a,0x09,0x3a,0xe9,0x31,0xe9,0x31,0xe9,0x31,0x09,0x32,
    0x0a,0x3a,0x0a,0x32,0x09,0x32,0x09,0x32,0x0a,0x3a,0x0a,0x32,0x2a,0x3a,0x0a,0x32,
    0x0a,0x32,0x0a,0x32,0x2a,0x3a,0x2a,0x3a,0x2a,0x3a,0x2a,0x3a,0x2a,0x3a,0x2a,0x3a,
    0x2a,0x3a,0x2a,0x3a,0x2a,0x3a,0x2a,0x3a,0x2a,0x3a,0x2a,0x3a,0x2a,0x3a,0x0a,0x3a,
    0xe9,0x31,0xe9,0x31,0xc9,0x31,0xa8,0x29,0x87,0x29,0x46,0x21,0x25,0x19,0xe4,0x10,
    0xa3,0x08,0x62,0x08,0x41,0x00,0x21,0x00,0x00,0x00,0x00,0x00,0x00,0x00,0x00,0x00,
    0x00,0x00,0x00,0x00,0x00,0x00,0x00,0x00,0x00,0x00,0x00,0x00,0x00,0x00,0x00,0x00,
    0x00,0x00,0x00,0x00,0x00,0x00,0x00,0x00,0x00,0x00,0x00,0x00,0x00,0x00,0x00,0x00,
    0x00,0x00,0x00,0x00,0x00,0x00,0x00,0x00,0x00,0x00,0x00,0x00,0x00,0x00,0x00,0x00,
    0x00,0x00,0x00,0x00,0x00,0x00,0x00,0x00,0x00,0x00,0x00,0x00,0x00,0x00,0x62,0x08,
    0xab,0x52,0xaf,0x73,0x8f,0x6b,0xaf,0x6b,0xaf,0x73,0x4e,0x63,0x8f,0x6b,0x6f,0x6b,
    0xe9,0x31,0x05,0x19,0xa7,0x29,0x87,0x29,0xe4,0x10,0x86,0x29,0xa3,0x10,0x62,0x08,
    0x42,0x08,0x00,0x00,0x00,0x00,0x20,0x00,0x00,0x00,0x00,0x00,0x00,0x00,0x00,0x00,
    0x00,0x00,0x00,0x00,0x62,0x08,0x67,0x21,0x87,0x21,0x67,0x21,0x67,0x21,0x67,0x21,
    0x67,0x21,0x67,0x21,0x67,0x21,0x67,0x29,0x67,0x29,0x67,0x29,0x67,0x29,0x67,0x29,
    0x67,0x21,0x87,0x29,0x87,0x29,0x87,0x29,0x88,0x29,0x87,0x29,0x87,0x29,0x87,0x29,
    0x87,0x29,0x87,0x29,0xa7,0x29,0xa8,0x29,0xa8,0x29,0xa8,0x29,0xa8,0x29,0xa8,0x29,
    0xa8,0x29,0xa8,0x29,0xc8,0x31,0xc8,0x31,0xc8,0x31,0xc8,0x31,0xc8,0x31,0xc8,0x31,
    0xc8,0x31,0xc8,0x31,0xc8,0x31,0xc8,0x31,0xc8,0x31,0xc9,0x31,0xc9,0x31,0xc9,0x31,
    0xc9,0x31,0xc9,0x31,0xc9,0x31,0xc9,0x31,0xc9,0x31,0xc9,0x31,0xc9,0x31,0xc9,0x31,
    0xc9,0x31,0xc9,0x31,0xc9,0x31,0xc9,0x31,0xc9,0x31,0xc9,0x31,0xc9,0x31,0xc9,0x31,
    0xe9,0x31,0xe9,0x31,0xe9,0x31,0xe9,0x31,0xe9,0x31,0xe9,0x31,0xe9,0x31,0xe9,0x31,
    0xe9,0x31,0xe9,0x31,0xe9,0x31,0xe9,0x31,0xe9,0x31,0xe9,0x31,0x09,0x3a,0x09,0x3a,
    0xe9,0x31,0xe9,0x31,0xe9,0x31,0xe9,0x39,0x0a,0x3a,0x09,0x32,0xe9,0x31,0xe9,0x31,
    0x0a,0x32,0x0a,0x32,0x09,0x32,0x09,0x32,0x09,0x32,0x09,0x32,0x0a,0x32,0x2a,0x3a,
    0x2a,0x3a,0x2a,0x3a,0x2a,0x3a,0x2a,0x3a,0x2a,0x3a,0x2a,0x3a,0x2a,0x3a,0x2a,0x3a,
    0x2a,0x3a,0x2a,0x3a,0x2a,0x3a,0x0a,0x3a,0xe9,0x31,0xe9,0x31,0xc9,0x31,0xa8,0x29,
    0x87,0x29,0x46,0x21,0x25,0x19,0xe4,0x10,0xa3,0x08,0x62,0x08,0x41,0x00,0x21,0x00,
    0x00,0x00,0x00,0x00,0x00,0x00,0x00,0x00,0x00,0x00,0x00,0x00,0x00,0x00,0x00,0x00,
    0x00,0x00,0x00,0x00,0x00,0x00,0x00,0x00,0x00,0x00,0x00,0x00,0x00,0x00,0x00,0x00,
    0x00,0x00,0x00,0x00,0x00,0x00,0x00,0x00,0x00,0x00,0x00,0x00,0x00,0x00,0x00,0x00,
    0x00,0x00,0x00,0x00,0x00,0x00,0x00,0x00,0x00,0x00,0x00,0x00,0x00,0x00,0x00,0x00,
    0x00,0x00,0x00,0x00,0x00,0x00,0x62,0x08,0xab,0x52,0xaf,0x73,0x8f,0x6b,0xaf,0x6b,
    0x8f,0x6b,0x4e,0x63,0x8f,0x6b,0x6e,0x6b,0xe9,0x31,0x05,0x19,0xa7,0x29,0x87,0x29,
    0xe4,0x10,0x86,0x29,0xa3,0x10,0x62,0x08,0x42,0x08,0x00,0x00,0x00,0x00,0x00,0x00,
    0x00,0x00,0x00,0x00,0x00,0x00,0x00,0x00,0x00,0x00,0x00,0x00,0x62,0x08,0x67,0x21,
    0x67,0x21,0x67,0x21,0x67,0x21,0x67,0x21,0x67,0x21,0x67,0x21,0x67,0x21,0x67,0x29,
    0x67,0x21,0x67,0x21,0x67,0x21,0x67,0x21,0x67,0x21,0x87,0x29,0x87,0x29,0x87,0x29,
    0x87,0x29,0x87,0x29,0x87,0x29,0x87,0x29,0x87,0x29,0x87,0x29,0x87,0x29,0x87,0x29,
    0x87,0x29,0xa7,0x29,0xa8,0x29,0xa8,0x29,0xa8,0x29,0xa8,0x29,0xa8,0x29,0xa8,0x29,
    0xc8,0x31,0xc8,0x31,0xc8,0x31,0xc8,0x31,0xc8,0x31,0xc8,0x31,0xc8,0x31,0xc8,0x31,
    0xc8,0x31,0xc9,0x31,0xc9,0x31,0xc9,0x31,0xc9,0x31,0xc9,0x31,0xc9,0x31,0xc9,0x31,
    0xc9,0x31,0xc9,0x31,0xc9,0x31,0xc9,0x31,0xe9,0x31,0xe9,0x31,0xe9,0x31,0xe9,0x31,
    0xc9,0x31,0xc9,0x31,0xc9,0x31,0xc9,0x31,0xe9,0x31,0xe9,0x31,0xe9,0x31,0xe9,0x31,
    0xe9,0x31,0xe9,0x31,0xe9,0x31,0xe9,0x31,0xe9,0x31,0xe9,0x31,0xe9,0x31,0xe9,0x31,
    0xe9,0x31,0xe9,0x31,0xe9,0x31,0xe9,0x31,0xe9,0x31,0xe9,0x31,0xe9,0x31,0xe9,0x39,
    0x09,0x32,0x09,0x32,0xe9,0x31,0xe9,0x31,0xe9,0x31,0xe9,0x31,0x09,0x32,0x09,0x32,
    0x0a,0x32,0x0a,0x32,0x0a,0x32,0x2a,0x3a,0x2a,0x3a,0x2a,0x3a,0x2a,0x3a,0x2a,0x3a,
    0x2a,0x3a,0x2a,0x3a,0x2a,0x3a,0x2a,0x3a,0x2a,0x3a,0x2a,0x3a,0x2a,0x3a,0x0a,0x3a,
    0xe9,0x31,0xe9,0x31,0xc9,0x31,0xa8,0x29,0x87,0x29,0x46,0x21,0x25,0x19,0xe4,0x10,
    0xa3,0x08,0x62,0x00,0x41,0x00,0x21,0x00,0x00,0x00,0x00,0x00,0x00,0x00,0x00,0x00,
    0x00,0x00,0x00,0x00,0x00,0x00,0x00,0x00,0x00,0x00,0x00,0x00,0x00,0x00,0x00,0x00,
    0x00,0x00,0x00,0x00,0x00,0x00,0x00,0x00,0x00,0x00,0x00,0x00,0x00,0x00,0x00,0x00,
    0x00,0x00,0x00,0x00,0x00,0x00,0x00,0x00,0x00,0x00,0x00,0x00,0x00,0x00,0x00,0x00,
    0x00,0x00,0x00,0x00,0x00,0x00,0x00,0x00,0x00,0x00,0x20,0x00,0x00,0x00,0x62,0x08,
    0xab,0x52,0xb0,0x73,0x8f,0x6b,0x8f,0x6b,0x8f,0x6b,0x4e,0x63,0x8f,0x6b,0x4e,0x63,
    0xe9,0x31,0x05,0x19,0xa7,0x29,0x87,0x29,0xc4,0x10,0x86,0x29,0xc3,0x10,0x82,0x08,
    0x42,0x08,0x00,0x00,0x00,0x00,0x00,0x00,0x00,0x00,0x00,0x00,0x00,0x00,0x00,0x00,
    0x20,0x00,0x00,0x00,0x62,0x08,0x67,0x21,0x68,0x21,0x68,0x21,0x68,0x21,0x67,0x21,
    0x67,0x21,0x67,0x21,0x67,0x29,0x67,0x29,0x67,0x21,0x67,0x21,0x67,0x21,0x67,0x21,
    0x67,0x29,0x67,0x29,0x67,0x29,0x87,0x29,0x87,0x29,0x87,0x29,0x87,0x29,0x87,0x29,
    0x87,0x29,0x87,0x29,0x87,0x29,0x87,0x29,0x87,0x29,0xa7,0x29,0xa8,0x29,0xa8,0x29,
    0xa7,0x29,0xa7,0x29,0xa7,0x29,0xa7,0x29,0xa8,0x29,0xa8,0x29,0xc8,0x31,0xc8,0x31,
    0xc8,0x31,0xc8,0x31,0xc8,0x31,0xc8,0x31,0xc8,0x31,0xc8,0x31,0xc8,0x31,0xe8,0x31,
    0xc9,0x31,0xc9,0x31,0xc9,0x31,0xc9,0x31,0xc9,0x31,0xc9,0x31,0xc9,0x31,0xc9,0x31,
    0xe9,0x31,0xe9,0x31,0xe9,0x31,0xe9,0x31,0xc9,0x31,0xc9,0x31,0xc9,0x31,0xc9,0x31,
    0xe9,0x31,0xe9,0x31,0xe9,0x31,0xe9,0x31,0xe9,0x31,0xe9,0x31,0xe9,0x31,0xe9,0x31,
    0xe9,0x31,0xe9,0x31,0xe9,0x31,0xe9,0x31,0xe9,0x31,0xe9,0x39,0xc9,0x39,0xe9,0x31,
    0xe9,0x31,0xe9,0x31,0xe9,0x31,0x0a,0x3a,0x09,0x3a,0xe9,0x31,0xe9,0x31,0xe9,0x31,
    0xe9,0x31,0xe9,0x31,0x09,0x32,0x09,0x32,0x09,0x32,0x09,0x32,0x0a,0x3a,0x0a,0x32,
    0x2a,0x32,0x2a,0x32,0x2a,0x3a,0x4a,0x3a,0x2a,0x3a,0x2a,0x3a,0x2a,0x3a,0x2a,0x3a,
    0x2a,0x3a,0x2a,0x3a,0x0a,0x3a,0x09,0x3a,0xe9,0x31,0xe9,0x31,0xc9,0x31,0xa8,0x29,
    0x87,0x29,0x46,0x21,0x25,0x19,0xe4,0x10,0xa3,0x08,0x62,0x00,0x41,0x00,0x21,0x00,
    0x00,0x00,0x00,0x00,0x00,0x00,0x00,0x00,0x00,0x00,0x00,0x00,0x00,0x00,0x00,0x00,
    0x00,0x00,0x00,0x00,0x00,0x00,0x00,0x00,0x00,0x00,0x00,0x00,0x00,0x00,0x00,0x00,
    0x00,0x00,0x00,0x00,0x00,0x00,0x00,0x00,0x00,0x00,0x00,0x00,0x00,0x00,0x00,0x00,
    0x00,0x00,0x00,0x00,0x00,0x00,0x00,0x00,0x00,0x00,0x00,0x00,0x00,0x00,0x00,0x00,
    0x00,0x00,0x20,0x00,0x20,0x00,0x62,0x08,0xab,0x52,0xaf,0x73,0x8f,0x6b,0x6f,0x6b,
    0x8f,0x6b,0x4e,0x63,0x8f,0x6b,0x4e,0x63,0xe9,0x31,0x05,0x19,0xa7,0x29,0x87,0x29,
    0xc4,0x10,0x86,0x29,0xc3,0x10,0x82,0x08,0x42,0x08,0x00,0x00,0x00,0x00,0x00,0x00,
    0x00,0x00,0x00,0x00,0x00,0x00,0x00,0x00,0x20,0x00,0x00,0x00,0x62,0x08,0x67,0x21,
    0x67,0x29,0x67,0x21,0x67,0x21,0x67,0x21,0x67,0x21,0x67,0x21,0x67,0x21,0x67,0x21,
    0x67,0x21,0x67,0x21,0x67,0x21,0x67,0x21,0x87,0x29,0x87,0x29,0x87,0x29,0x87,0x29,
    0x87,0x29,0x87,0x29,0x87,0x29,0x87,0x29,0xa7,0x29,0xa7,0x29,0x87,0x29,0x87,0x29,
    0x87,0x29,0xa8,0x29,0xa8,0x29,0xa8,0x29,0xa7,0x29,0xa7,0x29,0xa7,0x29,0xa7,0x29,
    0xa8,0x29,0xa8,0x29,0xc8,0x31,0xc8,0x31,0xc8,0x31,0xc8,0x31,0xc8,0x31,0xc8,0x31,
    0xc8,0x31,0xc8,0x31,0xc8,0x31,0xc8,0x31,0xc9,0x31,0xc9,0x31,0xc9,0x31,0xc9,0x31,
    0xc9,0x31,0xc9,0x31,0xc9,0x31,0xc9,0x31,0xe9,0x31,0xe9,0x31,0xe9,0x31,0xe9,0x31,
    0xc8,0x31,0xc9,0x31,0xc9,0x31,0xc9,0x31,0xe9,0x31,0xe9,0x31,0xe9,0x31,0xe9,0x31,
    0xe9,0x31,0xe9,0x31,0xe9,0x31,0xe9,0x31,0xe9,0x31,0xe9,0x31,0xe9,0x31,0xe9,0x31,
    0xe9,0x31,0xe9,0x31,0xe9,0x39,0xc9,0x31,0xe9,0x31,0xe9,0x31,0xe9,0x31,0xe9,0x39,
    0x0a,0x3a,0x09,0x3a,0xe9,0x31,0xe9,0x31,0xe9,0x31,0xe9,0x31,0x0a,0x3a,0x0a,0x3a,
    0x09,0x32,0x09,0x32,0x09,0x3a,0x0a,0x3a,0x0a,0x32,0x2a,0x32,0x2a,0x3a,0x2a,0x3a,
    0x2a,0x3a,0x2a,0x3a,0x2a,0x3a,0x2a,0x3a,0x2a,0x3a,0x2a,0x3a,0x0a,0x3a,0x09,0x3a,
    0xe9,0x31,0xe9,0x31,0xc9,0x31,0xa8,0x29,0x67,0x21,0x46,0x21,0x25,0x19,0xe4,0x10,
    0xa3,0x08,0x62,0x08,0x41,0x00,0x21,0x00,0x00,0x00,0x00,0x00,0x00,0x00,0x00,0x00,
    0x00,0x00,0x00,0x00,0x00,0x00,0x00,0x00,0x00,0x00,0x00,0x00,0x00,0x00,0x00,0x00,
    0x00,0x00,0x00,0x00,0x00,0x00,0x00,0x00,0x00,0x00,0x00,0x00,0x00,0x00,0x00,0x00,
    0x00,0x00,0x00,0x00,0x00,0x00,0x00,0x00,0x00,0x00,0x00,0x00,0x00,0x00,0x00,0x00,
    0x00,0x00,0x00,0x00,0x00,0x00,0x00,0x00,0x00,0x00,0x20,0x00,0x20,0x00,0x62,0x08,
    0xab,0x4a,0xd0,0x73,0xaf,0x6b,0x6f,0x6b,0x6f,0x6b,0x4e,0x63,0x8f,0x6b,0x4e,0x63,
    0xe9,0x31,0x05,0x19,0xa7,0x29,0x87,0x29,0xc4,0x10,0x66,0x29,0xc3,0x10,0x82,0x08,
    0x42,0x08,0x00,0x00,0x00,0x00,0x00,0x00,0x00,0x00,0x00,0x00,0x00,0x00,0x00,0x00,
    0x20,0x00,0x00,0x00,0x62,0x08,0x67,0x21,0x67,0x29,0x67,0x21,0x67,0x21,0x67,0x21,
    0x67,0x21,0x67,0x21,0x67,0x21,0x67,0x21,0x67,0x21,0x67,0x21,0x67,0x21,0x67,0x29,
    0x87,0x29,0x87,0x29,0x87,0x29,0x87,0x29,0x87,0x29,0x87,0x29,0x87,0x29,0x87,0x29,
    0xa7,0x29,0xa7,0x29,0x87,0x29,0x87,0x29,0x87,0x29,0xa7,0x29,0xa8,0x29,0xa8,0x29,
    0xa8,0x29,0xa8,0x29,0xa8,0x29,0xa8,0x29,0xa8,0x29,0xa8,0x29,0xc8,0x31,0xc8,0x31,
    0xc8,0x31,0xc8,0x31,0xc8,0x31,0xc8,0x31,0xc8,0x31,0xc8,0x31,0xc8,0x31,0xc8,0x31,
    0xc8,0x31,0xc8,0x31,0xc8,0x31,0xc8,0x31,0xc9,0x31,0xc8,0x31,0xc8,0x31,0xc9,0x31,
    0xc9,0x31,0xc9,0x31,0xc9,0x31,0xc9,0x31,0xc8,0x31,0xc8,0x31,0xc9,0x31,0xe9,0x31,
    0xe9,0x31,0xe9,0x31,0xe9,0x31,0xe9,0x31,0xe9,0x31,0xe9,0x31,0xe9,0x31,0xe9,0x31,
    0xe9,0x31,0xe9,0x31,0xe9,0x31,0xe9,0x31,0xe9,0x31,0xe9,0x31,0xe9,0x31,0xe9,0x39,
    0xe9,0x31,0xe9,0x31,0xe9,0x31,0xe9,0x31,0x09,0x32,0x0a,0x3a,0xe9,0x31,0xe9,0x31,
    0xe9,0x31,0xe9,0x39,0x09,0x3a,0x0a,0x3a,0xe9,0x31,0xe9,0x39,0xe9,0x39,0x0a,0x3a,
    0x0a,0x3a,0x0a,0x3a,0x0a,0x3a,0x0a,0x3a,0x0a,0x32,0x0a,0x32,0x0a,0x3a,0x0a,0x3a,
    0x09,0x3a,0x09,0x3a,0x09,0x3a,0x09,0x3a,0xe9,0x31,0xe9,0x31,0xc8,0x31,0xa8,0x29,
    0x67,0x21,0x46,0x21,0x25,0x19,0xe4,0x10,0xa3,0x08,0x62,0x08,0x41,0x00,0x21,0x00,
    0x00,0x00,0x00,0x00,0x00,0x00,0x00,0x00,0x00,0x00,0x00,0x00,0x00,0x00,0x00,0x00,
    0x00,0x00,0x00,0x00,0x00,0x00,0x00,0x00,0x00,0x00,0x00,0x00,0x00,0x00,0x00,0x00,
    0x00,0x00,0x00,0x00,0x00,0x00,0x00,0x00,0x00,0x00,0x00,0x00,0x00,0x00,0x00,0x00,
    0x00,0x00,0x00,0x00,0x00,0x00,0x00,0x00,0x00,0x00,0x00,0x00,0x00,0x00,0x00,0x00,
    0x00,0x00,0x20,0x00,0x00,0x00,0x62,0x00,0xab,0x4a,0xd0,0x73,0xaf,0x6b,0x6f,0x6b,
    0x6f,0x6b,0x4e,0x63,0x8f,0x6b,0x4e,0x63,0xe9,0x31,0x25,0x19,0xa7,0x29,0x87,0x29,
    0xc4,0x10,0x66,0x29,0xc3,0x10,0x82,0x08,0x42,0x08,0x00,0x00,0x00,0x00,0x00,0x00,
    0x00,0x00,0x00,0x00,0x00,0x00,0x00,0x00,0x20,0x00,0x00,0x00,0x62,0x08,0x67,0x21,
    0x67,0x29,0x67,0x21,0x67,0x21,0x67,0x21,0x67,0x21,0x67,0x21,0x67,0x21,0x67,0x21,
    0x67,0x21,0x67,0x21,0x67,0x21,0x87,0x29,0x87,0x29,0x87,0x29,0x87,0x29,0x87,0x29,
    0x87,0x29,0x67,0x29,0x67,0x29,0x88,0x29,0x87,0x21,0x87,0x21,0x87,0x29,0x87,0x29,
    0x87,0x29,0x87,0x29,0xa7,0x29,0xa8,0x29,0xa8,0x29,0xa8,0x29,0xa8,0x29,0xa8,0x29,
    0xa8,0x29,0xa8,0x29,0xc8,0x31,0xc8,0x31,0xa8,0x29,0xc8,0x31,0xc8,0x31,0xc8,0x31,
    0xc8,0x31,0xc8,0x31,0xc8,0x31,0xc8,0x31,0xc8,0x31,0xc8,0x31,0xc8,0x31,0xc8,0x31,
    0xc8,0x31,0xc8,0x31,0xc8,0x31,0xc8,0x31,0xc9,0x31,0xc9,0x31,0xc9,0x31,0xc9,0x31,
    0xc8,0x31,0xc8,0x31,0xc9,0x31,0xe9,0x31,0xe9,0x31,0xe9,0x31,0xe9,0x31,0xe9,0x31,
    0xe9,0x31,0xe9,0x31,0xe9,0x29,0xe9,0x29,0xe9,0x31,0xe9,0x31,0xe9,0x31,0xe9,0x31,
    0xe9,0x31,0xe9,0x31,0xe9,0x31,0xe9,0x31,0xe9,0x31,0xe9,0x31,0xe9,0x31,0xe9,0x31,
    0xe9,0x31,0x09,0x32,0x09,0x32,0xe9,0x31,0xe9,0x31,0xe9,0x31,0xe9,0x31,0xe9,0x31,
    0xe9,0x31,0xe9,0x39,0xe9,0x39,0xe9,0x39,0xe9,0x39,0xe9,0x39,0xe9,0x39,0xe9,0x39,
    0x0a,0x3a,0x0a,0x3a,0x0a,0x3a,0x0a,0x3a,0x09,0x3a,0x09,0x3a,0x09,0x3a,0xe9,0x31,
    0xe9,0x31,0xe9,0x31,0xc8,0x31,0xa8,0x29,0x67,0x21,0x46,0x21,0x25,0x19,0xc4,0x10,
    0xa3,0x08,0x62,0x08,0x42,0x08,0x21,0x00,0x00,0x00,0x00,0x00,0x00,0x00,0x00,0x00,
    0x00,0x00,0x00,0x00,0x00,0x00,0x00,0x00,0x00,0x00,0x00,0x00,0x00,0x00,0x00,0x00,
    0x00,0x00,0x00,0x00,0x00,0x00,0x00,0x00,0x00,0x00,0x00,0x00,0x00,0x00,0x00,0x00,
    0x00,0x00,0x00,0x00,0x00,0x00,0x00,0x00,0x00,0x00,0x00,0x00,0x00,0x00,0x00,0x00,
    0x00,0x00,0x00,0x00,0x00,0x00,0x00,0x00,0x00,0x00,0x00,0x00,0x00,0x00,0x61,0x00,
    0xab,0x4a,0xd0,0x73,0x8f,0x6b,0x6f,0x6b,0x6f,0x6b,0x4e,0x63,0x8f,0x6b,0x4e,0x63,
    0xe9,0x31,0x05,0x19,0xa7,0x29,0x87,0x29,0xc4,0x10,0x66,0x29,0xc3,0x10,0x82,0x08,
    0x42,0x08,0x00,0x00,0x00,0x00,0x00,0x00,0x00,0x00,0x00,0x00,0x00,0x00,0x00,0x00,
    0x20,0x00,0x00,0x00,0x62,0x08,0x67,0x21,0x87,0x29,0x67,0x21,0x67,0x21,0x67,0x21,
    0x67,0x21,0x67,0x29,0x87,0x29,0x67,0x21,0x67,0x21,0x67,0x21,0x67,0x21,0x87,0x29,
    0x87,0x29,0x87,0x29,0x87,0x29,0x87,0x29,0x87,0x29,0x67,0x21,0x68,0x29,0x88,0x29,
    0x87,0x21,0x87,0x21,0x87,0x29,0x87,0x29,0x87,0x29,0x87,0x29,0x87,0x29,0xa8,0x29,
    0xa8,0x29,0xa8,0x29,0xa8,0x29,0xa8,0x29,0xa7,0x29,0xa8,0x29,0xa8,0x29,0xa8,0x29,
    0xa8,0x29,0xa8,0x29,0xc8,0x31,0xc8,0x31,0xc8,0x31,0xc8,0x31,0xc8,0x31,0xc8,0x31,
    0xc8,0x31,0xc8,0x31,0xc8,0x31,0xc8,0x31,0xc8,0x31,0xc8,0x31,0xc8,0x31,0xc8,0x31,
    0xc9,0x31,0xc9,0x31,0xc9,0x31,0xc9,0x31,0xc8,0x31,0xc9,0x31,0xe9,0x31,0xe9,0x31,
    0xe9,0x31,0xe9,0x31,0xe9,0x31,0xe9,0x31,0xe9,0x31,0xe9,0x31,0xe9,0x31,0xe9,0x29,
    0xe9,0x31,0xe9,0x31,0xe9,0x31,0xe9,0x31,0xe9,0x31,0xe9,0x31,0xe9,0x31,0xe9,0x31,
    0xe9,0x31,0xe9,0x31,0xe9,0x31,0xe9,0x31,0x09,0x32,0x09,0x32,0x09,0x32,0xe9,0x31,
    0xe9,0x31,0xe9,0x31,0xe9,0x31,0xe9,0x31,0xe9,0x31,0xe9,0x31,0xe9,0x31,0xe9,0x39,
    0xe9,0x39,0xe9,0x39,0xe9,0x39,0xe9,0x31,0xe9,0x31,0xe9,0x31,0x09,0x32,0x0a,0x3a,
    0x09,0x3a,0x09,0x3a,0x09,0x3a,0xe9,0x31,0xe9,0x31,0xc9,0x31,0xc8,0x31,0xa8,0x29,
    0x67,0x21,0x46,0x21,0x05,0x19,0xc4,0x10,0xa3,0x08,0x62,0x08,0x41,0x00,0x21,0x00,
    0x00,0x00,0x00,0x00,0x00,0x00,0x00,0x00,0x00,0x00,0x00,0x00,0x00,0x00,0x00,0x00,
    0x00,0x00,0x00,0x00,0x00,0x00,0x00,0x00,0x00,0x00,0x00,0x00,0x00,0x00,0x00,0x00,
    0x00,0x00,0x00,0x00,0x00,0x00,0x00,0x00,0x00,0x00,0x00,0x00,0x00,0x00,0x00,0x00,
    0x00,0x00,0x00,0x00,0x00,0x00,0x00,0x00,0x00,0x00,0x00,0x00,0x00,0x00,0x00,0x00,
    0x00,0x00,0x00,0x00,0x20,0x00,0x61,0x00,0xab,0x4a,0xaf,0x73,0x8f,0x6b,0x4e,0x6b,
    0x6f,0x63,0x2e,0x63,0x8f,0x6b,0x4e,0x63,0xe9,0x31,0x05,0x19,0xa7,0x29,0x87,0x29,
    0xc4,0x10,0x66,0x29,0xc3,0x10,0x82,0x08,0x42,0x08,0x00,0x00,0x00,0x00,0x00,0x00,
    0x00,0x00,0x00,0x00,0x00,0x00,0x00,0x00,0x20,0x00,0x00,0x00,0x62,0x08,0x66,0x21,
    0x67,0x21,0x67,0x21,0x67,0x21,0x67,0x21,0x67,0x21,0x67,0x29,0x87,0x29,0x67,0x21,
    0x67,0x21,0x67,0x21,0x67,0x21,0x87,0x29,0x87,0x29,0x87,0x21,0x87,0x29,0x87,0x29,
    0x87,0x29,0x67,0x21,0x67,0x29,0x88,0x29,0x87,0x21,0x87,0x21,0x87,0x29,0x87,0x29,
    0x87,0x29,0x87,0x29,0x87,0x29,0xa8,0x29,0xa8,0x29,0xa8,0x29,0xa8,0x29,0xa8,0x29,
    0xa7,0x29,0xa8,0x29,0xa8,0x29,0xa8,0x29,0xa8,0x29,0xa8,0x29,0xa8,0x29,0xc8,0x31,
    0xc8,0x31,0xc8,0x31,0xc8,0x31,0xc8,0x31,0xc8,0x31,0xc8,0x31,0xc8,0x31,0xc8,0x31,
    0xc8,0x31,0xc8,0x31,0xc8,0x31,0xc8,0x31,0xc9,0x31,0xc9,0x31,0xc9,0x31,0xc9,0x31,
    0xc8,0x31,0xc9,0x31,0xc9,0x31,0xe9,0x31,0xe9,0x31,0xe9,0x31,0xe9,0x31,0xe9,0x31,
    0xe9,0x31,0xe9,0x31,0xe9,0x31,0xe9,0x31,0xe9,0x31,0xe9,0x31,0xe9,0x31,0xe9,0x31,
    0xe9,0x31,0xe9,0x31,0xe9,0x31,0xe9,0x31,0xe9,0x31,0xe9,0x31,0xe9,0x31,0xe9,0x31,
    0x09,0x32,0x09,0x32,0xe9,0x31,0xe9,0x31,0xe9,0x31,0xe9,0x31,0xe9,0x31,0xe9,0x31,
    0xe9,0x31,0xe9,0x31,0xe9,0x31,0xe9,0x31,0xe9,0x31,0xe9,0x39,0xe9,0x31,0xe9,0x31,
    0xe9,0x31,0xe9,0x31,0xe9,0x31,0xe9,0x39,0xe9,0x31,0xe9,0x31,0xe9,0x31,0xe9,0x31,
    0xe9,0x31,0xc9,0x31,0xc8,0x31,0xa8,0x29,0x67,0x21,0x46,0x21,0x05,0x19,0xc4,0x10,
    0xa3,0x08,0x62,0x08,0x41,0x00,0x21,0x00,0x00,0x00,0x00,0x00,0x00,0x00,0x00,0x00,
    0x00,0x00,0x00,0x00,0x00,0x00,0x00,0x00,0x00,0x00,0x00,0x00,0x00,0x00,0x00,0x00,
    0x00,0x00,0x00,0x00,0x00,0x00,0x00,0x00,0x00,0x00,0x00,0x00,0x00,0x00,0x00,0x00,
    0x00,0x00,0x00,0x00,0x00,0x00,0x00,0x00,0x00,0x00,0x00,0x00,0x00,0x00,0x00,0x00,
    0x00,0x00,0x00,0x00,0x00,0x00,0x00,0x00,0x00,0x00,0x00,0x00,0x20,0x00,0x61,0x00,
    0xab,0x4a,0xaf,0x73,0x8f,0x6b,0x6f,0x6b,0x4e,0x63,0x2e,0x63,0x8f,0x6b,0x4e,0x63,
    0xe9,0x31,0x05,0x19,0xa7,0x29,0x87,0x29,0xc4,0x10,0x66,0x29,0xc3,0x10,0x82,0x08,
    0x42,0x08,0x00,0x00,0x00,0x00,0x00,0x00,0x00,0x00,0x00,0x00,0x00,0x00,0x00,0x00,
    0x20,0x00,0x00,0x00,0x62,0x08,0x66,0x21,0x67,0x21,0x67,0x21,0x67,0x21,0x67,0x21,
    0x67,0x21,0x67,0x21,0x67,0x21,0x67,0x21,0x67,0x21,0x67,0x21,0x67,0x21,0x67,0x21,
    0x67,0x21,0x67,0x21,0x67,0x21,0x87,0x29,0x67,0x21,0x67,0x21,0x67,0x21,0x87,0x29,
    0x87,0x21,0x87,0x21,0x87,0x29,0x87,0x29,0x87,0x29,0x87,0x29,0x87,0x29,0x87,0x29,
    0x87,0x29,0x87,0x29,0x87,0x29,0x87,0x29,0x87,0x29,0xa8,0x29,0xa8,0x29,0xa8,0x29,
    0xa8,0x29,0xa8,0x29,0xa8,0x29,0xa8,0x29,0xc8,0x31,0xc8,0x31,0xc8,0x31,0xc8,0x31,
    0xc8,0x31,0xc8,0x31,0xc8,0x31,0xc8,0x31,0xc8,0x31,0xc8,0x31,0xc8,0x31,0xc8,0x31,
    0xc8,0x31,0xc8,0x31,0xc8,0x31,0xc8,0x31,0xc8,0x31,0xc8,0x31,0xc8,0x31,0xc8,0x31,
    0xe9,0x31,0xe9,0x31,0xe9,0x31,0xe9,0x31,0xe9,0x31,0xe9,0x31,0xe9,0x31,0xe9,0x31,
    0xe9,0x31,0xe9,0x31,0xe9,0x31,0xe9,0x31,0xe9,0x31,0xe9,0x31,0xe9,0x31,0xe9,0x31,
    0xe9,0x31,0xe9,0x31,0xe9,0x31,0xe9,0x31,0xe9,0x31,0xe9,0x31,0xe9,0x31,0xe9,0x31,
    0xe9,0x31,0xe9,0x31,0xe9,0x31,0xe9,0x31,0xe9,0x31,0xe9,0x31,0xe9,0x31,0xe9,0x31,
    0xe9,0x31,0xe9,0x31,0xe9,0x31,0xe9,0x31,0xe9,0x31,0xe9,0x31,0xe9,0x31,0xe9,0x31,
    0xe9,0x31,0xe9,0x31,0xe9,0x31,0xe9,0x31,0xe9,0x31,0xc8,0x31,0xc8,0x31,0x88,0x29,
    0x67,0x21,0x46,0x21,0x05,0x19,0xc4,0x10,0xa3,0x08,0x62,0x00,0x41,0x00,0x01,0x00,
    0x00,0x00,0x00,0x00,0x00,0x00,0x00,0x00,0x00,0x00,0x00,0x00,0x00,0x00,0x00,0x00,
    0x00,0x00,0x00,0x00,0x00,0x00,0x00,0x00,0x00,0x00,0x00,0x00,0x00,0x00,0x00,0x00,
    0x00,0x00,0x00,0x00,0x00,0x00,0x00,0x00,0x00,0x00,0x00,0x00,0x00,0x00,0x00,0x00,
    0x00,0x00,0x00,0x00,0x00,0x00,0x00,0x00,0x00,0x00,0x00,0x00,0x00,0x00,0x00,0x00,
    0x00,0x00,0x00,0x00,0x20,0x00,0x62,0x00,0xab,0x4a,0xaf,0x6b,0x8f,0x6b,0x6f,0x6b,
    0x4e,0x63,0x2e,0x63,0x8f,0x73,0x4e,0x6b,0xe9,0x31,0x05,0x19,0x87,0x29,0x87,0x29,
    0xe4,0x10,0x66,0x29,0xc3,0x10,0x82,0x08,0x42,0x08,0x00,0x00,0x00,0x00,0x00,0x00,
    0x00,0x00,0x00,0x00,0x00,0x00,0x00,0x00,0x20,0x00,0x00,0x00,0x82,0x08,0x66,0x21,
    0x67,0x21,0x67,0x21,0x66,0x21,0x66,0x21,0x67,0x21,0x67,0x21,0x67,0x21,0x67,0x21,
    0x67,0x21,0x67,0x21,0x67,0x21,0x67,0x21,0x67,0x21,0x67,0x21,0x67,0x21,0x87,0x29,
    0x67,0x21,0x67,0x21,0x67,0x21,0x87,0x29,0x87,0x21,0x87,0x21,0x87,0x29,0x87,0x29,
    0x87,0x29,0x87,0x29,0x87,0x29,0x87,0x29,0x87,0x29,0x87,0x29,0x87,0x29,0x87,0x29,
    0x87,0x29,0xa8,0x29,0xa8,0x29,0xa8,0x29,0xa8,0x29,0xa8,0x29,0xa8,0x29,0xa8,0x29,
    0xa8,0x29,0xc8,0x31,0xc8,0x31,0xc8,0x31,0xc8,0x31,0xc8,0x31,0xc8,0x31,0xc8,0x31,
    0xc9,0x31,0xc9,0x31,0xc9,0x31,0xc8,0x31,0xc8,0x31,0xc8,0x31,0xc8,0x31,0xc8,0x31,
    0xc8,0x31,0xc8,0x31,0xc8,0x31,0xc8,0x31,0xc9,0x31,0xc9,0x31,0xc9,0x31,0xc9,0x31,
    0xe9,0x31,0xe9,0x31,0xe9,0x31,0xe9,0x31,0xe9,0x31,0xe9,0x31,0xe9,0x31,0xe9,0x31,
    0xe9,0x31,0xe9,0x31,0xe9,0x31,0xe9,0x31,0xe9,0x31,0xe9,0x31,0xe9,0x31,0xe9,0x31,
    0xe9,0x31,0xe9,0x31,0xe9,0x31,0xe9,0x31,0xe9,0x31,0xe9,0x31,0xe9,0x31,0xe9,0x31,
    0xe9,0x31,0xe9,0x31,0xe9,0x31,0xe9,0x31,0xe9,0x31,0xe9,0x31,0xe9,0x31,0xe9,0x31,
    0xe9,0x31,0xe9,0x31,0xe9,0x31,0xe9,0x31,0xe9,0x31,0xe9,0x31,0xe9,0x31,0xe9,0x31,
    0xe9,0x31,0xc8,0x31,0xc8,0x31,0x88,0x29,0x67,0x21,0x26,0x19,0x05,0x11,0xc4,0x10,
    0xa3,0x08,0x62,0x00,0x41,0x00,0x01,0x00,0x00,0x00,0x00,0x00,0x00,0x00,0x00,0x00,
    0x00,0x00,0x00,0x00,0x00,0x00,0x00,0x00,0x00,0x00,0x00,0x00,0x00,0x00,0x00,0x00,
    0x00,0x00,0x00,0x00,0x00,0x00,0x00,0x00,0x00,0x00,0x00,0x00,0x00,0x00,0x00,0x00,
    0x00,0x00,0x00,0x00,0x00,0x00,0x00,0x00,0x00,0x00,0x00,0x00,0x00,0x00,0x00,0x00,
    0x00,0x00,0x00,0x00,0x00,0x00,0x00,0x00,0x00,0x00,0x00,0x00,0x20,0x00,0x62,0x00,
    0xab,0x4a,0xaf,0x6b,0x8f,0x6b,0x6f,0x6b,0x4e,0x6b,0x2e,0x63,0x8f,0x73,0x4e,0x6b,
    0xe8,0x31,0x05,0x19,0x87,0x29,0x87,0x29,0xe4,0x10,0x66,0x21,0xc4,0x10,0x83,0x08,
    0x42,0x00,0x20,0x00,0x00,0x00,0x00,0x00,0x00,0x00,0x00,0x00,0x00,0x00,0x00,0x00,
    0x20,0x00,0x00,0x00,0x82,0x08,0x66,0x21,0x67,0x21,0x66,0x21,0x66,0x21,0x66,0x21,
    0x66,0x21,0x66,0x21,0x66,0x21,0x66,0x21,0x67,0x21,0x67,0x21,0x67,0x21,0x67,0x21,
    0x66,0x21,0x67,0x21,0x67,0x21,0x67,0x21,0x67,0x21,0x67,0x21,0x67,0x21,0x87,0x29,
    0x87,0x29,0x87,0x29,0x87,0x29,0x87,0x29,0x87,0x29,0x87,0x29,0x87,0x29,0x87,0x29,
    0x87,0x29,0x87,0x29,0x87,0x29,0x87,0x29,0x87,0x29,0xa8,0x29,0xa8,0x29,0xa8,0x29,
    0xa8,0x29,0xa8,0x29,0xa8,0x29,0xa8,0x29,0xa8,0x29,0xa8,0x29,0xa8,0x29,0xa8,0x29,
    0xc8,0x31,0xc8,0x31,0xc8,0x31,0xc8,0x31,0xc9,0x31,0xc8,0x31,0xc8,0x31,0xc8,0x31,
    0xc8,0x31,0xc8,0x31,0xc8,0x31,0xc8,0x31,0xc8,0x31,0xc8,0x31,0xc8,0x31,0xc8,0x31,
    0xc9,0x31,0xc9,0x31,0xc9,0x31,0xc9,0x31,0xe9,0x31,0xe9,0x31,0xe9,0x31,0xe9,0x31,
    0xe9,0x31,0xe9,0x31,0xe9,0x31,0xe9,0x31,0xe9,0x31,0xe9,0x31,0xe9,0x31,0xe9,0x31,
    0xe9,0x31,0xe9,0x31,0xe9,0x31,0xe9,0x31,0xe9,0x31,0xe9,0x31,0xe9,0x31,0xe9,0x31,
    0xe9,0x31,0xe9,0x31,0xe9,0x31,0xe9,0x31,0xe9,0x31,0xe9,0x31,0xe9,0x31,0xe9,0x31,
    0xe9,0x31,0xe9,0x31,0xe9,0x31,0xe9,0x31,0xe9,0x31,0xe9,0x31,0xe9,0x31,0xe9,0x31,
    0xe9,0x31,0xe9,0x31,0xe9,0x31,0xe9,0x31,0xc9,0x31,0xc8,0x31,0xc8,0x31,0x88,0x29,
    0x66,0x21,0x26,0x19,0xe5,0x10,0xc4,0x10,0xa3,0x08,0x62,0x08,0x41,0x00,0x21,0x00,
    0x00,0x00,0x00,0x00,0x00,0x00,0x00,0x00,0x00,0x00,0x00,0x00,0x00,0x00,0x00,0x00,
    0x00,0x00,0x00,0x00,0x00,0x00,0x00,0x00,0x00,0x00,0x00,0x00,0x00,0x00,0x00,0x00,
    0x00,0x00,0x00,0x00,0x00,0x00,0x00,0x00,0x00,0x00,0x00,0x00,0x00,0x00,0x00,0x00,
    0x00,0x00,0x00,0x00,0x00,0x00,0x00,0x00,0x00,0x00,0x00,0x00,0x00,0x00,0x00,0x00,
    0x00,0x00,0x00,0x00,0x20,0x00,0x61,0x00,0xab,0x4a,0xaf,0x6b,0x8f,0x6b,0x6f,0x6b,
    0x4f,0x6b,0x2e,0x63,0x8f,0x73,0x2e,0x63,0xe8,0x31,0x05,0x19,0x87,0x29,0x87,0x29,
    0xe4,0x10,0x66,0x21,0xc4,0x10,0x83,0x08,0x62,0x00,0x20,0x00,0x00,0x00,0x00,0x00,
    0x00,0x00,0x00,0x00,0x00,0x00,0x00,0x00,0x00,0x00,0x00,0x00,0x62,0x08,0x67,0x21,
    0x67,0x21,0x66,0x21,0x66,0x21,0x66,0x21,0x66,0x21,0x66,0x21,0x66,0x21,0x66,0x21,
    0x66,0x21,0x66,0x21,0x66,0x21,0x66,0x21,0x66,0x21,0x67,0x21,0x67,0x21,0x67,0x21,
    0x67,0x21,0x67,0x21,0x67,0x21,0x67,0x29,0x87,0x29,0x87,0x29,0x87,0x29,0x87,0x29,
    0x87,0x29,0x87,0x29,0x87,0x29,0x87,0x29,0x87,0x29,0x87,0x29,0x87,0x29,0x87,0x29,
    0x87,0x29,0xa7,0x29,0xa8,0x29,0xa8,0x29,0xa8,0x29,0xa8,0x29,0xa8,0x29,0xa8,0x29,
    0xa8,0x29,0xa8,0x29,0xa8,0x29,0xa8,0x29,0xc8,0x31,0xc8,0x31,0xc8,0x31,0xc8,0x31,
    0xc8,0x31,0xc8,0x31,0xc8,0x31,0xc8,0x31,0xc8,0x29,0xc8,0x31,0xc8,0x31,0xc8,0x31,
    0xc8,0x31,0xc8,0x31,0xc8,0x31,0xc8,0x31,0xc8,0x31,0xc8,0x31,0xc8,0x31,0xc8,0x31,
    0xe9,0x31,0xe9,0x31,0xe9,0x31,0xe9,0x31,0xe9,0x31,0xe9,0x31,0xe9,0x31,0xe9,0x31,
    0xe9,0x31,0xe9,0x31,0xe9,0x31,0xe9,0x31,0xe9,0x31,0xe9,0x31,0xe9,0x31,0xe9,0x31,
    0xe9,0x31,0xe9,0x31,0xe9,0x31,0xe9,0x31,0xe9,0x31,0xe9,0x31,0xe9,0x31,0xe9,0x31,
    0xe9,0x31,0xe9,0x31,0x09,0x32,0x09,0x32,0xe9,0x31,0xe9,0x31,0xe9,0x31,0xe9,0x31,
    0xe9,0x31,0xe9,0x31,0xe9,0x31,0xe9,0x31,0xe9,0x31,0xe9,0x31,0xe9,0x31,0xe9,0x31,
    0xe9,0x31,0xc8,0x31,0xa8,0x29,0x87,0x29,0x66,0x21,0x26,0x19,0x05,0x11,0xc4,0x10,
    0xa3,0x08,0x62,0x08,0x41,0x00,0x21,0x00,0x00,0x00,0x00,0x00,0x00,0x00,0x00,0x00,
    0x00,0x00,0x00,0x00,0x00,0x00,0x00,0x00,0x00,0x00,0x00,0x00,0x00,0x00,0x00,0x00,
    0x00,0x00,0x00,0x00,0x00,0x00,0x00,0x00,0x00,0x00,0x00,0x00,0x00,0x00,0x00,0x00,
    0x00,0x00,0x00,0x00,0x00,0x00,0x00,0x00,0x00,0x00,0x00,0x00,0x00,0x00,0x00,0x00,
    0x00,0x00,0x00,0x00,0x00,0x00,0x00,0x00,0x00,0x00,0x00,0x00,0x20,0x00,0x61,0x00,
    0xab,0x4a,0x8f,0x6b,0x6f,0x6b,0x6f,0x6b,0x4f,0x6b,0x2e,0x63,0x8f,0x73,0x2e,0x63,
    0xe8,0x31,0xe4,0x18,0x87,0x29,0x87,0x29,0xe4,0x10,0x66,0x21,0xc4,0x10,0x83,0x08,
    0x62,0x08,0x20,0x00,0x00,0x00,0x00,0x00,0x00,0x00,0x00,0x00,0x00,0x00,0x00,0x00,
    0x00,0x00,0x00,0x00,0x62,0x08,0x66,0x21,0x67,0x21,0x66,0x21,0x66,0x21,0x66,0x21,
    0x66,0x21,0x66,0x21,0x66,0x21,0x66,0x21,0x66,0x21,0x66,0x21,0x66,0x21,0x66,0x21,
    0x66,0x21,0x67,0x21,0x67,0x21,0x67,0x21,0x87,0x29,0x67,0x21,0x67,0x21,0x67,0x21,
    0x67,0x29,0x67,0x29,0x67,0x29,0x87,0x29,0x67,0x29,0x87,0x29,0x88,0x29,0x88,0x29,
    0x87,0x29,0x87,0x29,0x87,0x29,0x87,0x29,0x87,0x29,0x87,0x29,0xa7,0x29,0xa8,0x29,
    0xa8,0x29,0xa8,0x29,0xa7,0x29,0xa7,0x29,0xa8,0x29,0xa8,0x29,0xa8,0x29,0xa8,0x29,
    0xa8,0x29,0xa8,0x31,0xa8,0x31,0xa8,0x31,0xc8,0x31,0xc8,0x31,0xc8,0x31,0xc8,0x31,
    0xc8,0x29,0xc8,0x29,0xc8,0x31,0xc8,0x31,0xc8,0x31,0xc8,0x31,0xc8,0x31,0xc8,0x31,
    0xc8,0x31,0xc8,0x31,0xc8,0x31,0xc8,0x31,0xc9,0x31,0xc9,0x31,0xc9,0x31,0xc9,0x31,
    0xe9,0x31,0xe9,0x31,0xe9,0x31,0xe9,0x31,0xe9,0x31,0xe9,0x31,0xe9,0x31,0xe9,0x31,
    0xe9,0x31,0xe9,0x31,0xe9,0x31,0xe9,0x31,0xe9,0x31,0xe9,0x31,0xe9,0x31,0xe9,0x31,
    0xe9,0x31,0xe9,0x31,0xe9,0x31,0xe9,0x31,0xe9,0x31,0xe9,0x31,0xe9,0x31,0xe9,0x31,
    0xe9,0x31,0xe9,0x31,0xe9,0x31,0xe9,0x31,0xe9,0x31,0xe9,0x31,0xe9,0x31,0xe9,0x31,
    0xe9,0x31,0xe9,0x31,0xe9,0x31,0xe9,0x31,0xe9,0x31,0xc8,0x31,0xa8,0x29,0x87,0x29,
    0x66,0x21,0x46,0x19,0x05,0x11,0xc4,0x08,0xa3,0x08,0x62,0x08,0x41,0x00,0x21,0x00,
    0x00,0x00,0x00,0x00,0x00,0x00,0x00,0x00,0x00,0x00,0x00,0x00,0x00,0x00,0x00,0x00,
    0x00,0x00,0x00,0x00,0x00,0x00,0x00,0x00,0x00,0x00,0x00,0x00,0x00,0x00,0x00,0x00,
    0x00,0x00,0x00,0x00,0x00,0x00,0x00,0x00,0x00,0x00,0x00,0x00,0x00,0x00,0x00,0x00,
    0x00,0x00,0x00,0x00,0x00,0x00,0x00,0x00,0x00,0x00,0x00,0x00,0x00,0x00,0x00,0x00,
    0x00,0x00,0x00,0x00,0x20,0x00,0x61,0x00,0xab,0x4a,0x8f,0x6b,0x6f,0x6b,0x6f,0x6b,
    0x4e,0x63,0x2e,0x63,0x8f,0x6b,0x2e,0x63,0xe8,0x31,0xe4,0x18,0x87,0x29,0x87,0x29,
    0xe4,0x10,0x66,0x29,0xc4,0x10,0x83,0x08,0x62,0x08,0x20,0x00,0x00,0x00,0x00,0x00,
    0x00,0x00,0x00,0x00,0x00,0x00,0x00,0x00,0x00,0x00,0x00,0x00,0x62,0x08,0x66,0x21,
    0x67,0x21,0x66,0x21,0x66,0x21,0x66,0x21,0x66,0x21,0x66,0x21,0x66,0x21,0x66,0x21,
    0x66,0x21,0x66,0x21,0x66,0x21,0x66,0x21,0x66,0x21,0x67,0x21,0x67,0x21,0x67,0x21,
    0x87,0x29,0x67,0x21,0x67,0x21,0x67,0x21,0x67,0x29,0x67,0x29,0x67,0x29,0x67,0x29,
    0x67,0x29,0x67,0x29,0x88,0x29,0x88,0x29,0x87,0x29,0x87,0x29,0x87,0x29,0x87,0x29,
    0x87,0x29,0x87,0x29,0x87,0x29,0xa7,0x29,0xa7,0x29,0xa7,0x29,0xa7,0x29,0xa7,0x29,
    0xa8,0x29,0xa7,0x29,0xa8,0x29,0xa8,0x29,0xa8,0x29,0xa8,0x29,0xa8,0x29,0xa8,0x29,
    0xc8,0x31,0xc8,0x31,0xc8,0x31,0xc8,0x31,0xc8,0x29,0xc8,0x29,0xc8,0x31,0xc8,0x31,
    0xc8,0x31,0xc8,0x31,0xc8,0x31,0xc8,0x31,0xc8,0x31,0xc8,0x31,0xc8,0x31,0xc8,0x31,
    0xc9,0x31,0xc9,0x31,0xc9,0x31,0xc9,0x31,0xc9,0x31,0xc9,0x31,0xc9,0x31,0xc9,0x31,
    0xc9,0x31,0xc9,0x31,0xc9,0x31,0xe9,0x31,0xe9,0x31,0xe9,0x31,0xe9,0x31,0xe9,0x31,
    0xe9,0x31,0xe9,0x31,0xe9,0x31,0xe9,0x31,0xe9,0x31,0xe9,0x31,0xe9,0x31,0xe9,0x31,
    0xe9,0x31,0xe9,0x31,0xe9,0x31,0xe9,0x31,0xe9,0x31,0xe9,0x31,0xe9,0x31,0xe9,0x31,
    0xe9,0x31,0xe9,0x31,0xe9,0x31,0xe9,0x31,0xe9,0x31,0xe9,0x31,0xe9,0x31,0xe9,0x31,
    0xc9,0x31,0xc8,0x31,0xa8,0x29,0x87,0x29,0x46,0x21,0x46,0x19,0x05,0x11,0xc4,0x08,
    0x83,0x08,0x62,0x08,0x41,0x00,0x21,0x00,0x00,0x00,0x00,0x00,0x00,0x00,0x00,0x00,
    0x00,0x00,0x00,0x00,0x00,0x00,0x00,0x00,0x00,0x00,0x00,0x00,0x00,0x00,0x00,0x00,
    0x00,0x00,0x00,0x00,0x00,0x00,0x00,0x00,0x00,0x00,0x00,0x00,0x00,0x00,0x00,0x00,
    0x00,0x00,0x00,0x00,0x00,0x00,0x00,0x00,0x00,0x00,0x00,0x00,0x00,0x00,0x00,0x00,
    0x00,0x00,0x00,0x00,0x00,0x00,0x00,0x00,0x00,0x00,0x00,0x00,0x20,0x00,0x61,0x00,
    0x8b,0x4a,0x8f,0x6b,0x6f,0x6b,0x6f,0x6b,0x2e,0x63,0x2e,0x5b,0x8f,0x6b,0x2e,0x63,
    0xe8,0x31,0xe4,0x18,0x87,0x29,0x87,0x29,0xe4,0x10,0x66,0x29,0xc4,0x10,0x83,0x08,
    0x62,0x08,0x20,0x00,0x00,0x00,0x00,0x00,0x00,0x00,0x00,0x00,0x00,0x00,0x00,0x00,
    0x00,0x00,0x00,0x00,0x62,0x08,0x66,0x21,0x67,0x21,0x66,0x21,0x66,0x21,0x66,0x21,
    0x66,0x21,0x66,0x21,0x66,0x21,0x66,0x21,0x66,0x21,0x66,0x21,0x66,0x21,0x66,0x21,
    0x67,0x21,0x67,0x21,0x67,0x21,0x67,0x21,0x87,0x29,0x67,0x21,0x67,0x21,0x67,0x21,
    0x68,0x29,0x68,0x29,0x68,0x29,0x68,0x29,0x68,0x29,0x88,0x29,0x88,0x29,0x88,0x29,
    0x87,0x29,0x87,0x29,0x87,0x29,0x87,0x29,0x87,0x29,0x87,0x29,0x87,0x29,0x87,0x29,
    0x87,0x29,0x87,0x29,0xa7,0x29,0xa7,0x29,0xa8,0x29,0xa8,0x29,0xa8,0x29,0xc8,0x29,
    0xc8,0x29,0xc8,0x29,0xc8,0x29,0xc8,0x29,0xc8,0x29,0xc8,0x29,0xc8,0x29,0xc8,0x29,
    0xc8,0x29,0xc8,0x29,0xc8,0x29,0xc8,0x31,0xc8,0x29,0xc8,0x31,0xc8,0x31,0xc8,0x31,
    0xc8,0x31,0xc8,0x31,0xc8,0x31,0xc8,0x31,0xc9,0x31,0xc8,0x31,0xc9,0x31,0xc9,0x31,
    0xc8,0x31,0xc8,0x31,0xc8,0x31,0xc8,0x31,0xc9,0x31,0xc9,0x31,0xc9,0x31,0xc9,0x31,
    0xe9,0x31,0xe9,0x31,0xe9,0x31,0xe9,0x31,0xe9,0x31,0xe9,0x31,0xe9,0x31,0xe9,0x31,
    0xe9,0x31,0xe9,0x31,0xe9,0x31,0xe9,0x31,0xe9,0x31,0xe9,0x31,0xe9,0x31,0xe9,0x31,
    0xc9,0x31,0xc9,0x31,0xe9,0x31,0xc9,0x31,0xe9,0x31,0xe9,0x31,0xe9,0x31,0xe9,0x31,
    0xe9,0x31,0xe9,0x31,0xe9,0x31,0xe9,0x31,0xc8,0x31,0xc8,0x31,0xa8,0x29,0x87,0x29,
    0x46,0x21,0x26,0x19,0x05,0x11,0xc4,0x10,0x83,0x08,0x62,0x08,0x41,0x00,0x21,0x00,
    0x00,0x00,0x00,0x00,0x00,0x00,0x00,0x00,0x00,0x00,0x00,0x00,0x00,0x00,0x00,0x00,
    0x00,0x00,0x00,0x00,0x00,0x00,0x00,0x00,0x00,0x00,0x00,0x00,0x00,0x00,0x00,0x00,
    0x00,0x00,0x00,0x00,0x00,0x00,0x00,0x00,0x00,0x00,0x00,0x00,0x00,0x00,0x00,0x00,
    0x00,0x00,0x00,0x00,0x00,0x00,0x00,0x00,0x00,0x00,0x00,0x00,0x00,0x00,0x00,0x00,
    0x00,0x00,0x00,0x00,0x20,0x00,0x61,0x00,0x8b,0x4a,0x8f,0x6b,0x6f,0x6b,0x6f,0x6b,
    0x2e,0x63,0x2e,0x5b,0x8f,0x6b,0x2e,0x5b,0xe8,0x31,0x05,0x19,0x87,0x29,0x87,0x29,
    0xe4,0x10,0x66,0x29,0xc4,0x10,0x83,0x08,0x62,0x08,0x20,0x00,0x00,0x00,0x00,0x00,
    0x00,0x00,0x00,0x00,0x00,0x00,0x00,0x00,0x00,0x00,0x00,0x00,0x62,0x08,0x66,0x21,
    0x67,0x21,0x66,0x21,0x66,0x21,0x46,0x21,0x46,0x21,0x66,0x21,0x66,0x21,0x66,0x21,
    0x66,0x21,0x66,0x21,0x66,0x21,0x66,0x21,0x66,0x21,0x67,0x21,0x67,0x21,0x67,0x21,
    0x67,0x29,0x67,0x21,0x67,0x21,0x67,0x21,0x67,0x21,0x67,0x21,0x67,0x21,0x67,0x21,
    0x67,0x29,0x67,0x29,0x88,0x29,0x88,0x29,0x87,0x29,0x87,0x29,0x87,0x29,0x87,0x29,
    0x87,0x29,0x87,0x29,0x87,0x29,0x87,0x29,0x87,0x29,0x87,0x29,0xa7,0x29,0xa7,0x29,
    0xa8,0x29,0xa8,0x29,0xa8,0x29,0xa8,0x29,0xa8,0x29,0xa8,0x29,0xa8,0x29,0xa8,0x29,
    0xc8,0x29,0xc8,0x29,0xc8,0x29,0xc8,0x29,0xc8,0x29,0xc8,0x29,0xc8,0x29,0xc8,0x29,
    0xc8,0x29,0xc8,0x29,0xc8,0x29,0xc8,0x31,0xc8,0x31,0xc8,0x31,0xc8,0x31,0xc8,0x31,
    0xc8,0x31,0xc8,0x31,0xc8,0x31,0xc8,0x31,0xc8,0x31,0xc8,0x31,0xc8,0x31,0xc8,0x31,
    0xc8,0x31,0xc9,0x31,0xc9,0x31,0xc9,0x31,0xc9,0x31,0xc9,0x31,0xc9,0x31,0xc9,0x31,
    0xc9,0x31,0xc9,0x31,0xc9,0x31,0xc9,0x31,0xc8,0x31,0xc8,0x31,0xe9,0x31,0xe9,0x31,
    0xe9,0x31,0xe9,0x31,0xe9,0x31,0xe9,0x31,0xe9,0x31,0xe9,0x31,0xe9,0x31,0xe9,0x31,
    0xe9,0x31,0xe9,0x31,0xe9,0x31,0xe9,0x31,0xc9,0x31,0xc9,0x31,0xe9,0x31,0xe9,0x31,
    0xc8,0x31,0xc8,0x31,0xa8,0x29,0x67,0x21,0x46,0x21,0x26,0x19,0x05,0x11,0xc4,0x10,
    0x83,0x08,0x62,0x08,0x41,0x00,0x21,0x00,0x00,0x00,0x00,0x00,0x00,0x00,0x00,0x00,
    0x00,0x00,0x00,0x00,0x00,0x00,0x00,0x00,0x00,0x00,0x00,0x00,0x00,0x00,0x00,0x00,
    0x00,0x00,0x00,0x00,0x00,0x00,0x00,0x00,0x00,0x00,0x00,0x00,0x00,0x00,0x00,0x00,
    0x00,0x00,0x00,0x00,0x00,0x00,0x00,0x00,0x00,0x00,0x00,0x00,0x00,0x00,0x00,0x00,
    0x00,0x00,0x00,0x00,0x00,0x00,0x00,0x00,0x00,0x00,0x00,0x00,0x20,0x00,0x62,0x00,
    0x8a,0x4a,0x8f,0x6b,0x4f,0x63,0x4f,0x6b,0x4e,0x63,0x0d,0x5b,0x6f,0x6b,0x2e,0x5b,
    0xe8,0x31,0x05,0x19,0x87,0x29,0x87,0x29,0xe4,0x10,0x66,0x21,0xc4,0x10,0x83,0x08,
    0x62,0x08,0x20,0x00,0x00,0x00,0x00,0x00,0x00,0x00,0x00,0x00,0x00,0x00,0x00,0x00,
    0x00,0x00,0x00,0x00,0x62,0x08,0x66,0x21,0x67,0x21,0x66,0x21,0x66,0x21,0x46,0x21,
    0x46,0x21,0x46,0x21,0x66,0x21,0x66,0x21,0x66,0x21,0x66,0x21,0x66,0x21,0x66,0x21,
    0x66,0x21,0x67,0x21,0x67,0x21,0x67,0x21,0x67,0x21,0x67,0x21,0x67,0x21,0x67,0x21,
    0x67,0x21,0x67,0x21,0x67,0x21,0x67,0x21,0x67,0x29,0x67,0x29,0x68,0x29,0x87,0x29,
    0x87,0x29,0x87,0x29,0x87,0x29,0x87,0x29,0x87,0x29,0x87,0x29,0x87,0x29,0x87,0x29,
    0x87,0x29,0x87,0x29,0x87,0x29,0x87,0x29,0xa7,0x29,0xa7,0x29,0xa7,0x29,0xa8,0x29,
    0xa8,0x29,0xa8,0x29,0xa8,0x29,0xc8,0x29,0xc8,0x29,0xc8,0x29,0xc8,0x29,0xc8,0x29,
    0xc8,0x29,0xc8,0x29,0xc8,0x29,0xc8,0x29,0xc8,0x29,0xc8,0x29,0xa8,0x29,0xc8,0x31,
    0xc8,0x31,0xc8,0x31,0xc8,0x31,0xc8,0x31,0xa8,0x29,0xc8,0x31,0xc8,0x31,0xc8,0x31,
    0xc8,0x31,0xc8,0x31,0xc8,0x31,0xc8,0x31,0xc8,0x31,0xc8,0x31,0xc9,0x31,0xc9,0x31,
    0xc9,0x31,0xc9,0x31,0xc9,0x31,0xc9,0x31,0xc9,0x31,0xc9,0x31,0xc9,0x31,0xc9,0x31,
    0xc8,0x31,0xc8,0x31,0xc8,0x31,0xc9,0x31,0xe9,0x31,0xe9,0x31,0xe9,0x31,0xe9,0x31,
    0xe9,0x31,0xe9,0x31,0xe9,0x31,0xe9,0x31,0xc9,0x31,0xc9,0x31,0xc9,0x31,0xe9,0x31,
    0xc9,0x31,0xc9,0x31,0xc9,0x31,0xe9,0x31,0xc8,0x31,0xc8,0x31,0xa8,0x29,0x67,0x21,
    0x46,0x21,0x26,0x19,0x05,0x11,0xc4,0x10,0x83,0x08,0x62,0x00,0x21,0x00,0x21,0x00,
    0x00,0x00,0x00,0x00,0x00,0x00,0x00,0x00,0x00,0x00,0x00,0x00,0x00,0x00,0x00,0x00,
    0x00,0x00,0x00,0x00,0x00,0x00,0x00,0x00,0x00,0x00,0x00,0x00,0x00,0x00,0x00,0x00,
    0x00,0x00,0x00,0x00,0x00,0x00,0x00,0x00,0x00,0x00,0x00,0x00,0x00,0x00,0x00,0x00,
    0x00,0x00,0x00,0x00,0x00,0x00,0x00,0x00,0x00,0x00,0x00,0x00,0x00,0x00,0x00,0x00,
    0x00,0x00,0x00,0x00,0x20,0x00,0x62,0x00,0x8a,0x4a,0x6f,0x6b,0x4e,0x63,0x4f,0x63,
    0x4e,0x63,0x0d,0x5b,0x6f,0x6b,0x0d,0x5b,0xe8,0x31,0xe4,0x18,0x87,0x29,0x87,0x29,
    0xe4,0x10,0x66,0x21,0xc4,0x10,0x83,0x08,0x62,0x08,0x00,0x00,0x00,0x00,0x00,0x00,
    0x00,0x00,0x00,0x00,0x00,0x00,0x00,0x00,0x00,0x00,0x00,0x00,0x62,0x08,0x66,0x21,
    0x67,0x21,0x46,0x21,0x66,0x21,0x46,0x21,0x46,0x21,0x46,0x21,0x66,0x21,0x66,0x21,
    0x66,0x21,0x66,0x21,0x66,0x21,0x66,0x21,0x66,0x21,0x67,0x21,0x67,0x21,0x67,0x21,
    0x67,0x21,0x67,0x21,0x67,0x21,0x67,0x21,0x67,0x21,0x67,0x21,0x67,0x21,0x67,0x21,
    0x67,0x21,0x67,0x29,0x67,0x29,0x87,0x29,0x87,0x29,0x87,0x29,0x87,0x29,0x87,0x29,
    0x67,0x21,0x87,0x29,0x87,0x29,0x87,0x29,0x87,0x29,0x87,0x29,0x87,0x29,0x87,0x29,
    0x87,0x29,0xa7,0x29,0xa7,0x29,0x87,0x29,0x87,0x29,0xa8,0x29,0xa8,0x29,0xa8,0x29,
    0xc8,0x29,0xc8,0x29,0xc8,0x29,0xc8,0x29,0xc8,0x29,0xc8,0x29,0xc8,0x29,0xc8,0x29,
    0xc8,0x29,0xa8,0x29,0xa8,0x29,0xc8,0x31,0xc8,0x31,0xc8,0x31,0xc8,0x31,0xc8,0x31,
    0xa8,0x29,0xa8,0x29,0xc8,0x31,0xc8,0x31,0xc8,0x31,0xc8,0x31,0xc8,0x31,0xc8,0x31,
    0xc8,0x31,0xc8,0x31,0xc8,0x31,0xc9,0x31,0xc9,0x31,0xc9,0x31,0xc9,0x31,0xc9,0x31,
    0xc9,0x31,0xc9,0x31,0xc9,0x31,0xc9,0x31,0xc8,0x31,0xc8,0x31,0xc9,0x31,0xc9,0x31,
    0xc9,0x31,0xe9,0x31,0xe9,0x31,0xe9,0x31,0xe9,0x31,0xe9,0x31,0xe9,0x31,0xe9,0x31,
    0xc9,0x31,0xc9,0x31,0xc9,0x31,0xc9,0x31,0xc9,0x31,0xc9,0x31,0xc8,0x31,0xc8,0x31,
    0xc8,0x31,0xc8,0x31,0xa8,0x29,0x87,0x29,0x46,0x21,0x25,0x19,0x05,0x11,0xc4,0x10,
    0x83,0x08,0x62,0x00,0x21,0x00,0x21,0x00,0x00,0x00,0x00,0x00,0x00,0x00,0x00,0x00,
    0x00,0x00,0x00,0x00,0x00,0x00,0x00,0x00,0x00,0x00,0x00,0x00,0x00,0x00,0x00,0x00,
    0x00,0x00,0x00,0x00,0x00,0x00,0x00,0x00,0x00,0x00,0x00,0x00,0x00,0x00,0x00,0x00,
    0x00,0x00,0x00,0x00,0x00,0x00,0x00,0x00,0x00,0x00,0x00,0x00,0x00,0x00,0x00,0x00,
    0x00,0x00,0x00,0x00,0x00,0x00,0x00,0x00,0x00,0x00,0x00,0x00,0x20,0x00,0x62,0x00,
    0x8a,0x42,0x6f,0x6b,0x4e,0x63,0x4e,0x63,0x4e,0x63,0x0d,0x5b,0x6f,0x6b,0x0d,0x5b,
    0xc8,0x31,0xe4,0x10,0x87,0x29,0x87,0x29,0xe4,0x10,0x66,0x29,0xc4,0x10,0xa3,0x08,
    0x62,0x08,0x00,0x00,0x00,0x00,0x00,0x00,0x00,0x00,0x00,0x00,0x20,0x00,0x20,0x00,
    0x20,0x00,0x00,0x00,0x62,0x08,0x66,0x21,0x66,0x21,0x46,0x21,0x46,0x21,0x46,0x21,
    0x46,0x21,0x46,0x21,0x66,0x21,0x66,0x21,0x66,0x21,0x66,0x21,0x66,0x21,0x66,0x21,
    0x67,0x21,0x67,0x21,0x67,0x21,0x67,0x21,0x67,0x21,0x67,0x21,0x67,0x21,0x67,0x21,
    0x67,0x21,0x67,0x21,0x67,0x21,0x67,0x21,0x67,0x21,0x67,0x21,0x67,0x29,0x87,0x29,
    0x87,0x29,0x67,0x21,0x67,0x21,0x87,0x29,0x87,0x29,0x87,0x29,0x87,0x29,0x87,0x29,
    0x87,0x29,0x87,0x29,0x87,0x29,0x87,0x29,0x87,0x29,0x87,0x29,0x87,0x29,0x87,0x29,
    0x87,0x29,0x87,0x29,0xa8,0x29,0xa8,0x29,0xa8,0x29,0xa8,0x29,0xa8,0x29,0xa8,0x29,
    0xa8,0x29,0xa8,0x29,0xa8,0x29,0xa8,0x29,0xa8,0x29,0xa8,0x29,0xa8,0x29,0xc8,0x29,
    0xc8,0x29,0xc8,0x29,0xc8,0x29,0xc8,0x29,0xc8,0x29,0xc8,0x29,0xc8,0x29,0xc8,0x29,
    0xc8,0x29,0xc8,0x29,0xc8,0x29,0xc8,0x31,0xc8,0x31,0xc8,0x31,0xc8,0x31,0xc8,0x31,
    0xc8,0x31,0xc8,0x31,0xc8,0x31,0xc8,0x31,0xc9,0x31,0xc8,0x31,0xc8,0x31,0xc8,0x31,
    0xc8,0x31,0xc8,0x31,0xc9,0x31,0xc9,0x31,0xc9,0x31,0xc9,0x31,0xe9,0x31,0xe9,0x31,
    0xe9,0x31,0xe9,0x31,0xe9,0x31,0xe9,0x31,0xc9,0x31,0xc9,0x31,0xc9,0x31,0xc9,0x31,
    0xc9,0x31,0xc9,0x31,0xc8,0x31,0xc8,0x31,0xc8,0x31,0xc8,0x31,0xa8,0x29,0x87,0x29,
    0x46,0x21,0x26,0x19,0x05,0x11,0xc4,0x10,0x83,0x08,0x62,0x00,0x41,0x00,0x21,0x00,
    0x00,0x00,0x00,0x00,0x00,0x00,0x00,0x00,0x00,0x00,0x00,0x00,0x00,0x00,0x00,0x00,
    0x00,0x00,0x00,0x00,0x00,0x00,0x00,0x00,0x00,0x00,0x00,0x00,0x00,0x00,0x00,0x00,
    0x00,0x00,0x00,0x00,0x00,0x00,0x00,0x00,0x00,0x00,0x00,0x00,0x00,0x00,0x00,0x00,
    0x00,0x00,0x00,0x00,0x00,0x00,0x00,0x00,0x00,0x00,0x00,0x00,0x00,0x00,0x00,0x00,
    0x00,0x00,0x20,0x00,0x00,0x00,0x62,0x00,0x6a,0x42,0x6f,0x63,0x4e,0x63,0x4e,0x63,
    0x4e,0x63,0x0d,0x5b,0x4e,0x63,0x0d,0x5b,0xc8,0x31,0xe4,0x10,0x87,0x29,0x87,0x29,
    0xe4,0x18,0x66,0x29,0xc4,0x10,0x83,0x08,0x62,0x08,0x00,0x00,0x00,0x00,0x00,0x00,
    0x00,0x00,0x20,0x00,0x20,0x00,0x20,0x00,0x00,0x00,0x00,0x00,0x62,0x08,0x66,0x21,
    0x66,0x21,0x46,0x21,0x46,0x21,0x46,0x21,0x46,0x21,0x46,0x21,0x66,0x21,0x66,0x21,
    0x66,0x21,0x66,0x21,0x66,0x21,0x66,0x21,0x66,0x21,0x66,0x21,0x66,0x21,0x67,0x21,
    0x67,0x21,0x67,0x21,0x67,0x21,0x67,0x21,0x67,0x21,0x67,0x21,0x67,0x21,0x67,0x21,
    0x67,0x21,0x67,0x29,0x67,0x29,0x88,0x29,0x87,0x29,0x87,0x29,0x87,0x29,0x87,0x29,
    0x87,0x29,0x87,0x29,0x87,0x29,0x87,0x29,0x87,0x29,0x87,0x29,0x87,0x29,0x87,0x29,
    0x87,0x29,0x87,0x29,0x87,0x29,0x87,0x29,0x87,0x29,0x87,0x29,0xa8,0x29,0xa8,0x29,
    0xa8,0x29,0xa8,0x29,0xa8,0x29,0xa8,0x29,0xa8,0x29,0xa8,0x29,0xa8,0x29,0xa8,0x29,
    0xa8,0x29,0xa8,0x29,0xa8,0x29,0xc8,0x29,0xc8,0x29,0xc8,0x29,0xc8,0x29,0xc8,0x29,
    0xc8,0x29,0xc8,0x29,0xc8,0x29,0xc8,0x29,0xc8,0x29,0xc8,0x29,0xc8,0x29,0xc8,0x31,
    0xc8,0x31,0xc8,0x31,0xc8,0x31,0xc8,0x31,0xc8,0x31,0xc8,0x31,0xc8,0x31,0xc8,0x31,
    0xc8,0x31,0xc8,0x31,0xc8,0x31,0xc8,0x29,0xc8,0x31,0xc8,0x31,0xc9,0x31,0xc9,0x31,
    0xc8,0x31,0xc9,0x31,0xc9,0x31,0xe9,0x31,0xe9,0x31,0xe9,0x31,0xe9,0x31,0xe9,0x31,
    0xc8,0x31,0xc8,0x31,0xc8,0x31,0xc8,0x31,0xc8,0x31,0xc9,0x31,0xc8,0x31,0xc8,0x31,
    0xa8,0x29,0xa8,0x29,0x88,0x29,0x67,0x21,0x66,0x21,0x26,0x19,0x05,0x11,0xc4,0x10,
    0x83,0x08,0x62,0x00,0x41,0x00,0x21,0x00,0x00,0x00,0x00,0x00,0x00,0x00,0x00,0x00,
    0x00,0x00,0x00,0x00,0x00,0x00,0x00,0x00,0x00,0x00,0x00,0x00,0x00,0x00,0x00,0x00,
    0x00,0x00,0x00,0x00,0x00,0x00,0x00,0x00,0x00,0x00,0x00,0x00,0x00,0x00,0x00,0x00,
    0x00,0x00,0x00,0x00,0x00,0x00,0x00,0x00,0x00,0x00,0x00,0x00,0x00,0x00,0x00,0x00,
    0x00,0x00,0x00,0x00,0x00,0x00,0x00,0x00,0x00,0x00,0x20,0x00,0x20,0x00,0x62,0x00,
    0x8a,0x4a,0x6f,0x6b,0x4e,0x63,0x4e,0x63,0x2e,0x63,0xed,0x5a,0x4e,0x63,0xed,0x5a,
    0xc8,0x31,0xe4,0x10,0x87,0x29,0x87,0x29,0xe4,0x18,0x66,0x29,0xc4,0x10,0x83,0x08,
    0x62,0x08,0x00,0x00,0x00,0x00,0x00,0x00,0x00,0x00,0x20,0x00,0x20,0x00,0x20,0x00,
    0x00,0x00,0x00,0x00,0x62,0x08,0x66,0x21,0x66,0x21,0x46,0x21,0x46,0x21,0x46,0x21,
    0x46,0x21,0x46,0x21,0x66,0x21,0x66,0x21,0x66,0x21,0x46,0x21,0x46,0x21,0x46,0x21,
    0x66,0x21,0x66,0x21,0x66,0x21,0x66,0x21,0x66,0x21,0x66,0x21,0x66,0x21,0x66,0x21,
    0x67,0x21,0x67,0x21,0x67,0x21,0x67,0x21,0x67,0x21,0x87,0x29,0x87,0x29,0x87,0x29,
    0x67,0x21,0x67,0x29,0x67,0x29,0x67,0x21,0x67,0x21,0x67,0x21,0x87,0x29,0x87,0x29,
    0x87,0x29,0x87,0x29,0x87,0x29,0x87,0x29,0x87,0x29,0x87,0x29,0x87,0x29,0x87,0x29,
    0x87,0x29,0x87,0x29,0xa8,0x29,0xa8,0x29,0xa8,0x29,0xa8,0x29,0xa8,0x29,0xa8,0x29,
    0xa8,0x29,0xa8,0x29,0xa8,0x29,0xa8,0x29,0xa8,0x29,0xc8,0x29,0xc8,0x29,0xc8,0x29,
    0xa8,0x29,0xa8,0x29,0xa8,0x29,0xa8,0x29,0xc8,0x29,0xc8,0x29,0xc8,0x29,0xa8,0x29,
    0xc8,0x29,0xc8,0x29,0xc8,0x29,0xa8,0x29,0xc8,0x31,0xc8,0x31,0xa8,0x29,0xa8,0x29,
    0xc8,0x31,0xc8,0x29,0xc8,0x29,0xc8,0x31,0xc8,0x31,0xc8,0x31,0xc8,0x31,0xc8,0x31,
    0xc8,0x31,0xc8,0x31,0xc9,0x31,0xc9,0x31,0xc8,0x31,0xc9,0x31,0xc9,0x31,0xc9,0x31,
    0xe9,0x31,0xe9,0x31,0xe9,0x31,0xe9,0x31,0xc8,0x31,0xc8,0x31,0xc8,0x31,0xc8,0x31,
    0xc8,0x31,0xc8,0x31,0xc8,0x31,0xc8,0x31,0xc8,0x31,0xa8,0x29,0x87,0x29,0x67,0x21,
    0x66,0x21,0x26,0x19,0x05,0x11,0xc4,0x08,0x83,0x08,0x62,0x08,0x41,0x00,0x21,0x00,
    0x00,0x00,0x00,0x00,0x00,0x00,0x00,0x00,0x00,0x00,0x00,0x00,0x00,0x00,0x00,0x00,
    0x00,0x00,0x00,0x00,0x00,0x00,0x00,0x00,0x00,0x00,0x00,0x00,0x00,0x00,0x00,0x00,
    0x00,0x00,0x00,0x00,0x00,0x00,0x00,0x00,0x00,0x00,0x00,0x00,0x00,0x00,0x00,0x00,
    0x00,0x00,0x00,0x00,0x00,0x00,0x00,0x00,0x00,0x00,0x00,0x00,0x00,0x00,0x00,0x00,
    0x00,0x00,0x20,0x00,0x20,0x00,0x62,0x00,0x8a,0x4a,0x8f,0x6b,0x4e,0x63,0x4e,0x63,
    0x2e,0x63,0xed,0x5a,0x4e,0x63,0xed,0x5a,0xc8,0x31,0xe4,0x10,0x87,0x29,0x87,0x29,
    0xe4,0x10,0x66,0x29,0xc4,0x10,0x83,0x08,0x62,0x08,0x00,0x00,0x00,0x00,0x00,0x00,
    0x00,0x00,0x20,0x00,0x20,0x00,0x20,0x00,0x00,0x00,0x00,0x00,0x62,0x08,0x46,0x21,
    0x46,0x21,0x46,0x19,0x46,0x21,0x46,0x21,0x46,0x21,0x46,0x21,0x46,0x21,0x46,0x21,
    0x46,0x21,0x46,0x21,0x46,0x21,0x46,0x21,0x66,0x21,0x66,0x21,0x66,0x21,0x66,0x21,
    0x46,0x21,0x46,0x21,0x66,0x21,0x66,0x21,0x67,0x21,0x67,0x21,0x67,0x21,0x67,0x21,
    0x67,0x21,0x67,0x21,0x87,0x29,0x87,0x29,0x67,0x21,0x67,0x21,0x67,0x21,0x67,0x21,
    0x67,0x29,0x67,0x29,0x88,0x29,0x87,0x29,0x87,0x29,0x87,0x29,0x87,0x29,0x87,0x29,
    0x87,0x29,0x87,0x29,0x87,0x29,0x87,0x29,0x87,0x29,0x87,0x29,0xa8,0x29,0xa8,0x29,
    0xa8,0x29,0xa8,0x29,0xa8,0x29,0xa8,0x29,0xa8,0x29,0xa8,0x29,0xa8,0x29,0xa8,0x29,
    0xa8,0x29,0xa8,0x29,0xa8,0x29,0xa8,0x29,0xa8,0x29,0xa8,0x29,0xa8,0x29,0xa8,0x29,
    0xc8,0x29,0xc8,0x29,0xa8,0x29,0xa8,0x29,0xc8,0x29,0xc8,0x29,0xc8,0x29,0xa8,0x29,
    0xc8,0x31,0xa8,0x29,0xa8,0x29,0xa8,0x29,0xc8,0x31,0xc8,0x31,0xc8,0x31,0xc8,0x31,
    0xc8,0x29,0xc8,0x31,0xc8,0x31,0xc8,0x31,0xc8,0x31,0xc8,0x31,0xc9,0x31,0xc9,0x31,
    0xe9,0x31,0xc9,0x31,0xc8,0x31,0xc8,0x31,0xc8,0x31,0xc8,0x31,0xc8,0x31,0xc8,0x31,
    0xc8,0x31,0xc8,0x31,0xc8,0x31,0xc8,0x31,0xc8,0x31,0xc8,0x31,0xc8,0x31,0xa8,0x29,
    0xa8,0x29,0x88,0x29,0x87,0x29,0x67,0x21,0x46,0x21,0x25,0x19,0xe5,0x10,0xa4,0x08,
    0x83,0x08,0x62,0x08,0x41,0x00,0x21,0x00,0x00,0x00,0x00,0x00,0x00,0x00,0x00,0x00,
    0x00,0x00,0x00,0x00,0x00,0x00,0x00,0x00,0x00,0x00,0x00,0x00,0x00,0x00,0x00,0x00,
    0x00,0x00,0x00,0x00,0x00,0x00,0x00,0x00,0x00,0x00,0x00,0x00,0x00,0x00,0x00,0x00,
    0x00,0x00,0x00,0x00,0x00,0x00,0x00,0x00,0x00,0x00,0x00,0x00,0x00,0x00,0x00,0x00,
    0x00,0x00,0x00,0x00,0x00,0x00,0x00,0x00,0x00,0x00,0x00,0x00,0x20,0x00,0x62,0x00,
    0x8a,0x4a,0x6f,0x6b,0x2e,0x63,0x4e,0x63,0x2e,0x63,0xed,0x5a,0x4e,0x63,0xed,0x5a,
    0xa7,0x31,0xe4,0x10,0x87,0x29,0x87,0x29,0xe4,0x10,0x66,0x29,0xc4,0x10,0x83,0x08,
    0x62,0x08,0x00,0x00,0x00,0x00,0x00,0x00,0x00,0x00,0x20,0x00,0x20,0x00,0x20,0x00,
    0x00,0x00,0x00,0x00,0x62,0x08,0x66,0x21,0x46,0x21,0x46,0x19,0x46,0x21,0x46,0x21,
    0x46,0x21,0x46,0x21,0x46,0x21,0x46,0x21,0x46,0x21,0x46,0x21,0x46,0x21,0x46,0x21,
    0x46,0x21,0x66,0x21,0x66,0x21,0x66,0x21,0x46,0x21,0x46,0x21,0x66,0x21,0x66,0x21,
    0x66,0x21,0x67,0x21,0x67,0x21,0x66,0x21,0x67,0x21,0x67,0x21,0x67,0x21,0x67,0x21,
    0x67,0x21,0x67,0x21,0x67,0x21,0x67,0x21,0x67,0x29,0x67,0x29,0x67,0x29,0x87,0x29,
    0x87,0x29,0x87,0x29,0x87,0x29,0x87,0x29,0x87,0x29,0x87,0x29,0x87,0x29,0x87,0x29,
    0xa8,0x29,0xa8,0x29,0xa8,0x29,0xa8,0x29,0xa8,0x29,0xa8,0x29,0xa8,0x29,0xa8,0x29,
    0xa8,0x29,0xa8,0x29,0xa8,0x29,0xa8,0x29,0xa8,0x29,0xa8,0x29,0xa8,0x29,0xa8,0x29,
    0xa8,0x29,0xa8,0x29,0xa8,0x29,0xa8,0x29,0xc8,0x29,0xc8,0x29,0xa8,0x29,0xc8,0x29,
    0xc8,0x29,0xc8,0x29,0xc8,0x29,0xa8,0x29,0xa8,0x29,0xa8,0x29,0xa8,0x29,0xa8,0x29,
    0xa8,0x29,0xa8,0x29,0xa8,0x29,0xa8,0x29,0xc8,0x31,0xc8,0x31,0xc8,0x31,0xc8,0x31,
    0xc8,0x31,0xc8,0x31,0xc8,0x31,0xc8,0x31,0xc8,0x31,0xc8,0x31,0xc8,0x31,0xc8,0x31,
    0xc8,0x31,0xc8,0x31,0xc8,0x31,0xc8,0x31,0xc8,0x31,0xc8,0x31,0xc8,0x31,0xc8,0x31,
    0xc8,0x31,0xc8,0x31,0xa8,0x29,0xa8,0x29,0xa8,0x29,0x88,0x29,0x87,0x29,0x67,0x21,
    0x46,0x19,0x05,0x19,0xe4,0x10,0xa3,0x08,0x83,0x08,0x62,0x08,0x41,0x00,0x21,0x00,
    0x00,0x00,0x00,0x00,0x00,0x00,0x00,0x00,0x00,0x00,0x00,0x00,0x00,0x00,0x00,0x00,
    0x00,0x00,0x00,0x00,0x00,0x00,0x00,0x00,0x00,0x00,0x00,0x00,0x00,0x00,0x00,0x00,
    0x00,0x00,0x00,0x00,0x00,0x00,0x00,0x00,0x00,0x00,0x00,0x00,0x00,0x00,0x00,0x00,
    0x00,0x00,0x00,0x00,0x00,0x00,0x00,0x00,0x00,0x00,0x00,0x00,0x00,0x00,0x00,0x00,
    0x00,0x00,0x00,0x00,0x20,0x00,0x62,0x00,0x8a,0x4a,0x6f,0x6b,0x4e,0x63,0x4e,0x63,
    0x2e,0x63,0xed,0x5a,0x4e,0x63,0xcc,0x52,0xa7,0x31,0xe4,0x10,0x87,0x29,0x87,0x29,
    0xe4,0x10,0x66,0x21,0xc4,0x10,0x83,0x08,0x62,0x08,0x00,0x00,0x00,0x00,0x00,0x00,
    0x00,0x00,0x20,0x00,0x20,0x00,0x20,0x00,0x00,0x00,0x00,0x00,0x62,0x08,0x46,0x21,
    0x46,0x21,0x46,0x19,0x46,0x19,0x45,0x19,0x46,0x21,0x46,0x21,0x46,0x21,0x46,0x21,
    0x46,0x21,0x46,0x21,0x46,0x21,0x46,0x21,0x46,0x21,0x46,0x21,0x66,0x21,0x66,0x21,
    0x46,0x21,0x46,0x21,0x46,0x21,0x46,0x21,0x46,0x21,0x66,0x21,0x66,0x21,0x46,0x21,
    0x67,0x21,0x67,0x21,0x67,0x21,0x67,0x21,0x67,0x21,0x67,0x21,0x67,0x21,0x67,0x21,
    0x67,0x21,0x67,0x21,0x67,0x21,0x67,0x29,0x87,0x29,0x87,0x29,0x87,0x29,0x87,0x29,
    0x87,0x29,0x87,0x29,0x87,0x29,0x87,0x29,0xa8,0x29,0xa8,0x29,0x87,0x29,0x87,0x29,
    0xa8,0x29,0xa8,0x29,0xa8,0x29,0xa8,0x29,0xa8,0x29,0xa8,0x29,0xa8,0x29,0xa8,0x29,
    0xa8,0x29,0xa8,0x29,0xa8,0x29,0xa8,0x29,0xa8,0x29,0xa8,0x29,0xa8,0x29,0xa8,0x29,
    0xa8,0x29,0xa8,0x29,0xa8,0x29,0xa8,0x29,0xa8,0x29,0xc8,0x29,0xc8,0x29,0xa8,0x29,
    0xa8,0x29,0xa8,0x29,0xa8,0x29,0xa8,0x29,0xa8,0x29,0xa8,0x29,0xa8,0x29,0xa8,0x29,
    0xc8,0x31,0xc8,0x31,0xa8,0x29,0xa8,0x29,0xa8,0x29,0xa8,0x29,0xa8,0x29,0xa8,0x29,
    0xc8,0x31,0xc8,0x31,0xc8,0x31,0xc8,0x31,0xc8,0x31,0xc8,0x31,0xc8,0x31,0xc8,0x31,
    0xc8,0x31,0xc8,0x31,0xc8,0x31,0xc8,0x31,0xc8,0x31,0xc8,0x31,0xa8,0x29,0xa8,0x29,
    0xa8,0x29,0x87,0x29,0x67,0x21,0x47,0x21,0x46,0x19,0x05,0x19,0xe4,0x10,0xa3,0x08,
    0x83,0x08,0x62,0x08,0x41,0x00,0x21,0x00,0x21,0x00,0x21,0x00,0x21,0x00,0x20,0x00,
    0x00,0x00,0x00,0x00,0x00,0x00,0x00,0x00,0x00,0x00,0x00,0x00,0x00,0x00,0x00,0x00,
    0x00,0x00,0x00,0x00,0x00,0x00,0x00,0x00,0x00,0x00,0x00,0x00,0x00,0x00,0x00,0x00,
    0x00,0x00,0x00,0x00,0x00,0x00,0x00,0x00,0x00,0x00,0x00,0x00,0x00,0x00,0x00,0x00,
    0x00,0x00,0x00,0x00,0x00,0x00,0x00,0x00,0x00,0x00,0x00,0x00,0x20,0x00,0x62,0x00,
    0x6a,0x42,0x6e,0x63,0x2e,0x63,0x2e,0x63,0x2e,0x63,0xed,0x5a,0x2e,0x63,0xcc,0x52,
    0xa7,0x31,0xe4,0x10,0x87,0x29,0x87,0x29,0xe4,0x10,0x66,0x21,0xc4,0x10,0x83,0x08,
    0x62,0x08,0x00,0x00,0x00,0x00,0x00,0x00,0x00,0x00,0x20,0x00,0x20,0x00,0x20,0x00,
    0x00,0x00,0x00,0x00,0x82,0x08,0x46,0x21,0x46,0x19,0x46,0x19,0x46,0x19,0x45,0x19,
    0x45,0x19,0x46,0x21,0x46,0x21,0x46,0x19,0x46,0x21,0x46,0x21,0x46,0x21,0x46,0x21,
    0x46,0x21,0x46,0x21,0x46,0x21,0x46,0x21,0x46,0x21,0x46,0x21,0x46,0x21,0x46,0x21,
    0x66,0x21,0x66,0x21,0x66,0x21,0x66,0x21,0x66,0x21,0x66,0x21,0x67,0x21,0x67,0x21,
    0x67,0x21,0x67,0x21,0x67,0x21,0x67,0x21,0x67,0x21,0x67,0x21,0x67,0x21,0x67,0x21,
    0x67,0x21,0x87,0x29,0x87,0x29,0x87,0x29,0x87,0x29,0x87,0x29,0x87,0x29,0x87,0x29,
    0x87,0x29,0x87,0x29,0x87,0x29,0x87,0x29,0xa8,0x29,0xa8,0x29,0xa8,0x29,0xa8,0x29,
    0x88,0x29,0x88,0x29,0x88,0x29,0x88,0x29,0x88,0x29,0x88,0x29,0xa8,0x29,0xa8,0x29,
    0xa8,0x29,0xa8,0x29,0xa8,0x29,0xa8,0x29,0xa8,0x29,0xa8,0x29,0xa8,0x29,0xa8,0x29,
    0xa8,0x29,0xa8,0x29,0xa8,0x29,0xa8,0x29,0xa8,0x29,0xa8,0x29,0xa8,0x29,0xa8,0x29,
    0xa8,0x29,0xa8,0x29,0xa8,0x29,0xa8,0x29,0xa8,0x29,0xc8,0x31,0xa8,0x29,0xa8,0x29,
    0xa8,0x29,0xa8,0x29,0xa8,0x29,0xa8,0x29,0xc8,0x31,0xc8,0x31,0xa8,0x29,0xa8,0x29,
    0xa8,0x29,0xa8,0x29,0xa8,0x29,0xa8,0x29,0xa8,0x29,0xa8,0x29,0xa8,0x29,0xa8,0x29,
    0xa8,0x29,0xa8,0x29,0xa8,0x29,0xa8,0x29,0xa8,0x29,0x87,0x29,0x67,0x21,0x47,0x21,
    0x46,0x19,0x05,0x19,0xe4,0x10,0xa3,0x08,0x83,0x08,0x62,0x08,0x41,0x00,0x21,0x00,
    0x21,0x00,0x21,0x00,0x21,0x00,0x20,0x00,0x00,0x00,0x00,0x00,0x00,0x00,0x00,0x00,
    0x00,0x00,0x00,0x00,0x00,0x00,0x00,0x00,0x00,0x00,0x00,0x00,0x00,0x00,0x00,0x00,
    0x00,0x00,0x00,0x00,0x00,0x00,0x00,0x00,0x00,0x00,0x00,0x00,0x00,0x00,0x00,0x00,
    0x00,0x00,0x00,0x00,0x00,0x00,0x00,0x00,0x00,0x00,0x00,0x00,0x00,0x00,0x00,0x00,
    0x00,0x00,0x00,0x00,0x20,0x00,0x62,0x00,0x6a,0x42,0x6e,0x63,0x2e,0x63,0x2e,0x63,
    0x2e,0x63,0xcc,0x52,0x2e,0x63,0xcc,0x52,0xa7,0x31,0xe4,0x10,0x87,0x29,0x87,0x29,
    0xe4,0x10,0x66,0x21,0xc4,0x10,0x83,0x08,0x62,0x08,0x00,0x00,0x00,0x00,0x00,0x00,
    0x00,0x00,0x20,0x00,0x20,0x00,0x20,0x00,0x00,0x00,0x00,0x00,0x82,0x08,0x46,0x21,
    0x46,0x19,0x46,0x19,0x26,0x19,0x25,0x19,0x45,0x19,0x46,0x21,0x46,0x21,0x46,0x19,
    0x46,0x21,0x46,0x21,0x46,0x21,0x46,0x21,0x46,0x21,0x46,0x21,0x46,0x21,0x46,0x21,
    0x46,0x21,0x46,0x21,0x46,0x21,0x46,0x21,0x66,0x21,0x66,0x21,0x66,0x21,0x66,0x21,
    0x66,0x21,0x66,0x21,0x66,0x21,0x66,0x21,0x67,0x21,0x67,0x21,0x67,0x21,0x67,0x21,
    0x67,0x21,0x67,0x21,0x87,0x29,0x87,0x29,0x67,0x21,0x67,0x21,0x87,0x29,0x87,0x29,
    0x87,0x29,0x87,0x29,0x87,0x29,0x87,0x29,0x87,0x29,0x87,0x29,0x87,0x29,0x87,0x29,
    0xa8,0x29,0xa8,0x29,0xa8,0x29,0xa8,0x29,0x87,0x29,0x87,0x29,0x87,0x29,0x87,0x29,
    0x88,0x29,0x88,0x29,0x88,0x29,0xa8,0x29,0xa8,0x29,0xa8,0x29,0xa8,0x29,0xa8,0x29,
    0xa8,0x29,0xa8,0x29,0xa8,0x29,0xa8,0x29,0xa8,0x29,0xa8,0x29,0xa8,0x29,0xa8,0x29,
    0xa8,0x29,0xa8,0x29,0xa8,0x29,0xa8,0x29,0xa8,0x29,0xa8,0x29,0xa8,0x29,0xa8,0x29,
    0xa8,0x29,0xa8,0x29,0xa8,0x29,0xa8,0x29,0xa8,0x29,0xa8,0x29,0xa8,0x29,0xa8,0x29,
    0xc8,0x31,0xc8,0x31,0xa8,0x29,0xa8,0x29,0xa8,0x29,0xa8,0x29,0xa8,0x29,0xa8,0x29,
    0xa8,0x29,0xa8,0x29,0xa8,0x29,0xa8,0x29,0xa8,0x29,0xa8,0x29,0xa8,0x29,0xa8,0x29,
    0xa8,0x29,0x87,0x29,0x67,0x21,0x67,0x21,0x46,0x19,0x05,0x19,0xe4,0x10,0xa3,0x08,
    0x83,0x08,0x62,0x08,0x41,0x00,0x21,0x00,0x00,0x00,0x00,0x00,0x00,0x00,0x00,0x00,
    0x00,0x00,0x00,0x00,0x00,0x00,0x00,0x00,0x00,0x00,0x00,0x00,0x00,0x00,0x00,0x00,
    0x00,0x00,0x00,0x00,0x00,0x00,0x00,0x00,0x00,0x00,0x00,0x00,0x00,0x00,0x00,0x00,
    0x00,0x00,0x00,0x00,0x00,0x00,0x00,0x00,0x00,0x00,0x00,0x00,0x00,0x00,0x00,0x00,
    0x00,0x00,0x00,0x00,0x00,0x00,0x00,0x00,0x00,0x00,0x00,0x00,0x20,0x00,0x62,0x00,
    0x8a,0x42,0x6e,0x63,0x2e,0x63,0x2e,0x63,0x0d,0x5b,0xcc,0x52,0x2e,0x63,0xcc,0x52,
    0xc7,0x29,0xe4,0x10,0x87,0x29,0x87,0x29,0xe4,0x10,0x66,0x29,0xc4,0x10,0x83,0x08,
    0x62,0x08,0x20,0x00,0x00,0x00,0x00,0x00,0x00,0x00,0x00,0x00,0x00,0x00,0x00,0x00,
    0x00,0x00,0x00,0x00,0x82,0x08,0x46,0x19,0x46,0x19,0x46,0x19,0x45,0x19,0x25,0x19,
    0x45,0x19,0x45,0x19,0x45,0x19,0x45,0x19,0x46,0x21,0x46,0x21,0x46,0x21,0x46,0x21,
    0x46,0x21,0x46,0x21,0x46,0x21,0x46,0x21,0x46,0x21,0x46,0x21,0x46,0x21,0x46,0x21,
    0x66,0x21,0x66,0x21,0x66,0x21,0x66,0x21,0x66,0x21,0x66,0x21,0x66,0x21,0x66,0x21,
    0x67,0x21,0x67,0x21,0x67,0x21,0x67,0x21,0x67,0x21,0x67,0x21,0x87,0x21,0x87,0x21,
    0x67,0x21,0x67,0x21,0x67,0x21,0x67,0x21,0x87,0x29,0x87,0x29,0x87,0x29,0x87,0x29,
    0x87,0x29,0x87,0x29,0x87,0x29,0x87,0x29,0x87,0x29,0x87,0x29,0x87,0x29,0x87,0x29,
    0x87,0x29,0x87,0x29,0x87,0x29,0x87,0x29,0x87,0x29,0x87,0x29,0x87,0x29,0x87,0x29,
    0x87,0x29,0x87,0x29,0x87,0x29,0x87,0x29,0x87,0x29,0x87,0x29,0x87,0x29,0x87,0x29,
    0xa7,0x29,0xa7,0x29,0xa7,0x29,0xa8,0x29,0xa8,0x29,0xa8,0x29,0xa8,0x29,0xa8,0x29,
    0xa8,0x29,0xa8,0x29,0xa8,0x29,0xa8,0x29,0xa8,0x29,0xa8,0x29,0xa8,0x29,0xa8,0x29,
    0xa8,0x29,0xa8,0x29,0xa8,0x29,0xa8,0x29,0xa8,0x31,0xa8,0x31,0xa8,0x31,0xa8,0x31,
    0xa8,0x31,0xa8,0x31,0xa8,0x31,0xa8,0x31,0xa8,0x29,0xa8,0x29,0xa8,0x29,0xa8,0x29,
    0xa8,0x29,0xa8,0x29,0xa8,0x29,0xa8,0x29,0xa8,0x29,0x87,0x29,0x67,0x29,0x46,0x21,
    0x46,0x19,0x25,0x19,0xe4,0x10,0xa3,0x08,0x82,0x08,0x62,0x08,0x41,0x00,0x21,0x00,
    0x01,0x00,0x01,0x00,0x01,0x00,0x20,0x00,0x00,0x00,0x00,0x00,0x00,0x00,0x00,0x00,
    0x00,0x00,0x00,0x00,0x00,0x00,0x00,0x00,0x00,0x00,0x00,0x00,0x00,0x00,0x00,0x00,
    0x00,0x00,0x00,0x00,0x00,0x00,0x00,0x00,0x00,0x00,0x00,0x00,0x00,0x00,0x00,0x00,
    0x00,0x00,0x00,0x00,0x00,0x00,0x00,0x00,0x00,0x00,0x00,0x00,0x00,0x00,0x00,0x00,
    0x00,0x00,0x00,0x00,0x20,0x00,0x62,0x00,0x8a,0x42,0x6e,0x63,0x2e,0x5b,0x2e,0x63,
    0x0d,0x5b,0xcc,0x52,0x2e,0x63,0xed,0x5a,0xc7,0x29,0xe4,0x10,0x87,0x29,0x87,0x29,
    0xe4,0x10,0x46,0x29,0xa4,0x10,0x83,0x08,0x62,0x08,0x20,0x00,0x00,0x00,0x00,0x00,
    0x00,0x00,0x00,0x00,0x00,0x00,0x00,0x00,0x00,0x00,0x00,0x00,0x82,0x08,0x45,0x19,
    0x46,0x19,0x46,0x19,0x25,0x19,0x25,0x19,0x25,0x19,0x45,0x19,0x45,0x19,0x45,0x19,
    0x46,0x21,0x46,0x21,0x46,0x21,0x46,0x21,0x46,0x21,0x46,0x21,0x46,0x21,0x46,0x21,
    0x46,0x19,0x46,0x21,0x46,0x21,0x46,0x21,0x46,0x21,0x66,0x21,0x66,0x21,0x66,0x21,
    0x66,0x21,0x66,0x21,0x66,0x21,0x66,0x21,0x66,0x21,0x66,0x21,0x66,0x21,0x66,0x21,
    0x67,0x21,0x67,0x21,0x66,0x21,0x66,0x21,0x67,0x21,0x67,0x21,0x67,0x21,0x67,0x21,
    0x87,0x29,0x87,0x29,0x87,0x29,0x87,0x29,0x87,0x29,0x87,0x29,0x87,0x29,0x87,0x29,
    0x87,0x29,0x87,0x29,0x87,0x29,0x87,0x29,0x87,0x29,0x87,0x29,0x87,0x29,0x87,0x29,
    0x87,0x29,0x87,0x29,0x87,0x29,0x87,0x29,0x87,0x29,0x87,0x29,0x87,0x29,0x87,0x29,
    0x87,0x29,0x87,0x29,0x87,0x29,0x87,0x29,0xa7,0x29,0xa7,0x29,0xa7,0x29,0xa7,0x29,
    0xa7,0x29,0xa7,0x29,0xa7,0x29,0xa7,0x29,0xa8,0x29,0xa8,0x29,0xa8,0x29,0xa8,0x29,
    0xa8,0x29,0xa8,0x29,0xa8,0x29,0xa8,0x29,0xa7,0x29,0xa7,0x29,0xa7,0x29,0xa7,0x29,
    0xa7,0x29,0xa8,0x29,0xa8,0x29,0xa8,0x29,0xa8,0x29,0xa8,0x29,0xa8,0x29,0xa8,0x29,
    0xa7,0x29,0xa7,0x29,0xa7,0x29,0xa7,0x29,0xa8,0x29,0xa8,0x29,0xa8,0x29,0xa8,0x29,
    0x87,0x29,0x67,0x29,0x67,0x21,0x46,0x21,0x46,0x19,0x25,0x11,0xe4,0x10,0xa3,0x08,
    0x82,0x08,0x62,0x08,0x41,0x00,0x21,0x00,0x01,0x00,0x01,0x00,0x01,0x00,0x20,0x00,
    0x00,0x00,0x00,0x00,0x00,0x00,0x00,0x00,0x00,0x00,0x00,0x00,0x00,0x00,0x00,0x00,
    0x00,0x00,0x00,0x00,0x00,0x00,0x00,0x00,0x00,0x00,0x00,0x00,0x00,0x00,0x00,0x00,
    0x00,0x00,0x00,0x00,0x00,0x00,0x00,0x00,0x00,0x00,0x00,0x00,0x00,0x00,0x00,0x00,
    0x00,0x00,0x00,0x00,0x00,0x00,0x00,0x00,0x00,0x00,0x00,0x00,0x20,0x00,0x62,0x00,
    0x8a,0x42,0x6e,0x63,0x2e,0x5b,0x2e,0x63,0x0d,0x5b,0xcc,0x52,0x2e,0x63,0xcc,0x52,
    0xc7,0x29,0xe4,0x10,0x86,0x21,0x87,0x29,0xe4,0x10,0x46,0x21,0xa4,0x10,0x83,0x08,
    0x62,0x08,0x20,0x00,0x00,0x00,0x00,0x00,0x00,0x00,0x00,0x00,0x00,0x00,0x00,0x00,
    0x00,0x00,0x00,0x00,0x62,0x08,0x45,0x19,0x46,0x19,0x46,0x19,0x25,0x19,0x25,0x19,
    0x25,0x19,0x25,0x19,0x45,0x19,0x45,0x19,0x46,0x19,0x46,0x19,0x26,0x19,0x26,0x19,
    0x46,0x19,0x46,0x19,0x46,0x19,0x46,0x19,0x46,0x19,0x46,0x19,0x46,0x21,0x46,0x21,
    0x46,0x21,0x46,0x21,0x46,0x21,0x46,0x21,0x66,0x21,0x66,0x21,0x66,0x21,0x66,0x21,
    0x66,0x21,0x66,0x21,0x66,0x21,0x66,0x21,0x66,0x21,0x66,0x21,0x66,0x21,0x66,0x21,
    0x67,0x21,0x67,0x21,0x67,0x21,0x67,0x21,0x67,0x21,0x67,0x21,0x67,0x21,0x87,0x29,
    0x67,0x21,0x67,0x21,0x87,0x29,0x87,0x29,0x87,0x29,0x87,0x29,0x87,0x29,0x87,0x29,
    0x87,0x29,0x87,0x29,0x87,0x29,0x87,0x29,0x87,0x29,0x87,0x29,0x87,0x29,0x87,0x29,
    0x87,0x29,0x87,0x29,0x87,0x29,0x87,0x29,0x87,0x29,0x87,0x29,0x87,0x29,0x87,0x29,
    0x87,0x29,0x87,0x29,0x87,0x29,0x87,0x29,0x87,0x29,0x87,0x29,0x87,0x29,0x87,0x29,
    0xa7,0x29,0xa7,0x29,0xa7,0x29,0xa7,0x29,0x87,0x29,0x87,0x29,0x87,0x29,0x87,0x29,
    0xa7,0x29,0xa7,0x29,0xa7,0x29,0xa7,0x29,0xa8,0x29,0xa8,0x29,0xa7,0x29,0xa7,0x29,
    0xa8,0x29,0xa8,0x29,0xa8,0x29,0xa8,0x29,0xa7,0x29,0xa7,0x29,0xa7,0x29,0xa7,0x29,
    0x87,0x29,0x87,0x29,0x87,0x29,0x87,0x29,0x87,0x29,0x87,0x29,0x67,0x21,0x46,0x21,
    0x26,0x19,0x25,0x11,0xe4,0x10,0xa3,0x08,0x82,0x08,0x62,0x00,0x41,0x00,0x21,0x00,
    0x01,0x00,0x00,0x00,0x00,0x00,0x00,0x00,0x00,0x00,0x00,0x00,0x00,0x00,0x00,0x00,
    0x00,0x00,0x00,0x00,0x00,0x00,0x00,0x00,0x00,0x00,0x00,0x00,0x00,0x00,0x00,0x00,
    0x00,0x00,0x00,0x00,0x00,0x00,0x00,0x00,0x00,0x00,0x00,0x00,0x00,0x00,0x00,0x00,
    0x00,0x00,0x00,0x00,0x00,0x00,0x00,0x00,0x00,0x00,0x00,0x00,0x00,0x00,0x00,0x00,
    0x00,0x00,0x20,0x00,0x20,0x00,0x62,0x00,0x8a,0x42,0x6e,0x63,0x0d,0x5b,0x0e,0x5b,
    0x0d,0x5b,0xcc,0x52,0x0d,0x5b,0xcc,0x52,0xc7,0x29,0x04,0x11,0x66,0x21,0x87,0x29,
    0xe4,0x10,0x46,0x21,0xa4,0x10,0x83,0x08,0x62,0x08,0x20,0x00,0x00,0x00,0x00,0x00,
    0x00,0x00,0x00,0x00,0x00,0x00,0x00,0x00,0x00,0x00,0x00,0x00,0x62,0x08,0x45,0x19,
    0x25,0x19,0x25,0x19,0x25,0x19,0x45,0x19,0x25,0x19,0x25,0x19,0x25,0x19,0x45,0x19,
    0x46,0x19,0x46,0x19,0x26,0x19,0x26,0x19,0x46,0x19,0x46,0x19,0x46,0x19,0x46,0x19,
    0x46,0x19,0x46,0x21,0x46,0x21,0x46,0x21,0x46,0x21,0x46,0x21,0x46,0x21,0x46,0x21,
    0x46,0x21,0x66,0x21,0x66,0x21,0x66,0x21,0x66,0x21,0x66,0x21,0x66,0x21,0x66,0x21,
    0x66,0x21,0x66,0x21,0x66,0x21,0x66,0x21,0x67,0x21,0x67,0x21,0x67,0x21,0x67,0x21,
    0x67,0x21,0x67,0x21,0x67,0x21,0x67,0x21,0x67,0x21,0x67,0x21,0x87,0x29,0x87,0x29,
    0x87,0x29,0x87,0x29,0x87,0x29,0x87,0x29,0x87,0x29,0x87,0x29,0x87,0x29,0x87,0x29,
    0x87,0x29,0x87,0x29,0x87,0x29,0x67,0x21,0x87,0x29,0x87,0x29,0x87,0x29,0x87,0x29,
    0x87,0x29,0x87,0x29,0x87,0x29,0x87,0x29,0x87,0x29,0x87,0x29,0x87,0x29,0x87,0x29,
    0x87,0x29,0x87,0x29,0x87,0x29,0x87,0x29,0x87,0x29,0x87,0x29,0x87,0x29,0x87,0x29,
    0x87,0x29,0x87,0x29,0x87,0x29,0x87,0x29,0xa7,0x29,0xa7,0x29,0xa7,0x29,0xa7,0x29,
    0xa7,0x29,0xa7,0x29,0xa7,0x29,0xa7,0x29,0xa7,0x29,0xa7,0x29,0xa7,0x29,0xa7,0x29,
    0xa7,0x29,0xa7,0x29,0xa7,0x29,0xa7,0x29,0x87,0x29,0x87,0x29,0x87,0x29,0x87,0x29,
    0x87,0x29,0x67,0x29,0x67,0x21,0x46,0x21,0x26,0x19,0x05,0x11,0xe4,0x10,0xa3,0x08,
    0x82,0x08,0x62,0x00,0x41,0x00,0x21,0x00,0x01,0x00,0x00,0x00,0x00,0x00,0x00,0x00,
    0x00,0x00,0x00,0x00,0x00,0x00,0x00,0x00,0x00,0x00,0x00,0x00,0x00,0x00,0x00,0x00,
    0x00,0x00,0x00,0x00,0x00,0x00,0x00,0x00,0x00,0x00,0x00,0x00,0x00,0x00,0x00,0x00,
    0x00,0x00,0x00,0x00,0x00,0x00,0x00,0x00,0x00,0x00,0x00,0x00,0x00,0x00,0x00,0x00,
    0x00,0x00,0x00,0x00,0x00,0x00,0x00,0x00,0x00,0x00,0x20,0x00,0x20,0x00,0x62,0x00,
    0x6a,0x42,0x6e,0x63,0x0d,0x5b,0x0d,0x5b,0x0d,0x5b,0xcc,0x52,0x0d,0x5b,0xcc,0x52,
    0xc7,0x29,0xe4,0x10,0x66,0x21,0x87,0x29,0xe4,0x10,0x46,0x21,0xa4,0x10,0x83,0x08,
    0x62,0x08,0x20,0x00,0x00,0x00,0x00,0x00,0x00,0x00,0x00,0x00,0x00,0x00,0x00,0x00,
    0x20,0x00,0x00,0x00,0x62,0x08,0x25,0x19,0x25,0x19,0x25,0x19,0x25,0x19,0x25,0x19,
    0x25,0x19,0x25,0x19,0x25,0x19,0x45,0x19,0x26,0x19,0x26,0x19,0x26,0x19,0x26,0x19,
    0x46,0x19,0x46,0x21,0x46,0x19,0x46,0x19,0x46,0x19,0x46,0x21,0x46,0x21,0x46,0x21,
    0x46,0x21,0x46,0x21,0x46,0x21,0x46,0x21,0x46,0x21,0x46,0x21,0x66,0x21,0x66,0x21,
    0x66,0x21,0x66,0x21,0x66,0x21,0x66,0x21,0x66,0x21,0x66,0x21,0x66,0x21,0x66,0x21,
    0x66,0x21,0x66,0x21,0x66,0x21,0x66,0x21,0x67,0x21,0x67,0x21,0x67,0x21,0x67,0x21,
    0x67,0x21,0x67,0x21,0x67,0x21,0x87,0x29,0x87,0x29,0x87,0x29,0x87,0x29,0x87,0x29,
    0x87,0x29,0x87,0x29,0x87,0x29,0x87,0x29,0x87,0x29,0x87,0x29,0x87,0x29,0x87,0x29,
    0x87,0x29,0x87,0x29,0x87,0x29,0x87,0x29,0x87,0x29,0x87,0x29,0x87,0x29,0x87,0x29,
    0x87,0x29,0x87,0x29,0x87,0x29,0x87,0x29,0x87,0x29,0x87,0x29,0x87,0x29,0x87,0x29,
    0x87,0x29,0x87,0x29,0x87,0x29,0x87,0x29,0x87,0x29,0x87,0x29,0x87,0x29,0x87,0x29,
    0xa7,0x29,0xa7,0x29,0xa7,0x29,0xa7,0x29,0x87,0x29,0x87,0x29,0xa7,0x29,0xa7,0x29,
    0xa7,0x29,0xa7,0x29,0xa7,0x29,0xa7,0x29,0xa7,0x29,0xa7,0x29,0xa7,0x29,0xa7,0x29,
    0x87,0x29,0x87,0x29,0x87,0x29,0x87,0x29,0x67,0x29,0x67,0x21,0x46,0x21,0x46,0x21,
    0x26,0x19,0x05,0x11,0xc4,0x10,0xa3,0x08,0x82,0x08,0x62,0x00,0x41,0x00,0x21,0x00,
    0x01,0x00,0x00,0x00,0x00,0x00,0x00,0x00,0x00,0x00,0x00,0x00,0x00,0x00,0x00,0x00,
    0x00,0x00,0x00,0x00,0x00,0x00,0x00,0x00,0x00,0x00,0x00,0x00,0x00,0x00,0x00,0x00,
    0x00,0x00,0x00,0x00,0x00,0x00,0x00,0x00,0x00,0x00,0x00,0x00,0x00,0x00,0x00,0x00,
    0x00,0x00,0x00,0x00,0x00,0x00,0x00,0x00,0x00,0x00,0x00,0x00,0x00,0x00,0x00,0x00,
    0x00,0x00,0x00,0x00,0x20,0x00,0x62,0x00,0x6a,0x42,0x4e,0x63,0x0d,0x5b,0x0d,0x5b,
    0x0d,0x5b,0xcc,0x52,0x0d,0x5b,0xcc,0x52,0xc7,0x29,0x04,0x11,0x86,0x21,0x87,0x29,
    0xe4,0x10,0x46,0x21,0xa4,0x10,0x83,0x08,0x42,0x08,0x20,0x00,0x00,0x00,0x00,0x00,
    0x00,0x00,0x00,0x00,0x00,0x00,0x00,0x00,0x00,0x00,0x00,0x00,0x62,0x00,0x25,0x19,
    0x25,0x19,0x25,0x19,0x25,0x19,0x25,0x19,0x25,0x19,0x25,0x19,0x25,0x19,0x25,0x19,
    0x25,0x19,0x25,0x19,0x26,0x19,0x26,0x19,0x25,0x19,0x26,0x19,0x46,0x19,0x46,0x19,
    0x46,0x19,0x46,0x19,0x46,0x19,0x46,0x19,0x46,0x21,0x46,0x21,0x46,0x21,0x46,0x21,
    0x46,0x21,0x46,0x21,0x46,0x21,0x46,0x21,0x66,0x21,0x66,0x21,0x66,0x21,0x66,0x21,
    0x46,0x21,0x46,0x21,0x66,0x21,0x66,0x21,0x66,0x21,0x67,0x21,0x67,0x21,0x67,0x21,
    0x67,0x21,0x67,0x21,0x67,0x21,0x67,0x21,0x66,0x21,0x67,0x21,0x67,0x21,0x67,0x21,
    0x67,0x21,0x67,0x21,0x67,0x21,0x87,0x29,0x87,0x29,0x87,0x29,0x87,0x29,0x87,0x29,
    0x87,0x29,0x87,0x29,0x87,0x29,0x87,0x29,0x87,0x29,0x87,0x29,0x87,0x29,0x87,0x29,
    0x87,0x29,0x87,0x29,0x87,0x29,0x87,0x29,0x87,0x29,0x87,0x29,0x87,0x29,0x87,0x29,
    0x87,0x29,0x87,0x29,0x87,0x29,0x87,0x29,0x87,0x29,0x87,0x29,0x87,0x29,0x87,0x29,
    0x87,0x29,0x87,0x29,0x87,0x29,0x87,0x29,0x87,0x29,0x87,0x29,0x87,0x29,0x87,0x29,
    0x87,0x29,0x87,0x29,0x87,0x29,0x87,0x29,0x87,0x29,0x87,0x29,0x87,0x29,0x87,0x29,
    0x87,0x29,0x87,0x29,0x87,0x29,0x87,0x29,0x87,0x29,0x87,0x29,0x87,0x29,0x87,0x29,
    0x67,0x29,0x67,0x21,0x46,0x21,0x26,0x21,0x25,0x19,0x05,0x11,0xc4,0x10,0xa3,0x08,
    0x82,0x08,0x62,0x00,0x41,0x00,0x21,0x00,0x01,0x00,0x01,0x00,0x01,0x00,0x20,0x00,
    0x00,0x00,0x00,0x00,0x00,0x00,0x00,0x00,0x00,0x00,0x00,0x00,0x00,0x00,0x00,0x00,
    0x00,0x00,0x00,0x00,0x00,0x00,0x00,0x00,0x00,0x00,0x00,0x00,0x00,0x00,0x00,0x00,
    0x00,0x00,0x00,0x00,0x00,0x00,0x00,0x00,0x00,0x00,0x00,0x00,0x00,0x00,0x00,0x00,
    0x00,0x00,0x00,0x00,0x00,0x00,0x00,0x00,0x00,0x00,0x00,0x00,0x20,0x00,0x62,0x00,
    0x6a,0x42,0x4e,0x63,0xed,0x5a,0xed,0x5a,0x0d,0x5b,0xcc,0x52,0x0d,0x5b,0xcc,0x52,
    0xc7,0x29,0x04,0x11,0x86,0x21,0x87,0x29,0xc4,0x10,0x46,0x21,0xa4,0x10,0x83,0x08,
    0x42,0x08,0x20,0x00,0x20,0x00,0x00,0x00,0x00,0x00,0x00,0x00,0x00,0x00,0x00,0x00,
    0x00,0x00,0x00,0x00,0x62,0x00,0x25,0x19,0x25,0x19,0x25,0x11,0x05,0x19,0x25,0x19,
    0x25,0x19,0x25,0x19,0x25,0x19,0x25,0x19,0x25,0x19,0x25,0x19,0x25,0x19,0x25,0x19,
    0x25,0x19,0x25,0x19,0x26,0x19,0x26,0x19,0x26,0x19,0x26,0x19,0x26,0x19,0x46,0x19,
    0x46,0x19,0x46,0x19,0x46,0x21,0x46,0x21,0x46,0x21,0x46,0x21,0x46,0x21,0x46,0x21,
    0x46,0x21,0x46,0x21,0x46,0x21,0x46,0x21,0x46,0x21,0x66,0x21,0x66,0x21,0x66,0x21,
    0x66,0x21,0x66,0x21,0x67,0x21,0x67,0x21,0x67,0x21,0x67,0x21,0x67,0x21,0x67,0x21,
    0x66,0x21,0x67,0x21,0x67,0x21,0x67,0x21,0x67,0x21,0x67,0x21,0x67,0x21,0x67,0x21,
    0x67,0x21,0x67,0x21,0x67,0x21,0x67,0x21,0x87,0x29,0x87,0x29,0x87,0x29,0x87,0x29,
    0x87,0x29,0x87,0x29,0x87,0x29,0x87,0x29,0x67,0x21,0x67,0x21,0x87,0x29,0x87,0x29,
    0x87,0x29,0x87,0x29,0x87,0x29,0x87,0x29,0x87,0x29,0x87,0x29,0x87,0x29,0x87,0x29,
    0x87,0x29,0x87,0x29,0x87,0x29,0x87,0x29,0x87,0x29,0x87,0x29,0x87,0x29,0x87,0x29,
    0x87,0x29,0x87,0x29,0x87,0x29,0x87,0x29,0x87,0x29,0x87,0x29,0x87,0x29,0x87,0x29,
    0x87,0x29,0x87,0x29,0x87,0x29,0x87,0x29,0x87,0x29,0x87,0x29,0x87,0x29,0x87,0x29,
    0x67,0x29,0x67,0x29,0x67,0x29,0x67,0x29,0x67,0x21,0x46,0x21,0x46,0x21,0x26,0x19,
    0x05,0x19,0x05,0x11,0xc4,0x08,0xa3,0x08,0x62,0x08,0x42,0x00,0x41,0x00,0x21,0x00,
    0x01,0x00,0x01,0x00,0x01,0x00,0x20,0x00,0x00,0x00,0x00,0x00,0x00,0x00,0x00,0x00,
    0x00,0x00,0x00,0x00,0x00,0x00,0x00,0x00,0x00,0x00,0x00,0x00,0x00,0x00,0x00,0x00,
    0x00,0x00,0x00,0x00,0x00,0x00,0x00,0x00,0x00,0x00,0x00,0x00,0x00,0x00,0x00,0x00,
    0x00,0x00,0x00,0x00,0x00,0x00,0x00,0x00,0x00,0x00,0x00,0x00,0x00,0x00,0x00,0x00,
    0x00,0x00,0x00,0x00,0x20,0x00,0x62,0x00,0x6a,0x42,0x4e,0x63,0x0d,0x5b,0xed,0x5a,
    0xed,0x5a,0xcc,0x52,0x0d,0x5b,0xcc,0x52,0xc7,0x29,0xe4,0x10,0x86,0x21,0x87,0x29,
    0xc4,0x10,0x46,0x21,0xa3,0x10,0x83,0x08,0x42,0x08,0x00,0x00,0x20,0x00,0x00,0x00,
    0x00,0x00,0x00,0x00,0x00,0x00,0x00,0x00,0x00,0x00,0x00,0x00,0x62,0x00,0x25,0x19,
    0x25,0x19,0x05,0x11,0x05,0x11,0x05,0x19,0x25,0x19,0x25,0x19,0x25,0x19,0x25,0x19,
    0x25,0x19,0x25,0x19,0x25,0x19,0x25,0x19,0x25,0x19,0x25,0x19,0x25,0x19,0x25,0x19,
    0x25,0x19,0x25,0x19,0x25,0x19,0x25,0x19,0x25,0x19,0x25,0x19,0x46,0x21,0x46,0x21,
    0x46,0x21,0x46,0x21,0x46,0x21,0x46,0x19,0x46,0x21,0x46,0x21,0x46,0x21,0x46,0x21,
    0x46,0x21,0x46,0x21,0x46,0x21,0x66,0x21,0x46,0x21,0x46,0x21,0x67,0x21,0x67,0x21,
    0x67,0x21,0x67,0x21,0x67,0x21,0x67,0x21,0x66,0x21,0x66,0x21,0x67,0x21,0x67,0x21,
    0x67,0x21,0x67,0x21,0x67,0x21,0x67,0x21,0x67,0x21,0x67,0x21,0x67,0x21,0x67,0x21,
    0x67,0x21,0x67,0x21,0x67,0x21,0x67,0x21,0x67,0x21,0x67,0x21,0x67,0x21,0x67,0x21,
    0x67,0x21,0x67,0x21,0x87,0x29,0x87,0x29,0x87,0x29,0x87,0x29,0x87,0x29,0x87,0x29,
    0x87,0x29,0x87,0x29,0x87,0x29,0x87,0x29,0x87,0x29,0x87,0x29,0x87,0x29,0x87,0x29,
    0x87,0x29,0x87,0x29,0x87,0x29,0x87,0x29,0x87,0x29,0x87,0x29,0x87,0x29,0x87,0x29,
    0x87,0x29,0x87,0x29,0x87,0x29,0x87,0x29,0x87,0x29,0x87,0x29,0x87,0x29,0x87,0x29,
    0x87,0x29,0x87,0x29,0x87,0x29,0x87,0x29,0x67,0x29,0x87,0x29,0x67,0x29,0x67,0x21,
    0x66,0x21,0x46,0x21,0x46,0x21,0x26,0x19,0x25,0x19,0x05,0x11,0xc4,0x10,0xa3,0x08,
    0x62,0x08,0x42,0x00,0x41,0x00,0x21,0x00,0x01,0x00,0x00,0x00,0x00,0x00,0x00,0x00,
    0x00,0x00,0x00,0x00,0x00,0x00,0x00,0x00,0x00,0x00,0x00,0x00,0x00,0x00,0x00,0x00,
    0x00,0x00,0x00,0x00,0x00,0x00,0x00,0x00,0x00,0x00,0x00,0x00,0x00,0x00,0x00,0x00,
    0x00,0x00,0x00,0x00,0x00,0x00,0x00,0x00,0x00,0x00,0x00,0x00,0x00,0x00,0x00,0x00,
    0x00,0x00,0x00,0x00,0x00,0x00,0x00,0x00,0x00,0x00,0x00,0x00,0x20,0x00,0x62,0x00,
    0x6a,0x42,0x4e,0x63,0x0d,0x5b,0xed,0x5a,0xed,0x5a,0xac,0x52,0xed,0x5a,0xcc,0x52,
    0xa8,0x29,0xe5,0x10,0x67,0x29,0x87,0x29,0xc4,0x10,0x46,0x21,0xa3,0x10,0x83,0x08,
    0x42,0x08,0x00,0x00,0x00,0x00,0x00,0x00,0x00,0x00,0x00,0x00,0x00,0x00,0x00,0x00,
    0x00,0x00,0x00,0x00,0x62,0x08,0x25,0x19,0x25,0x19,0x05,0x19,0x05,0x19,0x05,0x19,
    0x25,0x19,0x25,0x19,0x25,0x19,0x25,0x19,0x25,0x19,0x25,0x19,0x25,0x19,0x25,0x19,
    0x25,0x19,0x25,0x19,0x25,0x19,0x25,0x19,0x25,0x19,0x25,0x19,0x25,0x19,0x25,0x19,
    0x25,0x19,0x25,0x19,0x26,0x19,0x46,0x19,0x46,0x19,0x46,0x19,0x46,0x19,0x46,0x19,
    0x46,0x21,0x46,0x21,0x46,0x21,0x46,0x21,0x46,0x21,0x46,0x21,0x46,0x21,0x46,0x21,
    0x66,0x21,0x66,0x21,0x66,0x21,0x66,0x21,0x66,0x21,0x66,0x21,0x66,0x21,0x66,0x21,
    0x66,0x21,0x66,0x21,0x66,0x21,0x67,0x21,0x66,0x21,0x66,0x21,0x66,0x21,0x66,0x21,
    0x66,0x21,0x66,0x21,0x66,0x21,0x66,0x21,0x66,0x21,0x66,0x21,0x66,0x21,0x66,0x21,
    0x66,0x21,0x66,0x21,0x66,0x21,0x66,0x21,0x67,0x21,0x67,0x21,0x87,0x21,0x87,0x21,
    0x67,0x21,0x67,0x21,0x67,0x21,0x67,0x21,0x87,0x29,0x87,0x29,0x87,0x29,0x87,0x29,
    0x87,0x29,0x87,0x29,0x87,0x29,0x87,0x29,0x67,0x21,0x67,0x21,0x87,0x29,0x87,0x29,
    0x87,0x29,0x87,0x29,0x87,0x29,0x87,0x29,0x87,0x29,0x87,0x29,0x87,0x29,0x87,0x29,
    0x87,0x29,0x87,0x29,0x87,0x29,0x87,0x29,0x87,0x29,0x87,0x29,0x87,0x29,0x87,0x29,
    0x87,0x29,0x87,0x29,0x67,0x29,0x67,0x21,0x66,0x21,0x46,0x21,0x46,0x21,0x25,0x19,
    0x25,0x19,0xe5,0x10,0xc4,0x10,0xa3,0x08,0x82,0x08,0x42,0x08,0x41,0x00,0x21,0x00,
    0x21,0x00,0x21,0x00,0x21,0x00,0x21,0x00,0x00,0x00,0x00,0x00,0x00,0x00,0x00,0x00,
    0x00,0x00,0x00,0x00,0x00,0x00,0x00,0x00,0x00,0x00,0x00,0x00,0x00,0x00,0x00,0x00,
    0x00,0x00,0x00,0x00,0x00,0x00,0x00,0x00,0x00,0x00,0x00,0x00,0x00,0x00,0x00,0x00,
    0x00,0x00,0x00,0x00,0x00,0x00,0x00,0x00,0x00,0x00,0x00,0x00,0x00,0x00,0x00,0x00,
    0x00,0x00,0x20,0x00,0x20,0x00,0x62,0x00,0x6a,0x42,0x4e,0x63,0xed,0x5a,0xed,0x5a,
    0xcc,0x52,0xab,0x4a,0xed,0x5a,0xac,0x52,0xa8,0x29,0xe5,0x10,0x67,0x29,0x66,0x29,
    0xc4,0x10,0x46,0x21,0xc4,0x10,0x83,0x08,0x42,0x08,0x00,0x00,0x00,0x00,0x00,0x00,
    0x00,0x00,0x00,0x00,0x00,0x00,0x00,0x00,0x00,0x00,0x00,0x00,0x62,0x08,0x25,0x19,
    0x05,0x19,0x05,0x11,0x05,0x11,0x05,0x11,0x05,0x19,0x05,0x19,0x05,0x19,0x05,0x19,
    0x05,0x19,0x05,0x19,0x05,0x19,0x25,0x19,0x25,0x19,0x25,0x19,0x25,0x19,0x25,0x19,
    0x25,0x19,0x25,0x19,0x25,0x19,0x25,0x19,0x26,0x19,0x26,0x19,0x25,0x19,0x26,0x19,
    0x26,0x19,0x26,0x19,0x46,0x19,0x46,0x19,0x46,0x19,0x46,0x19,0x46,0x19,0x46,0x19,
    0x46,0x21,0x46,0x21,0x46,0x21,0x46,0x21,0x46,0x21,0x46,0x21,0x46,0x21,0x66,0x21,
    0x46,0x21,0x46,0x21,0x46,0x21,0x46,0x21,0x46,0x21,0x66,0x21,0x66,0x21,0x66,0x21,
    0x66,0x21,0x66,0x21,0x66,0x21,0x66,0x21,0x66,0x21,0x66,0x21,0x66,0x21,0x66,0x21,
    0x66,0x21,0x66,0x21,0x66,0x21,0x66,0x21,0x66,0x21,0x66,0x21,0x66,0x21,0x66,0x21,
    0x67,0x21,0x67,0x21,0x67,0x21,0x67,0x21,0x67,0x21,0x67,0x21,0x67,0x21,0x67,0x21,
    0x67,0x21,0x67,0x21,0x67,0x21,0x67,0x21,0x67,0x21,0x67,0x21,0x67,0x21,0x67,0x21,
    0x67,0x21,0x67,0x21,0x67,0x21,0x87,0x29,0x87,0x29,0x87,0x29,0x87,0x29,0x87,0x29,
    0x87,0x29,0x87,0x29,0x87,0x29,0x67,0x21,0x67,0x21,0x67,0x21,0x67,0x21,0x67,0x21,
    0x87,0x29,0x87,0x29,0x87,0x29,0x87,0x29,0x67,0x21,0x67,0x21,0x67,0x21,0x67,0x21,
    0x66,0x21,0x46,0x21,0x46,0x21,0x25,0x19,0x05,0x11,0xe4,0x10,0xc4,0x10,0xa3,0x08,
    0x82,0x08,0x42,0x08,0x41,0x00,0x21,0x00,0x21,0x00,0x21,0x00,0x21,0x00,0x21,0x00,
    0x00,0x00,0x00,0x00,0x00,0x00,0x00,0x00,0x00,0x00,0x00,0x00,0x00,0x00,0x00,0x00,
    0x00,0x00,0x00,0x00,0x00,0x00,0x00,0x00,0x00,0x00,0x00,0x00,0x00,0x00,0x00,0x00,
    0x00,0x00,0x00,0x00,0x00,0x00,0x00,0x00,0x00,0x00,0x00,0x00,0x00,0x00,0x00,0x00,
    0x00,0x00,0x00,0x00,0x00,0x00,0x00,0x00,0x00,0x00,0x20,0x00,0x00,0x00,0x62,0x00,
    0x6a,0x42,0x2e,0x5b,0xed,0x5a,0xed,0x5a,0xcc,0x52,0x8b,0x4a,0xcc,0x52,0xac,0x52,
    0xa8,0x29,0xe5,0x10,0x67,0x21,0x66,0x21,0xc4,0x10,0x46,0x21,0xc4,0x10,0x83,0x08,
    0x42,0x08,0x00,0x00,0x00,0x00,0x00,0x00,0x00,0x00,0x00,0x00,0x00,0x00,0x00,0x00,
    0x00,0x00,0x00,0x00,0x62,0x08,0x25,0x19,0x05,0x19,0x05,0x11,0x05,0x11,0x04,0x11,
    0x05,0x11,0x05,0x11,0x05,0x11,0x05,0x11,0x05,0x11,0x05,0x19,0x05,0x19,0x05,0x19,
    0x25,0x19,0x25,0x19,0x25,0x19,0x25,0x19,0x25,0x19,0x25,0x19,0x25,0x19,0x25,0x19,
    0x25,0x19,0x25,0x19,0x25,0x19,0x25,0x19,0x25,0x19,0x26,0x19,0x46,0x19,0x46,0x19,
    0x46,0x19,0x46,0x19,0x46,0x19,0x46,0x19,0x46,0x19,0x46,0x19,0x46,0x21,0x46,0x21,
    0x46,0x19,0x46,0x21,0x46,0x21,0x46,0x21,0x46,0x21,0x46,0x21,0x46,0x21,0x46,0x21,
    0x46,0x21,0x46,0x21,0x46,0x21,0x46,0x21,0x46,0x21,0x66,0x21,0x66,0x21,0x66,0x21,
    0x66,0x21,0x66,0x21,0x66,0x21,0x66,0x21,0x66,0x21,0x66,0x21,0x66,0x21,0x66,0x21,
    0x66,0x21,0x66,0x21,0x66,0x21,0x66,0x21,0x67,0x21,0x67,0x21,0x67,0x21,0x67,0x21,
    0x66,0x21,0x66,0x21,0x66,0x21,0x66,0x21,0x67,0x21,0x67,0x21,0x66,0x21,0x66,0x21,
    0x67,0x21,0x67,0x21,0x67,0x21,0x67,0x21,0x67,0x21,0x67,0x21,0x67,0x21,0x67,0x21,
    0x87,0x29,0x87,0x29,0x87,0x29,0x87,0x29,0x87,0x29,0x87,0x29,0x67,0x21,0x67,0x21,
    0x67,0x21,0x67,0x21,0x67,0x21,0x67,0x21,0x67,0x21,0x67,0x21,0x67,0x21,0x67,0x21,
    0x67,0x29,0x67,0x21,0x67,0x21,0x66,0x21,0x46,0x21,0x46,0x21,0x26,0x19,0x25,0x19,
    0x05,0x11,0xe4,0x10,0xa3,0x08,0x83,0x08,0x82,0x08,0x42,0x08,0x41,0x00,0x21,0x00,
    0x21,0x00,0x21,0x00,0x21,0x00,0x21,0x00,0x00,0x00,0x00,0x00,0x00,0x00,0x00,0x00,
    0x00,0x00,0x00,0x00,0x00,0x00,0x00,0x00,0x00,0x00,0x00,0x00,0x00,0x00,0x00,0x00,
    0x00,0x00,0x00,0x00,0x00,0x00,0x00,0x00,0x00,0x00,0x00,0x00,0x00,0x00,0x00,0x00,
    0x00,0x00,0x00,0x00,0x00,0x00,0x00,0x00,0x00,0x00,0x00,0x00,0x00,0x00,0x00,0x00,
    0x00,0x00,0x00,0x00,0x00,0x00,0x62,0x00,0x6a,0x42,0x2d,0x5b,0xed,0x5a,0xed,0x5a,
    0xec,0x5a,0x8b,0x4a,0xcc,0x52,0xac,0x52,0xa7,0x29,0xe4,0x10,0x67,0x21,0x66,0x21,
    0xc4,0x10,0x46,0x21,0xc4,0x10,0x83,0x08,0x42,0x08,0x00,0x00,0x00,0x00,0x00,0x00,
    0x00,0x00,0x00,0x00,0x00,0x00,0x00,0x00,0x00,0x00,0x00,0x00,0x42,0x08,0x05,0x19,
    0x05,0x19,0x05,0x11,0x05,0x11,0x04,0x11,0x05,0x11,0x05,0x11,0x04,0x11,0x04,0x11,
    0x05,0x11,0x05,0x11,0x05,0x11,0x05,0x19,0x05,0x19,0x05,0x19,0x05,0x19,0x05,0x19,
    0x05,0x19,0x05,0x19,0x25,0x19,0x25,0x19,0x25,0x19,0x25,0x19,0x25,0x19,0x25,0x19,
    0x25,0x19,0x25,0x19,0x25,0x19,0x26,0x19,0x26,0x19,0x26,0x19,0x26,0x19,0x26,0x19,
    0x46,0x19,0x46,0x19,0x46,0x19,0x46,0x21,0x46,0x19,0x46,0x19,0x46,0x21,0x46,0x21,
    0x46,0x21,0x46,0x21,0x46,0x21,0x46,0x21,0x46,0x21,0x46,0x21,0x46,0x21,0x46,0x21,
    0x46,0x21,0x66,0x21,0x66,0x21,0x66,0x21,0x46,0x21,0x66,0x21,0x66,0x21,0x66,0x21,
    0x66,0x21,0x66,0x21,0x66,0x21,0x66,0x21,0x66,0x21,0x66,0x21,0x66,0x21,0x66,0x21,
    0x66,0x21,0x66,0x21,0x66,0x21,0x66,0x21,0x66,0x21,0x66,0x21,0x66,0x21,0x66,0x21,
    0x67,0x21,0x67,0x21,0x67,0x21,0x66,0x21,0x67,0x21,0x67,0x21,0x67,0x21,0x67,0x21,
    0x67,0x21,0x67,0x21,0x67,0x21,0x67,0x21,0x67,0x21,0x67,0x21,0x67,0x21,0x67,0x21,
    0x87,0x29,0x87,0x29,0x67,0x21,0x67,0x21,0x67,0x21,0x67,0x21,0x67,0x21,0x67,0x21,
    0x67,0x21,0x67,0x21,0x67,0x21,0x67,0x21,0x67,0x21,0x67,0x21,0x46,0x21,0x46,0x21,
    0x46,0x19,0x26,0x19,0x25,0x19,0x05,0x19,0x05,0x11,0xe4,0x10,0xa3,0x08,0x83,0x08,
    0x82,0x08,0x42,0x08,0x41,0x00,0x21,0x00,0x01,0x00,0x01,0x00,0x00,0x00,0x00,0x00,
    0x00,0x00,0x00,0x00,0x00,0x00,0x00,0x00,0x00,0x00,0x00,0x00,0x00,0x00,0x00,0x00,
    0x00,0x00,0x00,0x00,0x00,0x00,0x00,0x00,0x00,0x00,0x00,0x00,0x00,0x00,0x00,0x00,
    0x00,0x00,0x00,0x00,0x00,0x00,0x00,0x00,0x00,0x00,0x00,0x00,0x00,0x00,0x00,0x00,
    0x00,0x00,0x00,0x00,0x00,0x00,0x00,0x00,0x00,0x00,0x00,0x00,0x00,0x00,0x62,0x00,
    0x6a,0x42,0x2d,0x5b,0xed,0x5a,0xed,0x5a,0xed,0x5a,0x8b,0x4a,0xcc,0x52,0x8b,0x4a,
    0xa7,0x29,0xe4,0x10,0x66,0x21,0x66,0x21,0xc4,0x10,0x46,0x21,0xc4,0x10,0x83,0x08,
    0x41,0x08,0x00,0x00,0x01,0x00,0x00,0x00,0x00,0x00,0x00,0x00,0x00,0x00,0x00,0x00,
    0x20,0x00,0x00,0x00,0x62,0x08,0x05,0x19,0x05,0x19,0x05,0x11,0x05,0x11,0x04,0x11,
    0x04,0x11,0x04,0x11,0x04,0x11,0x04,0x11,0x05,0x11,0x05,0x11,0x05,0x11,0x05,0x11,
    0x05,0x19,0x05,0x19,0x05,0x19,0x05,0x19,0x05,0x19,0x05,0x19,0x05,0x19,0x05,0x19,
    0x25,0x19,0x25,0x19,0x25,0x19,0x25,0x19,0x25,0x19,0x25,0x19,0x25,0x19,0x25,0x19,
    0x25,0x19,0x25,0x19,0x25,0x19,0x25,0x19,0x26,0x19,0x46,0x19,0x46,0x19,0x46,0x19,
    0x46,0x19,0x46,0x19,0x46,0x19,0x46,0x19,0x46,0x21,0x46,0x21,0x46,0x21,0x46,0x21,
    0x46,0x21,0x46,0x21,0x46,0x21,0x46,0x21,0x46,0x21,0x46,0x21,0x46,0x21,0x66,0x21,
    0x66,0x21,0x66,0x21,0x66,0x21,0x66,0x21,0x66,0x21,0x66,0x21,0x66,0x21,0x66,0x21,
    0x66,0x21,0x66,0x21,0x66,0x21,0x66,0x21,0x66,0x21,0x66,0x21,0x66,0x21,0x66,0x21,
    0x66,0x21,0x66,0x21,0x66,0x21,0x66,0x21,0x66,0x21,0x66,0x21,0x66,0x21,0x66,0x21,
    0x67,0x21,0x67,0x21,0x67,0x21,0x67,0x21,0x67,0x21,0x67,0x21,0x67,0x21,0x67,0x21,
    0x67,0x21,0x67,0x21,0x67,0x21,0x67,0x21,0x67,0x21,0x67,0x21,0x67,0x21,0x67,0x21,
    0x67,0x21,0x67,0x21,0x67,0x21,0x67,0x21,0x67,0x21,0x67,0x21,0x67,0x21,0x67,0x21,
    0x66,0x21,0x66,0x21,0x46,0x21,0x46,0x21,0x46,0x19,0x46,0x19,0x25,0x19,0x05,0x19,
    0x05,0x11,0xe4,0x10,0xa3,0x08,0x83,0x08,0x62,0x08,0x42,0x08,0x41,0x00,0x21,0x00,
    0x21,0x00,0x21,0x00,0x21,0x00,0x21,0x00,0x00,0x00,0x00,0x00,0x00,0x00,0x00,0x00,
    0x00,0x00,0x00,0x00,0x00,0x00,0x00,0x00,0x00,0x00,0x00,0x00,0x00,0x00,0x00,0x00,
    0x00,0x00,0x00,0x00,0x00,0x00,0x00,0x00,0x00,0x00,0x00,0x00,0x00,0x00,0x00,0x00,
    0x00,0x00,0x00,0x00,0x00,0x00,0x00,0x00,0x00,0x00,0x00,0x00,0x00,0x00,0x00,0x00,
    0x00,0x00,0x00,0x00,0x00,0x00,0x62,0x00,0x6a,0x42,0x2d,0x5b,0xed,0x5a,0xed,0x5a,
    0xed,0x5a,0x8b,0x4a,0xcc,0x52,0x8b,0x4a,0xa7,0x29,0xe5,0x10,0x66,0x21,0x66,0x21,
    0xc4,0x10,0x46,0x21,0xc4,0x10,0x83,0x08,0x41,0x08,0x00,0x00,0x01,0x00,0x00,0x00,
    0x00,0x00,0x00,0x00,0x00,0x00,0x00,0x00,0x00,0x00,0x00,0x00,0x62,0x08,0x05,0x19,
    0x05,0x19,0x05,0x11,0xe4,0x10,0xe4,0x10,0x04,0x11,0x04,0x11,0x04,0x11,0x04,0x11,
    0x05,0x11,0x05,0x11,0x05,0x11,0x05,0x11,0x05,0x19,0x05,0x19,0x05,0x19,0x05,0x19,
    0x05,0x19,0x05,0x19,0x05,0x19,0x05,0x19,0x05,0x19,0x05,0x19,0x05,0x19,0x05,0x19,
    0x05,0x19,0x05,0x19,0x25,0x19,0x25,0x19,0x25,0x19,0x25,0x19,0x25,0x19,0x25,0x19,
    0x25,0x19,0x25,0x19,0x25,0x19,0x25,0x19,0x25,0x19,0x26,0x19,0x26,0x19,0x46,0x19,
    0x46,0x19,0x46,0x19,0x46,0x19,0x46,0x19,0x46,0x21,0x46,0x21,0x46,0x21,0x46,0x21,
    0x46,0x21,0x46,0x21,0x46,0x21,0x46,0x21,0x46,0x21,0x46,0x21,0x46,0x21,0x46,0x21,
    0x46,0x21,0x46,0x21,0x46,0x21,0x46,0x21,0x66,0x21,0x66,0x21,0x66,0x21,0x66,0x21,
    0x66,0x21,0x66,0x21,0x66,0x21,0x66,0x21,0x66,0x21,0x66,0x21,0x66,0x21,0x66,0x21,
    0x46,0x21,0x46,0x21,0x46,0x21,0x46,0x21,0x67,0x21,0x67,0x21,0x67,0x21,0x67,0x21,
    0x67,0x21,0x67,0x21,0x66,0x21,0x46,0x21,0x67,0x21,0x67,0x21,0x67,0x21,0x67,0x21,
    0x66,0x21,0x46,0x21,0x46,0x21,0x46,0x21,0x66,0x21,0x66,0x21,0x66,0x21,0x66,0x21,
    0x66,0x21,0x66,0x21,0x66,0x21,0x66,0x21,0x66,0x21,0x46,0x21,0x46,0x21,0x46,0x21,
    0x46,0x19,0x46,0x19,0x25,0x19,0x05,0x19,0xe5,0x10,0xc4,0x10,0xa3,0x08,0x83,0x08,
    0x62,0x08,0x42,0x08,0x41,0x00,0x21,0x00,0x21,0x00,0x21,0x00,0x21,0x00,0x21,0x00,
    0x00,0x00,0x00,0x00,0x00,0x00,0x00,0x00,0x00,0x00,0x00,0x00,0x00,0x00,0x00,0x00,
    0x00,0x00,0x00,0x00,0x00,0x00,0x00,0x00,0x00,0x00,0x00,0x00,0x00,0x00,0x00,0x00,
    0x00,0x00,0x00,0x00,0x00,0x00,0x00,0x00,0x00,0x00,0x00,0x00,0x00,0x00,0x00,0x00,
    0x00,0x00,0x00,0x00,0x00,0x00,0x00,0x00,0x00,0x00,0x00,0x00,0x00,0x00,0x62,0x00,
    0x6a,0x42,0x0d,0x5b,0xcc,0x52,0xed,0x5a,0xed,0x5a,0x8b,0x4a,0xcc,0x52,0x8b,0x4a,
    0xa7,0x29,0xe5,0x10,0x66,0x21,0x66,0x21,0xc4,0x10,0x46,0x21,0xa4,0x10,0x83,0x08,
    0x41,0x08,0x00,0x00,0x00,0x00,0x00,0x00,0x00,0x00,0x00,0x00,0x00,0x00,0x00,0x00,
    0x00,0x00,0x00,0x00,0x62,0x08,0x05,0x19,0x05,0x11,0xe4,0x10,0xe4,0x10,0xe4,0x10,
    0xe4,0x10,0xe4,0x10,0x04,0x11,0xe4,0x10,0xe4,0x10,0xe5,0x10,0xe5,0x10,0xe5,0x10,
    0x05,0x19,0x05,0x19,0x05,0x19,0x05,0x19,0xe5,0x10,0x05,0x11,0x05,0x11,0x05,0x11,
    0x05,0x19,0x05,0x19,0x05,0x19,0x05,0x19,0x05,0x11,0x05,0x19,0x05,0x19,0x25,0x19,
    0x25,0x19,0x25,0x19,0x25,0x19,0x25,0x19,0x25,0x19,0x25,0x19,0x25,0x19,0x25,0x19,
    0x25,0x19,0x25,0x19,0x25,0x19,0x26,0x19,0x46,0x19,0x46,0x19,0x46,0x19,0x46,0x19,
    0x46,0x19,0x46,0x19,0x46,0x19,0x46,0x19,0x46,0x19,0x46,0x19,0x46,0x19,0x46,0x21,
    0x46,0x21,0x46,0x21,0x46,0x21,0x46,0x21,0x46,0x21,0x46,0x21,0x46,0x21,0x46,0x21,
    0x46,0x21,0x46,0x21,0x46,0x21,0x46,0x21,0x46,0x21,0x46,0x21,0x46,0x21,0x46,0x21,
    0x46,0x21,0x46,0x21,0x46,0x21,0x46,0x21,0x46,0x21,0x46,0x21,0x46,0x21,0x46,0x21,
    0x46,0x21,0x46,0x21,0x46,0x21,0x46,0x21,0x66,0x21,0x46,0x21,0x46,0x21,0x46,0x21,
    0x46,0x21,0x46,0x21,0x46,0x21,0x46,0x21,0x46,0x21,0x46,0x21,0x46,0x21,0x46,0x21,
    0x46,0x21,0x46,0x21,0x46,0x21,0x46,0x21,0x46,0x21,0x46,0x21,0x46,0x21,0x46,0x21,
    0x46,0x21,0x46,0x21,0x46,0x21,0x46,0x19,0x46,0x19,0x25,0x19,0x25,0x19,0x05,0x11,
    0xe4,0x10,0xc4,0x08,0xa3,0x08,0x83,0x08,0x62,0x08,0x42,0x00,0x21,0x00,0x21,0x00,
    0x21,0x00,0x21,0x00,0x21,0x00,0x21,0x00,0x00,0x00,0x00,0x00,0x00,0x00,0x00,0x00,
    0x00,0x00,0x00,0x00,0x00,0x00,0x00,0x00,0x00,0x00,0x00,0x00,0x00,0x00,0x00,0x00,
    0x00,0x00,0x00,0x00,0x00,0x00,0x00,0x00,0x00,0x00,0x00,0x00,0x00,0x00,0x00,0x00,
    0x00,0x00,0x00,0x00,0x00,0x00,0x00,0x00,0x00,0x00,0x00,0x00,0x00,0x00,0x00,0x00,
    0x00,0x00,0x00,0x00,0x00,0x00,0x62,0x00,0x6a,0x42,0x0d,0x5b,0xcc,0x52,0xed,0x5a,
    0xec,0x5a,0x8b,0x4a,0xcc,0x52,0x8b,0x4a,0x87,0x29,0xe5,0x10,0x66,0x21,0x66,0x21,
    0xc4,0x10,0x46,0x21,0xa3,0x10,0x83,0x08,0x41,0x08,0x00,0x00,0x00,0x00,0x00,0x00,
    0x00,0x00,0x00,0x00,0x00,0x00,0x00,0x00,0x00,0x00,0x00,0x00,0x62,0x08,0x05,0x19,
    0xe5,0x10,0xe4,0x10,0xe4,0x10,0xe4,0x10,0xe4,0x10,0xe4,0x10,0xe4,0x10,0xe4,0x10,
    0xe4,0x10,0xe4,0x10,0xe4,0x10,0xe5,0x10,0xe5,0x10,0xe5,0x10,0xe5,0x10,0xe5,0x10,
    0xe4,0x10,0xe4,0x10,0xe4,0x10,0x05,0x11,0x05,0x11,0x05,0x11,0x05,0x11,0x05,0x11,
    0x05,0x11,0x05,0x11,0x05,0x19,0x05,0x19,0x25,0x19,0x25,0x19,0x25,0x19,0x25,0x19,
    0x25,0x19,0x25,0x19,0x25,0x19,0x25,0x19,0x25,0x19,0x25,0x19,0x25,0x19,0x25,0x19,
    0x26,0x19,0x26,0x19,0x26,0x19,0x26,0x19,0x46,0x19,0x46,0x19,0x46,0x19,0x46,0x19,
    0x46,0x19,0x46,0x19,0x46,0x19,0x46,0x21,0x46,0x19,0x46,0x19,0x46,0x19,0x46,0x19,
    0x46,0x21,0x46,0x21,0x46,0x21,0x46,0x21,0x46,0x21,0x46,0x21,0x46,0x21,0x46,0x21,
    0x46,0x21,0x46,0x21,0x46,0x21,0x46,0x21,0x46,0x21,0x46,0x21,0x46,0x21,0x46,0x21,
    0x46,0x21,0x46,0x21,0x46,0x21,0x46,0x21,0x46,0x21,0x46,0x21,0x46,0x21,0x46,0x21,
    0x46,0x21,0x46,0x21,0x46,0x21,0x46,0x21,0x46,0x21,0x46,0x21,0x46,0x21,0x46,0x21,
    0x46,0x21,0x46,0x21,0x46,0x21,0x46,0x21,0x46,0x21,0x46,0x21,0x46,0x21,0x46,0x21,
    0x46,0x21,0x46,0x21,0x46,0x21,0x46,0x21,0x46,0x21,0x46,0x21,0x46,0x19,0x46,0x19,
    0x26,0x19,0x25,0x19,0x25,0x19,0x05,0x11,0xe4,0x10,0xc4,0x08,0xa3,0x08,0x83,0x08,
    0x62,0x08,0x42,0x00,0x21,0x00,0x21,0x00,0x01,0x00,0x01,0x00,0x00,0x00,0x00,0x00,
    0x00,0x00,0x00,0x00,0x00,0x00,0x00,0x00,0x00,0x00,0x00,0x00,0x00,0x00,0x00,0x00,
    0x00,0x00,0x00,0x00,0x00,0x00,0x00,0x00,0x00,0x00,0x00,0x00,0x00,0x00,0x00,0x00,
    0x00,0x00,0x00,0x00,0x00,0x00,0x00,0x00,0x00,0x00,0x00,0x00,0x00,0x00,0x00,0x00,
    0x00,0x00,0x00,0x00,0x00,0x00,0x00,0x00,0x00,0x00,0x20,0x00,0x20,0x00,0x62,0x00,
    0x4a,0x42,0x0d,0x5b,0xcc,0x52,0xed,0x5a,0xcc,0x52,0x8b,0x4a,0xcc,0x52,0x8b,0x4a,
    0x87,0x29,0xe4,0x10,0x66,0x21,0x66,0x21,0xc4,0x10,0x46,0x21,0xa3,0x10,0x82,0x08,
    0x41,0x08,0x00,0x00,0x00,0x00,0x00,0x00,0x00,0x00,0x20,0x00,0x20,0x00,0x00,0x00,
    0x00,0x00,0x00,0x00,0x62,0x08,0x05,0x19,0xe4,0x10,0xc4,0x10,0xc4,0x10,0xc4,0x10,
    0xc4,0x10,0xc4,0x10,0xc4,0x10,0xe4,0x10,0xe4,0x10,0xe4,0x10,0xe4,0x10,0xe4,0x10,
    0xe4,0x10,0xe4,0x10,0xe4,0x10,0xe4,0x10,0xe5,0x10,0xe5,0x10,0xe5,0x10,0x05,0x11,
    0x05,0x11,0x05,0x11,0x05,0x11,0x05,0x11,0x05,0x11,0x05,0x11,0x05,0x19,0x05,0x19,
    0x05,0x19,0x05,0x19,0x05,0x19,0x05,0x19,0x05,0x19,0x05,0x19,0x05,0x19,0x05,0x19,
    0x05,0x19,0x25,0x19,0x25,0x19,0x25,0x19,0x25,0x19,0x25,0x19,0x25,0x19,0x25,0x19,
    0x25,0x19,0x25,0x19,0x25,0x19,0x25,0x19,0x46,0x19,0x46,0x19,0x46,0x19,0x46,0x19,
    0x46,0x19,0x46,0x19,0x46,0x19,0x46,0x19,0x46,0x19,0x46,0x19,0x46,0x19,0x46,0x19,
    0x46,0x19,0x46,0x19,0x46,0x19,0x46,0x19,0x46,0x21,0x46,0x21,0x46,0x19,0x46,0x19,
    0x46,0x21,0x46,0x21,0x46,0x21,0x46,0x21,0x46,0x21,0x46,0x21,0x46,0x21,0x46,0x21,
    0x46,0x21,0x46,0x21,0x46,0x21,0x46,0x21,0x46,0x21,0x46,0x21,0x46,0x21,0x46,0x21,
    0x46,0x21,0x46,0x21,0x46,0x21,0x46,0x21,0x46,0x21,0x46,0x21,0x46,0x21,0x46,0x21,
    0x46,0x21,0x46,0x21,0x46,0x21,0x46,0x21,0x46,0x21,0x46,0x21,0x46,0x21,0x46,0x21,
    0x46,0x21,0x46,0x19,0x46,0x19,0x26,0x19,0x25,0x19,0x05,0x19,0x05,0x19,0xe5,0x10,
    0xe4,0x10,0xc4,0x08,0xa3,0x08,0x62,0x08,0x62,0x08,0x42,0x00,0x21,0x00,0x21,0x00,
    0x21,0x00,0x21,0x00,0x21,0x00,0x21,0x00,0x00,0x00,0x00,0x00,0x00,0x00,0x00,0x00,
    0x00,0x00,0x00,0x00,0x00,0x00,0x00,0x00,0x00,0x00,0x00,0x00,0x00,0x00,0x00,0x00,
    0x00,0x00,0x00,0x00,0x00,0x00,0x00,0x00,0x00,0x00,0x00,0x00,0x00,0x00,0x00,0x00,
    0x00,0x00,0x00,0x00,0x00,0x00,0x00,0x00,0x00,0x00,0x00,0x00,0x00,0x00,0x00,0x00,
    0x00,0x00,0x20,0x00,0x20,0x00,0x62,0x00,0x49,0x3a,0x0d,0x5b,0xed,0x52,0xed,0x5a,
    0xac,0x52,0x6b,0x4a,0xcc,0x52,0x8b,0x4a,0x87,0x29,0xe4,0x10,0x66,0x21,0x66,0x21,
    0xc4,0x10,0x45,0x21,0xa3,0x10,0x82,0x08,0x41,0x08,0x00,0x00,0x00,0x00,0x00,0x00,
    0x00,0x00,0x20,0x00,0x20,0x00,0x00,0x00,0x00,0x00,0x00,0x00,0x62,0x00,0x05,0x19,
    0xe4,0x10,0xc4,0x10,0xc4,0x10,0xc4,0x10,0xc4,0x10,0xc4,0x10,0xc4,0x10,0xc4,0x10,
    0xe4,0x10,0xe4,0x10,0xe4,0x10,0xe4,0x10,0xe4,0x10,0xe4,0x10,0xe4,0x10,0xe4,0x10,
    0xe5,0x10,0xe5,0x10,0x05,0x11,0x05,0x11,0xe5,0x10,0xe5,0x10,0x05,0x11,0x05,0x11,
    0x05,0x11,0x05,0x11,0x05,0x19,0x05,0x19,0x05,0x11,0x05,0x11,0x05,0x11,0x05,0x11,
    0x05,0x11,0x05,0x11,0x05,0x19,0x05,0x19,0x05,0x19,0x05,0x19,0x05,0x19,0x25,0x19,
    0x25,0x19,0x25,0x19,0x25,0x19,0x25,0x19,0x25,0x19,0x25,0x19,0x25,0x19,0x25,0x19,
    0x26,0x19,0x26,0x19,0x26,0x19,0x26,0x19,0x46,0x19,0x46,0x19,0x46,0x19,0x46,0x19,
    0x26,0x19,0x26,0x19,0x26,0x19,0x26,0x19,0x46,0x19,0x46,0x19,0x46,0x19,0x46,0x19,
    0x26,0x19,0x26,0x19,0x46,0x19,0x46,0x19,0x46,0x21,0x46,0x21,0x46,0x21,0x46,0x21,
    0x26,0x19,0x26,0x19,0x26,0x19,0x26,0x19,0x46,0x21,0x46,0x21,0x46,0x21,0x46,0x21,
    0x46,0x21,0x46,0x21,0x46,0x21,0x46,0x21,0x46,0x21,0x46,0x21,0x46,0x21,0x46,0x21,
    0x46,0x21,0x46,0x21,0x46,0x21,0x46,0x21,0x46,0x21,0x46,0x21,0x46,0x21,0x46,0x21,
    0x46,0x21,0x46,0x21,0x46,0x21,0x46,0x21,0x46,0x19,0x46,0x19,0x26,0x19,0x26,0x19,
    0x25,0x19,0x05,0x19,0x05,0x19,0xe5,0x10,0xc4,0x10,0xa4,0x08,0xa3,0x08,0x62,0x08,
    0x62,0x08,0x42,0x00,0x21,0x00,0x21,0x00,0x21,0x00,0x21,0x00,0x21,0x00,0x21,0x00,
    0x00,0x00,0x00,0x00,0x00,0x00,0x00,0x00,0x00,0x00,0x00,0x00,0x00,0x00,0x00,0x00,
    0x00,0x00,0x00,0x00,0x00,0x00,0x00,0x00,0x00,0x00,0x00,0x00,0x00,0x00,0x00,0x00,
    0x00,0x00,0x00,0x00,0x00,0x00,0x00,0x00,0x00,0x00,0x00,0x00,0x00,0x00,0x00,0x00,
    0x00,0x00,0x00,0x00,0x00,0x00,0x00,0x00,0x00,0x00,0x20,0x00,0x20,0x00,0x62,0x08,
    0x4a,0x42,0x0d,0x5b,0xed,0x52,0xcd,0x52,0xac,0x52,0x6b,0x4a,0xac,0x52,0x8b,0x4a,
    0x87,0x29,0xe4,0x10,0x66,0x21,0x66,0x21,0xc3,0x10,0x45,0x21,0xa3,0x10,0x82,0x08,
    0x41,0x08,0x00,0x00,0x00,0x00,0x00,0x00,0x00,0x00,0x20,0x00,0x20,0x00,0x00,0x00,
    0x00,0x00,0x00,0x00,0x62,0x00,0xe5,0x10,0xc4,0x10,0xc4,0x08,0xc4,0x10,0xc4,0x10,
    0xc4,0x10,0xc4,0x10,0xc4,0x10,0xc4,0x10,0xc4,0x10,0xc4,0x10,0xc4,0x10,0xc4,0x10,
    0xe4,0x10,0xe4,0x10,0xe4,0x10,0xe4,0x10,0xe4,0x10,0xc4,0x10,0xe4,0x10,0xe4,0x10,
    0xe4,0x10,0xe5,0x10,0xe5,0x10,0xe5,0x10,0xe5,0x10,0xe5,0x10,0xe5,0x10,0x05,0x11,
    0x05,0x11,0x05,0x11,0x05,0x11,0x05,0x11,0x05,0x11,0x05,0x19,0x05,0x19,0x05,0x19,
    0x05,0x19,0x05,0x19,0x05,0x19,0x05,0x19,0x25,0x19,0x25,0x19,0x25,0x19,0x25,0x19,
    0x25,0x19,0x25,0x19,0x25,0x19,0x25,0x19,0x25,0x19,0x25,0x19,0x25,0x19,0x25,0x19,
    0x25,0x19,0x26,0x19,0x26,0x19,0x26,0x19,0x25,0x19,0x25,0x19,0x25,0x19,0x25,0x19,
    0x46,0x19,0x46,0x19,0x46,0x19,0x46,0x19,0x26,0x19,0x26,0x19,0x46,0x19,0x46,0x19,
    0x26,0x19,0x26,0x19,0x26,0x19,0x26,0x19,0x26,0x19,0x26,0x19,0x26,0x19,0x26,0x19,
    0x26,0x19,0x26,0x19,0x26,0x19,0x26,0x19,0x26,0x19,0x26,0x19,0x26,0x21,0x26,0x19,
    0x26,0x19,0x26,0x19,0x26,0x19,0x26,0x19,0x26,0x19,0x26,0x19,0x26,0x19,0x26,0x19,
    0x46,0x21,0x46,0x21,0x46,0x21,0x46,0x21,0x46,0x19,0x46,0x19,0x46,0x19,0x46,0x19,
    0x46,0x19,0x46,0x19,0x26,0x19,0x25,0x19,0x25,0x19,0x05,0x11,0xe5,0x10,0xe4,0x10,
    0xc4,0x10,0xa3,0x08,0x83,0x08,0x82,0x08,0x62,0x08,0x42,0x00,0x21,0x00,0x21,0x00,
    0x21,0x00,0x21,0x00,0x21,0x00,0x21,0x00,0x00,0x00,0x00,0x00,0x00,0x00,0x00,0x00,
    0x00,0x00,0x00,0x00,0x00,0x00,0x00,0x00,0x00,0x00,0x00,0x00,0x00,0x00,0x00,0x00,
    0x00,0x00,0x00,0x00,0x00,0x00,0x00,0x00,0x00,0x00,0x00,0x00,0x00,0x00,0x00,0x00,
    0x00,0x00,0x00,0x00,0x00,0x00,0x00,0x00,0x00,0x00,0x00,0x00,0x00,0x00,0x00,0x00,
    0x00,0x00,0x00,0x00,0x20,0x00,0x62,0x08,0x4a,0x42,0x0d,0x5b,0xcd,0x52,0xcd,0x52,
    0xac,0x4a,0x6b,0x4a,0xcc,0x52,0x8b,0x4a,0x87,0x21,0xe4,0x10,0x66,0x21,0x66,0x21,
    0xc3,0x10,0x45,0x21,0xa3,0x10,0x82,0x08,0x41,0x08,0x00,0x00,0x00,0x00,0x00,0x00,
    0x00,0x00,0x20,0x00,0x20,0x00,0x00,0x00,0x00,0x00,0x00,0x00,0x62,0x00,0xe4,0x10,
    0xc4,0x10,0xc4,0x08,0xc4,0x08,0xc4,0x10,0xc4,0x10,0xc4,0x10,0xc4,0x10,0xc4,0x10,
    0xc4,0x10,0xc4,0x10,0xc4,0x10,0xc4,0x10,0xc4,0x10,0xc4,0x10,0xc4,0x10,0xc4,0x10,
    0xe4,0x10,0xe4,0x10,0xe4,0x10,0xe4,0x10,0xe4,0x10,0xe4,0x10,0xe5,0x10,0xe5,0x10,
    0xe4,0x10,0xe4,0x10,0xe5,0x10,0xe5,0x10,0x05,0x11,0x05,0x11,0x05,0x11,0x05,0x11,
    0x05,0x11,0x05,0x11,0x05,0x19,0x05,0x19,0x05,0x19,0x05,0x11,0x05,0x11,0x05,0x19,
    0x05,0x19,0x05,0x19,0x05,0x19,0x05,0x19,0x25,0x19,0x25,0x19,0x25,0x19,0x25,0x19,
    0x25,0x19,0x25,0x19,0x25,0x19,0x25,0x19,0x25,0x19,0x25,0x19,0x25,0x19,0x25,0x19,
    0x25,0x19,0x25,0x19,0x25,0x19,0x25,0x19,0x25,0x19,0x25,0x19,0x25,0x19,0x25,0x19,
    0x25,0x19,0x25,0x19,0x25,0x19,0x26,0x19,0x26,0x19,0x26,0x19,0x26,0x19,0x26,0x19,
    0x26,0x19,0x26,0x19,0x26,0x19,0x26,0x19,0x26,0x19,0x26,0x19,0x26,0x19,0x26,0x19,
    0x26,0x19,0x26,0x19,0x26,0x19,0x26,0x19,0x26,0x19,0x26,0x19,0x26,0x19,0x26,0x19,
    0x26,0x19,0x26,0x19,0x26,0x19,0x26,0x19,0x46,0x19,0x46,0x19,0x46,0x19,0x46,0x19,
    0x46,0x19,0x46,0x19,0x46,0x19,0x46,0x19,0x25,0x19,0x26,0x19,0x25,0x19,0x05,0x19,
    0x05,0x19,0x05,0x11,0xe4,0x10,0xe4,0x10,0xc4,0x08,0xa3,0x08,0x83,0x08,0x83,0x08,
    0x62,0x08,0x41,0x00,0x21,0x00,0x21,0x00,0x01,0x00,0x01,0x00,0x01,0x00,0x00,0x00,
    0x00,0x00,0x00,0x00,0x00,0x00,0x00,0x00,0x00,0x00,0x00,0x00,0x00,0x00,0x00,0x00,
    0x00,0x00,0x00,0x00,0x00,0x00,0x00,0x00,0x00,0x00,0x00,0x00,0x00,0x00,0x00,0x00,
    0x00,0x00,0x00,0x00,0x00,0x00,0x00,0x00,0x00,0x00,0x00,0x00,0x00,0x00,0x00,0x00,
    0x00,0x00,0x00,0x00,0x00,0x00,0x00,0x00,0x00,0x00,0x00,0x00,0x20,0x00,0x62,0x08,
    0x4a,0x42,0x0d,0x5b,0xcc,0x52,0xcd,0x52,0xac,0x4a,0x6b,0x42,0xac,0x52,0x8b,0x4a,
    0x87,0x21,0xe4,0x10,0x66,0x21,0x46,0x21,0xc3,0x10,0x45,0x21,0xa3,0x10,0x82,0x08,
    0x41,0x00,0x00,0x00,0x00,0x00,0x00,0x00,0x00,0x00,0x20,0x00,0x20,0x00,0x00,0x00,
    0x00,0x00,0x00,0x00,0x62,0x00,0xe5,0x10,0xc4,0x10,0xc4,0x08,0xc4,0x08,0xc3,0x08,
    0xc3,0x10,0xc4,0x10,0xc4,0x10,0xc4,0x10,0xc4,0x10,0xc4,0x10,0xc4,0x10,0xc4,0x10,
    0xc4,0x08,0xc4,0x08,0xc4,0x10,0xc4,0x10,0xe4,0x10,0xe4,0x10,0xe4,0x10,0xe4,0x10,
    0xe4,0x10,0xe4,0x10,0xe4,0x10,0xe4,0x10,0xe4,0x10,0xe4,0x10,0xe5,0x10,0xe5,0x10,
    0x05,0x11,0x05,0x11,0x05,0x11,0x05,0x11,0x05,0x11,0x05,0x19,0x05,0x19,0x05,0x19,
    0x05,0x11,0xe5,0x10,0x05,0x11,0x05,0x11,0x05,0x11,0x05,0x11,0x05,0x11,0x05,0x11,
    0x05,0x11,0x05,0x19,0x05,0x19,0x05,0x19,0x25,0x19,0x25,0x19,0x25,0x19,0x25,0x19,
    0x25,0x19,0x25,0x19,0x25,0x19,0x25,0x19,0x25,0x19,0x25,0x19,0x25,0x19,0x25,0x19,
    0x25,0x19,0x25,0x19,0x25,0x19,0x25,0x19,0x25,0x19,0x25,0x19,0x25,0x19,0x25,0x19,
    0x25,0x19,0x25,0x19,0x25,0x19,0x25,0x19,0x25,0x19,0x25,0x19,0x25,0x19,0x25,0x19,
    0x26,0x19,0x26,0x19,0x26,0x19,0x26,0x19,0x26,0x19,0x26,0x19,0x26,0x19,0x26,0x19,
    0x46,0x19,0x46,0x19,0x46,0x19,0x46,0x19,0x26,0x19,0x26,0x19,0x26,0x19,0x26,0x19,
    0x46,0x19,0x46,0x19,0x46,0x19,0x46,0x19,0x25,0x19,0x25,0x19,0x25,0x19,0x25,0x19,
    0x25,0x19,0x25,0x19,0x25,0x19,0x05,0x19,0x05,0x11,0xe5,0x10,0xe4,0x10,0xe4,0x10,
    0xa4,0x08,0xa3,0x08,0x83,0x08,0x82,0x08,0x62,0x08,0x42,0x00,0x21,0x00,0x21,0x00,
    0x21,0x00,0x21,0x00,0x21,0x00,0x21,0x00,0x00,0x00,0x00,0x00,0x00,0x00,0x00,0x00,
    0x00,0x00,0x00,0x00,0x00,0x00,0x00,0x00,0x00,0x00,0x00,0x00,0x00,0x00,0x00,0x00,
    0x00,0x00,0x00,0x00,0x00,0x00,0x00,0x00,0x00,0x00,0x00,0x00,0x00,0x00,0x00,0x00,
    0x00,0x00,0x00,0x00,0x00,0x00,0x00,0x00,0x00,0x00,0x00,0x00,0x00,0x00,0x00,0x00,
    0x00,0x00,0x00,0x00,0x20,0x00,0x62,0x08,0x4a,0x42,0xed,0x52,0xcc,0x52,0xcc,0x52,
    0xac,0x4a,0x6b,0x42,0xac,0x4a,0x6b,0x4a,0x87,0x21,0xe4,0x10,0x46,0x21,0x46,0x21,
    0xc3,0x10,0x45,0x21,0xa3,0x10,0x82,0x08,0x41,0x00,0x01,0x00,0x00,0x00,0x00,0x00,
    0x00,0x00,0x20,0x00,0x20,0x00,0x00,0x00,0x00,0x00,0x00,0x00,0x62,0x00,0xe4,0x10,
    0xc4,0x10,0xc4,0x08,0xc4,0x08,0xc3,0x08,0xa3,0x08,0xc3,0x08,0xc3,0x08,0xc4,0x10,
    0xc4,0x10,0xc4,0x10,0xc4,0x10,0xc4,0x10,0xc4,0x08,0xc4,0x08,0xc4,0x10,0xc4,0x10,
    0xc4,0x10,0xc4,0x10,0xc4,0x10,0xc4,0x10,0xe4,0x10,0xe4,0x10,0xe4,0x10,0xe4,0x10,
    0xe4,0x10,0xe4,0x10,0xe4,0x10,0xe4,0x10,0x05,0x11,0x05,0x11,0x05,0x11,0x05,0x11,
    0xe5,0x10,0x05,0x11,0x05,0x11,0x05,0x11,0x05,0x11,0x05,0x11,0x05,0x11,0x05,0x11,
    0x05,0x11,0x05,0x11,0x05,0x11,0x05,0x11,0x05,0x11,0x05,0x11,0x05,0x11,0x05,0x19,
    0x05,0x19,0x05,0x19,0x05,0x19,0x05,0x19,0x25,0x19,0x25,0x19,0x25,0x19,0x25,0x19,
    0x25,0x19,0x25,0x19,0x25,0x19,0x25,0x19,0x25,0x19,0x25,0x19,0x25,0x19,0x25,0x19,
    0x25,0x19,0x25,0x19,0x25,0x19,0x25,0x19,0x25,0x19,0x25,0x19,0x25,0x19,0x25,0x19,
    0x25,0x19,0x25,0x19,0x25,0x19,0x25,0x19,0x25,0x19,0x25,0x19,0x25,0x19,0x25,0x19,
    0x25,0x19,0x25,0x19,0x25,0x19,0x25,0x19,0x25,0x19,0x25,0x19,0x25,0x19,0x25,0x19,
    0x25,0x19,0x25,0x19,0x25,0x19,0x25,0x19,0x25,0x19,0x25,0x19,0x25,0x19,0x25,0x19,
    0x25,0x19,0x25,0x19,0x25,0x19,0x25,0x19,0x25,0x19,0x25,0x19,0x25,0x19,0x05,0x19,
    0x05,0x11,0xe4,0x10,0xe4,0x10,0xc4,0x10,0xa3,0x08,0xa3,0x08,0x83,0x08,0x62,0x08,
    0x62,0x08,0x42,0x00,0x21,0x00,0x21,0x00,0x21,0x00,0x21,0x00,0x21,0x00,0x21,0x00,
    0x00,0x00,0x00,0x00,0x00,0x00,0x00,0x00,0x00,0x00,0x00,0x00,0x00,0x00,0x00,0x00,
    0x00,0x00,0x00,0x00,0x00,0x00,0x00,0x00,0x00,0x00,0x00,0x00,0x00,0x00,0x00,0x00,
    0x00,0x00,0x00,0x00,0x00,0x00,0x00,0x00,0x00,0x00,0x00,0x00,0x00,0x00,0x00,0x00,
    0x00,0x00,0x00,0x00,0x00,0x00,0x00,0x00,0x00,0x00,0x00,0x00,0x20,0x00,0x62,0x00,
    0x29,0x3a,0xed,0x52,0xcc,0x52,0xac,0x52,0x8b,0x4a,0x6b,0x4a,0xac,0x52,0x6b,0x4a,
    0x87,0x21,0xe4,0x10,0x46,0x21,0x46,0x21,0xc3,0x10,0x45,0x21,0xa3,0x10,0x82,0x08,
    0x41,0x00,0x00,0x00,0x00,0x00,0x00,0x00,0x00,0x00,0x20,0x00,0x20,0x00,0x00,0x00,
    0x00,0x00,0x00,0x00,0x62,0x00,0xe4,0x10,0xc4,0x08,0xa4,0x08,0xa3,0x08,0xa3,0x08,
    0xa3,0x08,0xa3,0x08,0xa3,0x08,0xa3,0x08,0xa3,0x08,0xa3,0x08,0xa3,0x08,0xa3,0x08,
    0xc4,0x08,0xc4,0x08,0xc4,0x08,0xc4,0x10,0xc4,0x10,0xc4,0x10,0xc4,0x10,0xc4,0x10,
    0xc4,0x10,0xc4,0x10,0xe4,0x10,0xe4,0x10,0xe4,0x10,0xe4,0x10,0xe4,0x10,0xe4,0x10,
    0xe4,0x10,0xe4,0x10,0xe4,0x10,0xe4,0x10,0xe4,0x10,0xe4,0x10,0xe5,0x10,0xe5,0x10,
    0x05,0x11,0x05,0x11,0x05,0x11,0x05,0x11,0x05,0x11,0x05,0x11,0x05,0x11,0x05,0x11,
    0x05,0x11,0x05,0x11,0x05,0x19,0x05,0x19,0x05,0x11,0x05,0x11,0x05,0x11,0x05,0x11,
    0x05,0x19,0x05,0x19,0x05,0x19,0x05,0x19,0x05,0x11,0x05,0x11,0x05,0x11,0x05,0x11,
    0x05,0x19,0x05,0x19,0x05,0x19,0x05,0x19,0x25,0x19,0x25,0x19,0x25,0x19,0x25,0x19,
    0x25,0x19,0x25,0x19,0x25,0x19,0x25,0x19,0x25,0x19,0x25,0x19,0x25,0x19,0x25,0x19,
    0x25,0x19,0x25,0x19,0x25,0x19,0x25,0x19,0x25,0x19,0x25,0x19,0x25,0x19,0x25,0x19,
    0x25,0x19,0x25,0x19,0x25,0x19,0x25,0x19,0x25,0x19,0x25,0x19,0x25,0x19,0x25,0x19,
    0x25,0x19,0x25,0x19,0x25,0x19,0x25,0x19,0x25,0x19,0x25,0x19,0x25,0x19,0x25,0x19,
    0x25,0x19,0x25,0x19,0x05,0x19,0x05,0x11,0xe4,0x10,0xe4,0x10,0xe4,0x10,0xc4,0x08,
    0xa3,0x08,0xa3,0x08,0x83,0x08,0x62,0x00,0x42,0x00,0x42,0x00,0x21,0x00,0x21,0x00,
    0x21,0x00,0x21,0x00,0x21,0x00,0x21,0x00,0x00,0x00,0x00,0x00,0x00,0x00,0x00,0x00,
    0x00,0x00,0x00,0x00,0x00,0x00,0x00,0x00,0x00,0x00,0x00,0x00,0x00,0x00,0x00,0x00,
    0x00,0x00,0x00,0x00,0x00,0x00,0x00,0x00,0x00,0x00,0x00,0x00,0x00,0x00,0x00,0x00,
    0x00,0x00,0x00,0x00,0x00,0x00,0x00,0x00,0x00,0x00,0x00,0x00,0x00,0x00,0x00,0x00,
    0x00,0x00,0x00,0x00,0x00,0x00,0x62,0x00,0x29,0x3a,0xed,0x52,0xac,0x52,0xac,0x52,
    0x8b,0x52,0x6b,0x4a,0xac,0x52,0x6b,0x4a,0x87,0x21,0xc4,0x10,0x46,0x21,0x46,0x21,
    0xc3,0x10,0x45,0x21,0xa3,0x10,0x62,0x08,0x41,0x00,0x01,0x00,0x00,0x00,0x00,0x00,
    0x00,0x00,0x20,0x00,0x20,0x00,0x00,0x00,0x00,0x00,0x00,0x00,0x62,0x00,0xe4,0x10,
    0xa4,0x08,0xa3,0x08,0xa3,0x08,0xa3,0x08,0xa3,0x08,0xa3,0x08,0xa3,0x08,0xa3,0x08,
    0xa3,0x08,0xa3,0x08,0xa3,0x08,0xa3,0x08,0xa4,0x08,0xc4,0x08,0xc4,0x08,0xc4,0x08,
    0xc4,0x08,0xc4,0x08,0xc4,0x08,0xc4,0x08,0xc4,0x10,0xc4,0x10,0xc4,0x10,0xc4,0x10,
    0xc4,0x10,0xc4,0x10,0xe4,0x10,0xe4,0x10,0xc4,0x10,0xc4,0x10,0xc4,0x10,0xc4,0x10,
    0xc4,0x10,0xe4,0x10,0xe4,0x10,0xe4,0x10,0xe4,0x10,0xe4,0x10,0xe5,0x10,0xe5,0x10,
    0x05,0x11,0x05,0x11,0x05,0x11,0x05,0x11,0x05,0x11,0x05,0x11,0x05,0x11,0x05,0x11,
    0x05,0x11,0x05,0x11,0x05,0x11,0x05,0x11,0x05,0x19,0x05,0x19,0x05,0x19,0x05,0x19,
    0x05,0x11,0x05,0x11,0x05,0x11,0x05,0x11,0x05,0x19,0x05,0x19,0x05,0x19,0x05,0x19,
    0x05,0x19,0x05,0x19,0x05,0x19,0x25,0x19,0x25,0x19,0x25,0x19,0x25,0x19,0x25,0x19,
    0x25,0x19,0x25,0x19,0x25,0x19,0x25,0x19,0x25,0x19,0x25,0x19,0x25,0x19,0x25,0x19,
    0x25,0x19,0x25,0x19,0x25,0x19,0x25,0x19,0x25,0x19,0x25,0x19,0x25,0x19,0x25,0x19,
    0x05,0x19,0x05,0x19,0x05,0x19,0x05,0x19,0x05,0x19,0x05,0x19,0x05,0x19,0x05,0x19,
    0x05,0x19,0x05,0x19,0x05,0x19,0x05,0x19,0x05,0x11,0x05,0x11,0x04,0x11,0x04,0x11,
    0xe4,0x10,0xe4,0x10,0xe4,0x10,0xc3,0x08,0xa3,0x08,0xa3,0x08,0x83,0x08,0x62,0x00,
    0x41,0x00,0x41,0x00,0x21,0x00,0x01,0x00,0x01,0x00,0x01,0x00,0x01,0x00,0x00,0x00,
    0x00,0x00,0x00,0x00,0x00,0x00,0x00,0x00,0x00,0x00,0x00,0x00,0x00,0x00,0x00,0x00,
    0x00,0x00,0x00,0x00,0x00,0x00,0x00,0x00,0x00,0x00,0x00,0x00,0x00,0x00,0x00,0x00,
    0x00,0x00,0x00,0x00,0x00,0x00,0x00,0x00,0x00,0x00,0x00,0x00,0x00,0x00,0x00,0x00,
    0x00,0x00,0x00,0x00,0x00,0x00,0x00,0x00,0x00,0x00,0x00,0x00,0x00,0x00,0x62,0x00,
    0x29,0x3a,0xec,0x52,0xac,0x4a,0xac,0x52,0x8b,0x52,0x6b,0x4a,0x8c,0x52,0x4a,0x42,
    0x67,0x21,0xc4,0x10,0x46,0x21,0x46,0x21,0xc4,0x10,0x45,0x21,0xa3,0x08,0x62,0x08,
    0x41,0x00,0x01,0x00,0x00,0x00,0x00,0x00,0x00,0x00,0x00,0x00,0x00,0x00,0x00,0x00,
    0x00,0x00,0x00,0x00,0x42,0x00,0xc4,0x10,0xa3,0x08,0xa3,0x08,0x83,0x08,0x83,0x08,
    0xa3,0x08,0xa3,0x08,0xa3,0x08,0xa3,0x08,0xa3,0x08,0xa3,0x08,0xa3,0x08,0xa3,0x08,
    0xc4,0x08,0xc4,0x08,0xc4,0x08,0xc4,0x08,0xc4,0x08,0xc4,0x08,0xc4,0x08,0xc4,0x08,
    0xc4,0x08,0xc4,0x10,0xc4,0x10,0xe4,0x10,0xc4,0x10,0xc4,0x10,0xc4,0x10,0xe4,0x10,
    0xe4,0x10,0xe4,0x10,0xe4,0x10,0xe4,0x10,0xc4,0x10,0xc4,0x10,0xe4,0x10,0xe4,0x10,
    0xe4,0x10,0xe4,0x10,0xe4,0x10,0xe4,0x10,0xe4,0x10,0xe4,0x10,0xe4,0x10,0xe4,0x10,
    0x04,0x11,0x04,0x11,0x04,0x11,0x05,0x11,0x05,0x11,0x05,0x11,0x05,0x11,0x05,0x11,
    0x05,0x19,0x05,0x19,0x05,0x11,0x05,0x19,0x05,0x11,0x05,0x11,0x05,0x11,0x05,0x11,
    0x05,0x11,0x05,0x11,0x05,0x11,0x05,0x11,0x05,0x11,0x05,0x11,0x05,0x19,0x05,0x19,
    0x05,0x19,0x05,0x19,0x05,0x11,0x05,0x19,0x05,0x11,0x05,0x11,0x05,0x11,0x05,0x11,
    0x05,0x11,0x05,0x11,0x05,0x11,0x05,0x11,0x05,0x11,0x05,0x11,0x05,0x11,0x05,0x11,
    0x05,0x19,0x05,0x19,0x05,0x19,0x05,0x19,0x05,0x11,0x05,0x11,0x05,0x11,0x05,0x11,
    0x05,0x11,0x05,0x11,0x05,0x11,0x05,0x11,0x05,0x11,0x05,0x11,0x05,0x11,0x05,0x11,
    0x04,0x11,0x04,0x11,0x04,0x11,0xe4,0x10,0xe4,0x10,0xc4,0x10,0xc4,0x10,0xc3,0x08,
    0xa3,0x08,0x83,0x08,0x62,0x08,0x62,0x08,0x41,0x00,0x21,0x00,0x21,0x00,0x00,0x00,
    0x21,0x00,0x21,0x00,0x21,0x00,0x21,0x00,0x00,0x00,0x00,0x00,0x00,0x00,0x00,0x00,
    0x00,0x00,0x00,0x00,0x00,0x00,0x00,0x00,0x00,0x00,0x00,0x00,0x00,0x00,0x00,0x00,
    0x00,0x00,0x00,0x00,0x00,0x00,0x00,0x00,0x00,0x00,0x00,0x00,0x00,0x00,0x00,0x00,
    0x00,0x00,0x00,0x00,0x00,0x00,0x00,0x00,0x00,0x00,0x00,0x00,0x00,0x00,0x00,0x00,
    0x00,0x00,0x00,0x00,0x20,0x00,0x62,0x00,0x29,0x3a,0xec,0x52,0xac,0x4a,0xac,0x52,
    0x8b,0x4a,0x4a,0x4a,0x8b,0x52,0x4a,0x42,0x67,0x21,0xc4,0x10,0x46,0x21,0x46,0x21,
    0xa3,0x10,0x25,0x21,0xa3,0x10,0x62,0x08,0x41,0x00,0x01,0x00,0x00,0x00,0x00,0x00,
    0x00,0x00,0x00,0x00,0x00,0x00,0x00,0x00,0x00,0x00,0x00,0x00,0x41,0x00,0xc4,0x10,
    0xa3,0x08,0x83,0x08,0x83,0x08,0x83,0x08,0x83,0x08,0x83,0x08,0x83,0x08,0x83,0x08,
    0x83,0x08,0x83,0x08,0x83,0x08,0x83,0x08,0xa4,0x08,0xa4,0x08,0xa4,0x08,0xa4,0x08,
    0xa3,0x08,0xa3,0x08,0xa3,0x08,0xa3,0x08,0xc3,0x08,0xc3,0x08,0xc4,0x08,0xc4,0x08,
    0xc4,0x08,0xc4,0x08,0xc4,0x10,0xc4,0x10,0xc4,0x10,0xc4,0x10,0xc4,0x10,0xc4,0x10,
    0xc4,0x10,0xc4,0x10,0xc4,0x10,0xe4,0x10,0xe4,0x10,0xe4,0x10,0xe4,0x10,0xe4,0x10,
    0xe4,0x10,0xe4,0x10,0xe4,0x10,0xe4,0x10,0xe4,0x10,0xe4,0x10,0xe4,0x10,0x04,0x11,
    0x04,0x11,0x04,0x11,0x04,0x11,0x04,0x11,0x04,0x11,0x04,0x11,0x04,0x11,0x04,0x11,
    0x04,0x11,0x04,0x11,0x04,0x11,0x04,0x11,0x05,0x11,0x05,0x11,0x05,0x11,0x05,0x11,
    0x05,0x11,0x05,0x11,0x05,0x11,0x05,0x11,0x05,0x11,0xe5,0x10,0xe5,0x10,0xe5,0x10,
    0x05,0x11,0x05,0x11,0x05,0x11,0x05,0x11,0x05,0x11,0x05,0x11,0x05,0x11,0x05,0x11,
    0x05,0x11,0x05,0x11,0x05,0x11,0x05,0x11,0xe5,0x10,0xe5,0x10,0xe5,0x10,0xe5,0x10,
    0x05,0x11,0x05,0x11,0x05,0x11,0x05,0x11,0x04,0x11,0x04,0x11,0x04,0x11,0x04,0x11,
    0x04,0x11,0x04,0x11,0x04,0x11,0x04,0x11,0x04,0x11,0x04,0x11,0xe4,0x10,0xe4,0x10,
    0xc4,0x10,0xc4,0x08,0xc3,0x08,0xa3,0x08,0x83,0x08,0x83,0x08,0x62,0x08,0x62,0x08,
    0x41,0x00,0x21,0x00,0x21,0x00,0x00,0x00,0x21,0x00,0x21,0x00,0x21,0x00,0x21,0x00,
    0x00,0x00,0x00,0x00,0x00,0x00,0x00,0x00,0x00,0x00,0x00,0x00,0x00,0x00,0x00,0x00,
    0x00,0x00,0x00,0x00,0x00,0x00,0x00,0x00,0x00,0x00,0x00,0x00,0x00,0x00,0x00,0x00,
    0x00,0x00,0x00,0x00,0x00,0x00,0x00,0x00,0x00,0x00,0x00,0x00,0x00,0x00,0x00,0x00,
    0x00,0x00,0x00,0x00,0x00,0x00,0x00,0x00,0x00,0x00,0x00,0x00,0x20,0x00,0x62,0x00,
    0x29,0x3a,0xcc,0x52,0xac,0x4a,0xac,0x52,0x6b,0x4a,0x4a,0x42,0x8b,0x52,0x4a,0x42,
    0x67,0x21,0xc4,0x10,0x46,0x21,0x46,0x21,0xa3,0x08,0x25,0x21,0xa3,0x10,0x82,0x08,
    0x41,0x00,0x01,0x00,0x00,0x00,0x00,0x00,0x00,0x00,0x00,0x00,0x00,0x00,0x00,0x00,
    0x00,0x00,0x00,0x00,0x42,0x00,0xc4,0x10,0xa3,0x08,0x83,0x08,0x83,0x08,0x83,0x08,
    0x83,0x08,0x83,0x08,0x83,0x08,0x83,0x08,0xa3,0x08,0xa3,0x08,0xa3,0x08,0xa3,0x08,
    0xa3,0x08,0xa3,0x08,0xa3,0x08,0xa3,0x08,0xa3,0x08,0xa3,0x08,0xa3,0x08,0xa3,0x08,
    0xc3,0x08,0xc3,0x08,0xc3,0x08,0xc3,0x08,0xc3,0x08,0xc3,0x08,0xc4,0x10,0xc4,0x10,
    0xc4,0x10,0xc4,0x10,0xc4,0x10,0xc4,0x10,0xc4,0x10,0xc4,0x10,0xc4,0x10,0xc4,0x10,
    0xe4,0x10,0xe4,0x10,0xe4,0x10,0xe4,0x10,0xe4,0x10,0xe4,0x10,0xe4,0x10,0xe4,0x10,
    0xe4,0x10,0xe4,0x10,0xe4,0x10,0xe4,0x10,0x04,0x11,0x04,0x11,0x04,0x11,0x04,0x11,
    0xe4,0x10,0x04,0x11,0x04,0x11,0x04,0x11,0xe4,0x10,0xe4,0x10,0xe4,0x10,0xe4,0x10,
    0x05,0x11,0x05,0x11,0x05,0x11,0x05,0x11,0x05,0x11,0xe5,0x10,0xe5,0x10,0xe5,0x10,
    0x05,0x11,0x05,0x11,0xe4,0x10,0xe4,0x10,0xe4,0x10,0xe4,0x10,0xe4,0x10,0xe4,0x10,
    0xe4,0x10,0xe4,0x10,0xe4,0x10,0xe4,0x10,0xe4,0x10,0xe4,0x10,0xe4,0x10,0xe4,0x10,
    0xe4,0x10,0xe4,0x10,0xe4,0x10,0xe4,0x10,0xe4,0x10,0xe4,0x10,0xe4,0x10,0xe4,0x10,
    0xe4,0x10,0xe4,0x10,0xe4,0x10,0xe4,0x10,0x04,0x11,0x04,0x11,0x04,0x11,0xe4,0x10,
    0xe4,0x10,0xe4,0x10,0xe4,0x10,0xe4,0x10,0xc4,0x10,0xc4,0x08,0xc3,0x08,0xa3,0x08,
    0x83,0x08,0x83,0x08,0x62,0x08,0x62,0x08,0x41,0x00,0x21,0x00,0x21,0x00,0x21,0x00,
    0x01,0x00,0x01,0x00,0x01,0x00,0x00,0x00,0x00,0x00,0x00,0x00,0x00,0x00,0x00,0x00,
    0x00,0x00,0x00,0x00,0x00,0x00,0x00,0x00,0x00,0x00,0x00,0x00,0x00,0x00,0x00,0x00,
    0x00,0x00,0x00,0x00,0x00,0x00,0x00,0x00,0x00,0x00,0x00,0x00,0x00,0x00,0x00,0x00,
    0x00,0x00,0x00,0x00,0x00,0x00,0x00,0x00,0x00,0x00,0x00,0x00,0x00,0x00,0x00,0x00,
    0x00,0x00,0x00,0x00,0x20,0x00,0x62,0x00,0x29,0x3a,0xcc,0x52,0x8b,0x4a,0x8b,0x4a,
    0x6b,0x4a,0x4a,0x42,0x8b,0x4a,0x4a,0x42,0x66,0x21,0xc4,0x10,0x46,0x21,0x25,0x19,
    0xa3,0x08,0x25,0x21,0xa3,0x10,0x82,0x08,0x41,0x00,0x01,0x00,0x00,0x00,0x00,0x00,
    0x00,0x00,0x00,0x00,0x00,0x00,0x00,0x00,0x00,0x00,0x00,0x00,0x42,0x00,0xc4,0x10,
    0x83,0x08,0x83,0x08,0x83,0x08,0x82,0x08,0x83,0x08,0x83,0x08,0x83,0x08,0x83,0x08,
    0xa3,0x08,0xa3,0x08,0xa3,0x08,0xa3,0x08,0x83,0x08,0x83,0x08,0x83,0x08,0x83,0x08,
    0xa3,0x08,0xa3,0x08,0xa3,0x08,0xa3,0x08,0xa3,0x08,0xa3,0x08,0xc3,0x08,0xc3,0x08,
    0xa3,0x08,0xc3,0x08,0xc3,0x08,0xc4,0x08,0xc4,0x10,0xc4,0x10,0xc4,0x10,0xc4,0x10,
    0xc4,0x10,0xc4,0x10,0xc4,0x10,0xc4,0x10,0xc4,0x10,0xc4,0x10,0xc4,0x10,0xc4,0x10,
    0xc4,0x10,0xe4,0x10,0xe4,0x10,0xc4,0x10,0xe4,0x10,0xe4,0x10,0xe4,0x10,0xe4,0x10,
    0xe4,0x10,0xe4,0x10,0xe4,0x10,0xe4,0x10,0xe4,0x10,0xe4,0x10,0x04,0x11,0x04,0x11,
    0xe4,0x10,0xe4,0x10,0xe4,0x10,0xe4,0x10,0xe4,0x10,0xe4,0x10,0xe4,0x10,0xe4,0x10,
    0xe5,0x10,0xe5,0x10,0xe5,0x10,0xe5,0x10,0x05,0x11,0x05,0x11,0xe4,0x10,0xe4,0x10,
    0xe4,0x10,0xe4,0x10,0xe4,0x10,0xe4,0x10,0xe4,0x10,0xe4,0x10,0xe4,0x10,0xe4,0x10,
    0xe4,0x10,0xe4,0x10,0xe4,0x10,0xe4,0x10,0xe4,0x10,0xe4,0x10,0xe4,0x10,0xe4,0x10,
    0xe4,0x10,0xe4,0x10,0xe4,0x10,0xe4,0x10,0xe4,0x10,0xe4,0x10,0xe4,0x10,0xe4,0x10,
    0x04,0x11,0xe4,0x10,0xe4,0x10,0xe4,0x10,0xe4,0x10,0xe4,0x10,0xc4,0x10,0xe4,0x10,
    0xc4,0x10,0xc3,0x08,0xa3,0x08,0xa3,0x08,0x83,0x08,0x63,0x08,0x62,0x08,0x62,0x08,
    0x41,0x00,0x21,0x00,0x21,0x00,0x21,0x00,0x01,0x00,0x01,0x00,0x01,0x00,0x00,0x00,
    0x00,0x00,0x00,0x00,0x00,0x00,0x00,0x00,0x00,0x00,0x00,0x00,0x00,0x00,0x00,0x00,
    0x00,0x00,0x00,0x00,0x00,0x00,0x00,0x00,0x00,0x00,0x00,0x00,0x00,0x00,0x00,0x00,
    0x00,0x00,0x00,0x00,0x00,0x00,0x00,0x00,0x00,0x00,0x00,0x00,0x00,0x00,0x00,0x00,
    0x00,0x00,0x00,0x00,0x00,0x00,0x00,0x00,0x00,0x00,0x00,0x00,0x20,0x00,0x62,0x00,
    0x09,0x3a,0xcc,0x52,0x8b,0x4a,0x8b,0x4a,0x6b,0x4a,0x4a,0x42,0x8b,0x4a,0x4a,0x42,
    0x66,0x21,0xe4,0x10,0x46,0x21,0x25,0x21,0xa3,0x08,0x25,0x19,0xa3,0x08,0x62,0x08,
    0x41,0x00,0x01,0x00,0x00,0x00,0x00,0x00,0x00,0x00,0x00,0x00,0x20,0x00,0x20,0x00,
    0x00,0x00,0x00,0x00,0x62,0x00,0xc4,0x10,0x83,0x08,0x83,0x08,0x63,0x08,0x82,0x08,
    0x83,0x08,0x83,0x08,0x83,0x08,0x83,0x08,0x83,0x08,0x83,0x08,0x83,0x08,0x83,0x08,
    0xa3,0x08,0xa3,0x08,0xa3,0x08,0xa3,0x08,0x83,0x08,0x83,0x08,0x83,0x08,0x83,0x08,
    0xa3,0x08,0xa3,0x08,0xa3,0x08,0xa3,0x08,0xa3,0x08,0xa3,0x08,0xa3,0x08,0xc3,0x08,
    0xc3,0x08,0xc3,0x08,0xc4,0x10,0xc4,0x10,0xc4,0x10,0xc4,0x10,0xc4,0x10,0xc4,0x10,
    0xc4,0x10,0xc4,0x10,0xc4,0x10,0xc4,0x10,0xc4,0x10,0xe4,0x10,0xe4,0x10,0xc4,0x10,
    0xe4,0x10,0xe4,0x10,0xe4,0x10,0xe4,0x10,0xe4,0x10,0xe4,0x10,0xe4,0x10,0xe4,0x10,
    0xe4,0x10,0xe4,0x10,0xe4,0x10,0xe4,0x10,0xe4,0x10,0xe4,0x10,0xe4,0x10,0xe4,0x10,
    0xe4,0x10,0xe4,0x10,0xe4,0x10,0xe4,0x10,0xe5,0x10,0xe5,0x10,0xe4,0x10,0xe4,0x10,
    0xe4,0x10,0xe4,0x10,0xe4,0x10,0xe4,0x10,0x05,0x11,0x05,0x11,0x05,0x11,0x05,0x11,
    0xe4,0x10,0xe4,0x10,0xe4,0x10,0xe4,0x10,0xe4,0x10,0xe4,0x10,0xe4,0x10,0xe4,0x10,
    0xe4,0x10,0xe4,0x10,0xe4,0x10,0xe4,0x10,0xe4,0x10,0xe4,0x10,0xe4,0x10,0xe4,0x10,
    0xe4,0x10,0xe4,0x10,0xe4,0x10,0xe4,0x10,0xe4,0x10,0xe4,0x10,0xe4,0x10,0xe4,0x10,
    0xc4,0x10,0xc4,0x10,0xc4,0x10,0xc3,0x08,0xc4,0x10,0xa3,0x08,0xa3,0x08,0xa3,0x08,
    0x83,0x08,0x62,0x08,0x62,0x08,0x42,0x00,0x41,0x00,0x21,0x00,0x21,0x00,0x01,0x00,
    0x01,0x00,0x01,0x00,0x01,0x00,0x00,0x00,0x00,0x00,0x00,0x00,0x00,0x00,0x00,0x00,
    0x00,0x00,0x00,0x00,0x00,0x00,0x00,0x00,0x00,0x00,0x00,0x00,0x00,0x00,0x00,0x00,
    0x00,0x00,0x00,0x00,0x00,0x00,0x00,0x00,0x00,0x00,0x00,0x00,0x00,0x00,0x00,0x00,
    0x00,0x00,0x00,0x00,0x00,0x00,0x00,0x00,0x00,0x00,0x00,0x00,0x00,0x00,0x00,0x00,
    0x00,0x00,0x00,0x00,0x00,0x00,0x62,0x00,0x08,0x3a,0xac,0x4a,0x6b,0x4a,0x6b,0x4a,
    0x4a,0x42,0x2a,0x42,0x6b,0x4a,0x2a,0x3a,0x66,0x21,0xe4,0x10,0x46,0x21,0x25,0x21,
    0xa3,0x10,0x25,0x21,0x83,0x08,0x62,0x08,0x41,0x00,0x01,0x00,0x00,0x00,0x00,0x00,
    0x00,0x00,0x00,0x00,0x20,0x00,0x20,0x00,0x00,0x00,0x00,0x00,0x62,0x00,0xc4,0x10,
    0x83,0x08,0x83,0x08,0x63,0x08,0x62,0x08,0x82,0x08,0x82,0x08,0x82,0x08,0x82,0x08,
    0x82,0x08,0x82,0x08,0x82,0x08,0x82,0x08,0x83,0x08,0x83,0x08,0x83,0x08,0x83,0x08,
    0x83,0x08,0x83,0x08,0x83,0x08,0x83,0x08,0xa3,0x08,0xa3,0x08,0xa3,0x08,0xa3,0x08,
    0xa3,0x08,0xa3,0x08,0xa3,0x08,0xa3,0x08,0xa3,0x08,0xa3,0x08,0xa3,0x08,0xa3,0x08,
    0xc3,0x08,0xc3,0x08,0xc3,0x08,0xc3,0x08,0xc4,0x10,0xc4,0x10,0xc4,0x10,0xc4,0x10,
    0xc4,0x10,0xc4,0x10,0xc4,0x10,0xc4,0x10,0xe4,0x10,0xe4,0x10,0xe4,0x10,0xe4,0x10,
    0xe4,0x10,0xe4,0x10,0xe4,0x10,0xe4,0x10,0xe4,0x10,0xe4,0x10,0xe4,0x10,0xe4,0x10,
    0xe4,0x10,0xe4,0x10,0xe4,0x10,0xe4,0x10,0xe4,0x10,0xe4,0x10,0xe4,0x10,0xe4,0x10,
    0xe4,0x10,0xe4,0x10,0xe4,0x10,0xe4,0x10,0xe4,0x10,0xe4,0x10,0xe4,0x10,0xe4,0x10,
    0xe4,0x10,0xe4,0x10,0xe4,0x10,0xe4,0x10,0xc4,0x10,0xc4,0x10,0xc4,0x10,0xc4,0x10,
    0xc4,0x10,0xc4,0x10,0xc4,0x10,0xc4,0x10,0xc4,0x10,0xc4,0x10,0xc4,0x10,0xc4,0x10,
    0xc4,0x10,0xc4,0x10,0xc4,0x10,0xc4,0x10,0xe4,0x10,0xe4,0x10,0xe4,0x10,0xe4,0x10,
    0xe4,0x10,0xc4,0x10,0xc4,0x10,0xc4,0x10,0xc4,0x10,0xc4,0x10,0xc4,0x10,0xc3,0x08,
    0xa3,0x08,0xa3,0x08,0xa3,0x08,0x83,0x08,0x83,0x08,0x62,0x08,0x62,0x08,0x42,0x00,
    0x41,0x00,0x21,0x00,0x21,0x00,0x01,0x00,0x01,0x00,0x01,0x00,0x01,0x00,0x00,0x00,
    0x00,0x00,0x00,0x00,0x00,0x00,0x00,0x00,0x00,0x00,0x00,0x00,0x00,0x00,0x00,0x00,
    0x00,0x00,0x00,0x00,0x00,0x00,0x00,0x00,0x00,0x00,0x00,0x00,0x00,0x00,0x00,0x00,
    0x00,0x00,0x00,0x00,0x00,0x00,0x00,0x00,0x00,0x00,0x00,0x00,0x00,0x00,0x00,0x00,
    0x00,0x00,0x00,0x00,0x00,0x00,0x00,0x00,0x00,0x00,0x00,0x00,0x00,0x00,0x62,0x00,
    0x08,0x3a,0xab,0x4a,0x6b,0x4a,0x6b,0x4a,0x4a,0x42,0x2a,0x3a,0x6b,0x4a,0x2a,0x3a,
    0x66,0x21,0xc4,0x10,0x46,0x21,0x25,0x19,0xa3,0x10,0x25,0x21,0xa3,0x08,0x62,0x08,
    0x41,0x00,0x01,0x00,0x00,0x00,0x00,0x00,0x00,0x00,0x00,0x00,0x00,0x00,0x00,0x00,
    0x00,0x00,0x00,0x00,0x62,0x08,0xc4,0x10,0x83,0x00,0x63,0x08,0x63,0x08,0x62,0x08,
    0x62,0x00,0x62,0x00,0x82,0x08,0x82,0x08,0x82,0x08,0x82,0x08,0x82,0x08,0x82,0x08,
    0x83,0x08,0x83,0x08,0x83,0x08,0x83,0x08,0x83,0x08,0x83,0x08,0x83,0x08,0x83,0x08,
    0xa3,0x08,0xa3,0x08,0xa3,0x08,0xa3,0x08,0xa3,0x08,0xa3,0x08,0xa3,0x08,0xa3,0x08,
    0xa3,0x08,0xa3,0x08,0xa3,0x08,0xa3,0x08,0xa3,0x08,0xa3,0x08,0xa3,0x08,0xc3,0x08,
    0xc4,0x10,0xc4,0x10,0xc4,0x10,0xc4,0x10,0xc3,0x08,0xc4,0x10,0xc4,0x10,0xc3,0x08,
    0xc3,0x08,0xc4,0x08,0xc4,0x08,0xc4,0x08,0xe4,0x10,0xe4,0x10,0xe4,0x10,0xe4,0x10,
    0xe4,0x10,0xe4,0x10,0xe4,0x10,0xe4,0x10,0xe4,0x10,0xe4,0x10,0xe4,0x10,0xe4,0x10,
    0xc4,0x10,0xc4,0x10,0xc4,0x10,0xc4,0x10,0xc4,0x10,0xc4,0x10,0xc4,0x10,0xc4,0x10,
    0xc4,0x10,0xc4,0x10,0xc4,0x10,0xc4,0x10,0xc4,0x10,0xc4,0x10,0xc4,0x10,0xc4,0x10,
    0xc4,0x10,0xc4,0x10,0xc4,0x10,0xc4,0x10,0xc4,0x10,0xc4,0x10,0xc4,0x10,0xc4,0x10,
    0xc4,0x10,0xc4,0x10,0xc4,0x10,0xc4,0x10,0xc4,0x10,0xc4,0x10,0xc4,0x10,0xc4,0x10,
    0xc4,0x10,0xc4,0x10,0xc4,0x10,0xc4,0x10,0xc4,0x10,0xc4,0x10,0xc4,0x10,0xc4,0x10,
    0xc4,0x10,0xc4,0x10,0xc4,0x10,0xc3,0x08,0xa3,0x08,0xa3,0x08,0x83,0x08,0x83,0x08,
    0x83,0x08,0x62,0x00,0x62,0x08,0x42,0x00,0x21,0x00,0x21,0x00,0x21,0x00,0x01,0x00,
    0x01,0x00,0x01,0x00,0x01,0x00,0x00,0x00,0x00,0x00,0x00,0x00,0x00,0x00,0x00,0x00,
    0x00,0x00,0x00,0x00,0x00,0x00,0x00,0x00,0x00,0x00,0x00,0x00,0x00,0x00,0x00,0x00,
    0x00,0x00,0x00,0x00,0x00,0x00,0x00,0x00,0x00,0x00,0x00,0x00,0x00,0x00,0x00,0x00,
    0x00,0x00,0x00,0x00,0x00,0x00,0x00,0x00,0x00,0x00,0x00,0x00,0x00,0x00,0x00,0x00,
    0x00,0x00,0x00,0x00,0x00,0x00,0x62,0x00,0x08,0x32,0xab,0x4a,0x6b,0x42,0x6b,0x4a,
    0x4a,0x42,0x29,0x3a,0x6b,0x42,0x2a,0x3a,0x66,0x21,0xc4,0x10,0x46,0x19,0x25,0x19,
    0xa3,0x10,0x25,0x21,0x83,0x08,0x62,0x08,0x41,0x00,0x01,0x00,0x00,0x00,0x00,0x00,
    0x00,0x00,0x00,0x00,0x00,0x00,0x00,0x00,0x00,0x00,0x00,0x00,0x62,0x08,0xc3,0x10,
    0x83,0x00,0x63,0x08,0x82,0x08,0x62,0x08,0x62,0x00,0x62,0x00,0x82,0x08,0x82,0x08,
    0x82,0x08,0x82,0x08,0x82,0x08,0x82,0x08,0x83,0x08,0x83,0x08,0x83,0x08,0x83,0x08,
    0x83,0x08,0x83,0x08,0x83,0x08,0x83,0x08,0xa3,0x08,0xa3,0x08,0xa3,0x08,0x83,0x08,
    0xa3,0x08,0xa3,0x08,0xa3,0x08,0xa3,0x08,0xa3,0x08,0xa3,0x08,0xa3,0x08,0xa3,0x08,
    0xa3,0x08,0xa3,0x08,0xa3,0x08,0xa3,0x08,0xa3,0x08,0xa3,0x08,0xa3,0x08,0xa3,0x08,
    0xc3,0x08,0xc4,0x10,0xc4,0x10,0xc3,0x08,0xc4,0x08,0xc4,0x08,0xc4,0x08,0xc4,0x08,
    0xc4,0x08,0xc4,0x08,0xc4,0x08,0xc4,0x08,0xc4,0x10,0xc4,0x10,0xc4,0x10,0xc4,0x10,
    0xc4,0x08,0xc4,0x08,0xc4,0x08,0xc4,0x08,0xc4,0x08,0xc4,0x08,0xc4,0x08,0xc4,0x08,
    0xc4,0x08,0xc4,0x08,0xc4,0x08,0xc4,0x08,0xc4,0x10,0xc4,0x10,0xc4,0x10,0xc4,0x10,
    0xc4,0x10,0xc4,0x10,0xc4,0x10,0xc4,0x10,0xc4,0x10,0xc4,0x10,0xc4,0x10,0xc4,0x10,
    0xc4,0x10,0xc4,0x10,0xc4,0x10,0xc4,0x10,0xc4,0x10,0xc4,0x10,0xc4,0x10,0xc4,0x10,
    0xc4,0x08,0xc4,0x08,0xc4,0x08,0xc4,0x08,0xc4,0x08,0xc4,0x08,0xc4,0x08,0xc4,0x08,
    0xc4,0x08,0xc4,0x08,0xc4,0x08,0xc4,0x08,0xc4,0x10,0xc3,0x08,0xa3,0x08,0xa3,0x08,
    0xa3,0x08,0x83,0x08,0x83,0x08,0x83,0x08,0x62,0x08,0x62,0x00,0x62,0x08,0x41,0x00,
    0x21,0x00,0x21,0x00,0x21,0x00,0x01,0x00,0x00,0x00,0x01,0x00,0x01,0x00,0x00,0x00,
    0x00,0x00,0x00,0x00,0x00,0x00,0x00,0x00,0x00,0x00,0x00,0x00,0x00,0x00,0x00,0x00,
    0x00,0x00,0x00,0x00,0x00,0x00,0x00,0x00,0x00,0x00,0x00,0x00,0x00,0x00,0x00,0x00,
    0x00,0x00,0x00,0x00,0x00,0x00,0x00,0x00,0x00,0x00,0x00,0x00,0x00,0x00,0x00,0x00,
    0x00,0x00,0x00,0x00,0x00,0x00,0x00,0x00,0x00,0x00,0x00,0x00,0x00,0x00,0x62,0x00,
    0x08,0x32,0xab,0x4a,0x6b,0x42,0x6b,0x4a,0x4a,0x42,0x29,0x3a,0x6a,0x42,0x29,0x3a,
    0x66,0x21,0xc4,0x10,0x25,0x19,0x25,0x19,0xa3,0x10,0x25,0x21,0x82,0x08,0x41,0x08,
    0x41,0x00,0x00,0x00,0x00,0x00,0x00,0x00,0x00,0x00,0x00,0x00,0x00,0x00,0x00,0x00,
    0x00,0x00,0x00,0x00,0x62,0x08,0xc3,0x10,0x62,0x00,0x62,0x00,0x82,0x08,0x62,0x08,
    0x62,0x08,0x62,0x08,0x62,0x08,0x82,0x08,0x62,0x08,0x62,0x08,0x62,0x08,0x62,0x08,
    0x82,0x08,0x82,0x08,0x82,0x08,0x82,0x08,0x82,0x08,0x82,0x08,0x82,0x08,0x83,0x08,
    0x83,0x08,0x83,0x08,0x83,0x08,0x83,0x08,0x83,0x08,0x83,0x08,0x83,0x08,0x83,0x08,
    0x83,0x08,0x83,0x08,0x83,0x08,0x83,0x08,0xa3,0x08,0xa3,0x08,0xa3,0x08,0xa3,0x08,
    0xa3,0x08,0xa3,0x08,0xa3,0x08,0xa3,0x08,0xa3,0x10,0xa3,0x10,0xa3,0x10,0xa3,0x10,
    0xa4,0x08,0xa4,0x08,0xa4,0x08,0xa4,0x08,0xa4,0x08,0xa4,0x08,0xa4,0x08,0xa4,0x08,
    0xc4,0x08,0xc4,0x08,0xc4,0x08,0xc4,0x08,0xc4,0x08,0xc4,0x08,0xc4,0x08,0xc4,0x08,
    0xc4,0x08,0xc4,0x08,0xc4,0x08,0xc4,0x08,0xc4,0x08,0xc4,0x08,0xc4,0x08,0xc4,0x08,
    0xc4,0x10,0xc4,0x10,0xc4,0x10,0xc4,0x10,0xc4,0x10,0xc4,0x10,0xc4,0x10,0xc4,0x10,
    0xc4,0x10,0xc4,0x08,0xc4,0x10,0xc4,0x08,0xc4,0x08,0xc4,0x08,0xc4,0x10,0xc4,0x08,
    0xc4,0x08,0xc4,0x08,0xc4,0x08,0xc4,0x08,0xc4,0x08,0xc4,0x08,0xc4,0x08,0xc4,0x08,
    0xc3,0x08,0xc3,0x08,0xc3,0x08,0xc3,0x08,0xc3,0x08,0xa3,0x08,0xa3,0x08,0xa3,0x08,
    0xc3,0x08,0xa3,0x08,0xa3,0x08,0xa3,0x08,0x83,0x08,0x82,0x08,0x62,0x08,0x62,0x08,
    0x62,0x08,0x62,0x08,0x42,0x00,0x41,0x00,0x41,0x00,0x21,0x00,0x21,0x00,0x21,0x00,
    0x00,0x00,0x00,0x00,0x00,0x00,0x00,0x00,0x00,0x00,0x00,0x00,0x00,0x00,0x00,0x00,
    0x00,0x00,0x00,0x00,0x00,0x00,0x00,0x00,0x00,0x00,0x00,0x00,0x00,0x00,0x00,0x00,
    0x00,0x00,0x00,0x00,0x00,0x00,0x00,0x00,0x00,0x00,0x00,0x00,0x00,0x00,0x00,0x00,
    0x00,0x00,0x00,0x00,0x00,0x00,0x00,0x00,0x00,0x00,0x00,0x00,0x00,0x00,0x00,0x00,
    0x00,0x00,0x00,0x00,0x00,0x00,0x62,0x00,0x08,0x3a,0xab,0x4a,0x6a,0x42,0x4b,0x42,
    0x4a,0x42,0x09,0x3a,0x4a,0x42,0x09,0x3a,0x46,0x21,0xc4,0x10,0x25,0x19,0x25,0x19,
    0xa3,0x08,0x05,0x19,0x82,0x08,0x41,0x00,0x41,0x00,0x00,0x00,0x00,0x00,0x00,0x00,
    0x00,0x00,0x00,0x00,0x00,0x00,0x00,0x00,0x00,0x00,0x00,0x00,0x62,0x08,0xc3,0x10,
    0x62,0x00,0x62,0x00,0x62,0x08,0x62,0x08,0x62,0x08,0x62,0x08,0x62,0x08,0x82,0x08,
    0x62,0x08,0x62,0x08,0x62,0x08,0x62,0x08,0x62,0x08,0x62,0x08,0x62,0x08,0x62,0x08,
    0x62,0x08,0x82,0x08,0x82,0x08,0x82,0x08,0x83,0x08,0x83,0x08,0x83,0x08,0x83,0x08,
    0x83,0x08,0x83,0x08,0x83,0x08,0x83,0x08,0x82,0x08,0x82,0x08,0x82,0x08,0x83,0x08,
    0xa3,0x08,0xa3,0x08,0xa3,0x08,0xa3,0x08,0x83,0x08,0x83,0x08,0x83,0x08,0x83,0x08,
    0xa3,0x08,0xa3,0x08,0xa3,0x08,0xa3,0x08,0xa3,0x08,0xa3,0x08,0xa3,0x08,0xa3,0x08,
    0xa3,0x08,0xa3,0x08,0xa3,0x08,0xa3,0x08,0xa3,0x08,0xa3,0x08,0xa3,0x08,0xa3,0x08,
    0xc4,0x08,0xc4,0x08,0xc4,0x08,0xc4,0x10,0xc4,0x08,0xc4,0x08,0xc4,0x08,0xc4,0x08,
    0xc4,0x08,0xc4,0x08,0xc4,0x08,0xc4,0x08,0xc4,0x10,0xc4,0x10,0xc4,0x10,0xc4,0x10,
    0xc4,0x10,0xc4,0x10,0xc4,0x10,0xc4,0x10,0xc4,0x08,0xc4,0x08,0xc4,0x08,0xc4,0x08,
    0xc4,0x08,0xc4,0x08,0xc4,0x08,0xc4,0x08,0xc4,0x08,0xc4,0x08,0xc4,0x08,0xc4,0x08,
    0xa3,0x08,0xa3,0x08,0xa3,0x08,0xa3,0x08,0xa3,0x08,0xa3,0x08,0xa3,0x08,0xa3,0x08,
    0xa3,0x08,0xa3,0x08,0xa3,0x08,0xa3,0x08,0xa3,0x08,0x83,0x08,0xa3,0x08,0x83,0x08,
    0x62,0x08,0x62,0x08,0x62,0x08,0x62,0x08,0x62,0x08,0x62,0x08,0x41,0x00,0x41,0x00,
    0x41,0x00,0x21,0x00,0x21,0x00,0x01,0x00,0x00,0x00,0x00,0x00,0x00,0x00,0x00,0x00,
    0x00,0x00,0x00,0x00,0x00,0x00,0x00,0x00,0x00,0x00,0x00,0x00,0x00,0x00,0x00,0x00,
    0x00,0x00,0x00,0x00,0x00,0x00,0x00,0x00,0x00,0x00,0x00,0x00,0x00,0x00,0x00,0x00,
    0x00,0x00,0x00,0x00,0x00,0x00,0x00,0x00,0x00,0x00,0x00,0x00,0x00,0x00,0x00,0x00,
    0x00,0x00,0x00,0x00,0x00,0x00,0x00,0x00,0x00,0x00,0x00,0x00,0x00,0x00,0x62,0x00,
    0x08,0x32,0x8b,0x4a,0x6a,0x42,0x4a,0x42,0x2a,0x42,0x09,0x3a,0x4a,0x42,0x09,0x3a,
    0x46,0x21,0xc4,0x08,0x25,0x19,0x25,0x19,0xa3,0x08,0x05,0x19,0x82,0x08,0x41,0x00,
    0x41,0x00,0x00,0x00,0x00,0x00,0x00,0x00,0x00,0x00,0x00,0x00,0x00,0x00,0x00,0x00,
    0x00,0x00,0x00,0x00,0x41,0x00,0xa3,0x10,0x62,0x00,0x62,0x00,0x62,0x08,0x62,0x08,
    0x62,0x08,0x62,0x08,0x62,0x08,0x62,0x08,0x62,0x08,0x62,0x08,0x62,0x08,0x62,0x08,
    0x62,0x08,0x62,0x08,0x62,0x08,0x62,0x08,0x62,0x08,0x62,0x08,0x62,0x08,0x62,0x08,
    0x82,0x08,0x82,0x08,0x82,0x08,0x82,0x08,0x82,0x08,0x82,0x08,0x82,0x08,0x82,0x08,
    0x82,0x08,0x82,0x08,0x83,0x08,0x83,0x08,0x83,0x08,0x82,0x08,0x83,0x08,0x83,0x08,
    0x83,0x08,0x83,0x08,0x83,0x08,0x83,0x08,0x83,0x08,0x83,0x08,0x83,0x08,0x83,0x08,
    0xa3,0x08,0xa3,0x08,0xa3,0x08,0xa3,0x08,0xa3,0x08,0xa3,0x08,0xa3,0x08,0xa3,0x08,
    0xa3,0x08,0xa3,0x08,0xa3,0x08,0xa3,0x08,0xa4,0x08,0xa4,0x08,0xa4,0x08,0xa4,0x08,
    0xa4,0x08,0xa4,0x08,0xa4,0x08,0xa4,0x08,0xa4,0x08,0xa4,0x08,0xa4,0x08,0xa4,0x08,
    0xc4,0x08,0xc4,0x08,0xc4,0x08,0xc4,0x08,0xc4,0x08,0xc4,0x08,0xc4,0x08,0xc4,0x08,
    0xa4,0x08,0xa4,0x08,0xa4,0x08,0xa4,0x08,0xa3,0x08,0xa3,0x08,0xa3,0x08,0xa3,0x08,
    0xc4,0x08,0xc4,0x08,0xc4,0x08,0xc4,0x08,0xa3,0x08,0xa3,0x08,0xa3,0x08,0xa3,0x08,
    0xa3,0x08,0xa3,0x08,0xa3,0x08,0xa3,0x08,0xa3,0x08,0xa3,0x08,0xa3,0x08,0xa3,0x08,
    0xa3,0x08,0x83,0x08,0x82,0x08,0x83,0x08,0x62,0x08,0x62,0x08,0x62,0x08,0x62,0x08,
    0x62,0x08,0x62,0x00,0x41,0x00,0x41,0x00,0x21,0x00,0x21,0x00,0x21,0x00,0x01,0x00,
    0x00,0x00,0x00,0x00,0x00,0x00,0x00,0x00,0x00,0x00,0x00,0x00,0x00,0x00,0x00,0x00,
    0x00,0x00,0x00,0x00,0x00,0x00,0x00,0x00,0x00,0x00,0x00,0x00,0x00,0x00,0x00,0x00,
    0x00,0x00,0x00,0x00,0x00,0x00,0x00,0x00,0x00,0x00,0x00,0x00,0x00,0x00,0x00,0x00,
    0x00,0x00,0x00,0x00,0x00,0x00,0x00,0x00,0x00,0x00,0x00,0x00,0x00,0x00,0x00,0x00,
    0x00,0x00,0x00,0x00,0x00,0x00,0x62,0x00,0xe8,0x31,0x8b,0x4a,0x4a,0x42,0x4a,0x42,
    0x2a,0x42,0x09,0x3a,0x4a,0x42,0x09,0x3a,0x46,0x21,0xc4,0x08,0x25,0x19,0x25,0x19,
    0xa3,0x10,0x05,0x19,0x82,0x08,0x42,0x08,0x41,0x00,0x00,0x00,0x00,0x00,0x00,0x00,
    0x00,0x00,0x00,0x00,0x00,0x00,0x00,0x00,0x00,0x00,0x00,0x00,0x41,0x00,0xa3,0x08,
    0x62,0x00,0x62,0x00,0x62,0x08,0x62,0x08,0x62,0x08,0x62,0x08,0x62,0x08,0x62,0x08,
    0x62,0x08,0x62,0x08,0x62,0x08,0x62,0x08,0x62,0x08,0x62,0x08,0x62,0x08,0x62,0x08,
    0x62,0x08,0x62,0x08,0x62,0x08,0x62,0x08,0x82,0x08,0x82,0x08,0x82,0x08,0x82,0x08,
    0x82,0x08,0x82,0x08,0x82,0x08,0x82,0x08,0x82,0x08,0x82,0x08,0x82,0x08,0x82,0x08,
    0x82,0x08,0x82,0x08,0x82,0x08,0x83,0x08,0x83,0x08,0x83,0x08,0x83,0x08,0x83,0x08,
    0xa3,0x08,0xa3,0x08,0xa3,0x08,0xa3,0x08,0x83,0x08,0x83,0x08,0x83,0x08,0x83,0x08,
    0x83,0x08,0x83,0x08,0x83,0x08,0x83,0x08,0x83,0x08,0x83,0x08,0x83,0x08,0x83,0x08,
    0x83,0x08,0x83,0x08,0x83,0x08,0x83,0x08,0xa3,0x08,0xa3,0x08,0xa3,0x08,0xa3,0x08,
    0xa4,0x08,0xa4,0x08,0xa4,0x08,0xa4,0x08,0xa3,0x08,0xa3,0x08,0xa3,0x08,0xa3,0x08,
    0xa4,0x08,0xa4,0x08,0xa4,0x08,0xa4,0x08,0xa3,0x08,0xa3,0x08,0xa3,0x08,0xa3,0x08,
    0xa3,0x08,0xa3,0x08,0xa3,0x08,0xa3,0x08,0xa3,0x08,0xa3,0x08,0xa3,0x08,0xa3,0x08,
    0xa3,0x08,0xa3,0x08,0xa3,0x08,0xa3,0x08,0xa3,0x08,0xa3,0x08,0xa3,0x08,0xa3,0x08,
    0xa3,0x08,0xa3,0x08,0xa3,0x08,0x83,0x08,0x83,0x08,0x82,0x08,0x82,0x08,0x82,0x08,
    0x62,0x08,0x62,0x08,0x62,0x08,0x62,0x08,0x41,0x00,0x42,0x00,0x41,0x00,0x41,0x00,
    0x21,0x00,0x21,0x00,0x21,0x00,0x01,0x00,0x00,0x00,0x00,0x00,0x00,0x00,0x00,0x00,
    0x00,0x00,0x00,0x00,0x00,0x00,0x00,0x00,0x00,0x00,0x00,0x00,0x00,0x00,0x00,0x00,
    0x00,0x00,0x00,0x00,0x00,0x00,0x00,0x00,0x00,0x00,0x00,0x00,0x00,0x00,0x00,0x00,
    0x00,0x00,0x00,0x00,0x00,0x00,0x00,0x00,0x00,0x00,0x00,0x00,0x00,0x00,0x00,0x00,
    0x00,0x00,0x00,0x00,0x00,0x00,0x00,0x00,0x00,0x00,0x00,0x00,0x00,0x00,0x62,0x00,
    0xe8,0x31,0x8b,0x4a,0x6a,0x42,0x4a,0x42,0x2a,0x3a,0xe9,0x39,0x2a,0x42,0xe9,0x39,
    0x66,0x21,0xc4,0x10,0x25,0x19,0x25,0x19,0xa3,0x10,0x05,0x19,0x82,0x08,0x42,0x08,
    0x41,0x00,0x00,0x00,0x00,0x00,0x00,0x00,0x00,0x00,0x00,0x00,0x00,0x00,0x00,0x00,
    0x20,0x00,0x00,0x00,0x41,0x00,0xa3,0x08,0x62,0x00,0x42,0x00,0x41,0x00,0x42,0x00,
    0x62,0x08,0x62,0x00,0x62,0x00,0x62,0x00,0x62,0x08,0x62,0x08,0x62,0x08,0x62,0x08,
    0x62,0x08,0x62,0x08,0x62,0x08,0x62,0x08,0x62,0x08,0x62,0x08,0x62,0x08,0x62,0x08,
    0x82,0x08,0x82,0x08,0x82,0x08,0x82,0x08,0x82,0x08,0x82,0x08,0x82,0x08,0x82,0x08,
    0x82,0x08,0x82,0x08,0x82,0x08,0x82,0x08,0x82,0x08,0x82,0x08,0x82,0x08,0x82,0x08,
    0x83,0x08,0x83,0x08,0x83,0x08,0x83,0x08,0x83,0x08,0x83,0x08,0x83,0x08,0x83,0x08,
    0x83,0x08,0x83,0x08,0x83,0x08,0x83,0x08,0xa3,0x08,0xa3,0x08,0xa3,0x08,0xa3,0x08,
    0x83,0x08,0x83,0x08,0x83,0x08,0x83,0x08,0x83,0x08,0x83,0x08,0x83,0x08,0x83,0x08,
    0xa3,0x08,0xa3,0x08,0xa3,0x08,0xa3,0x08,0xa3,0x08,0xa3,0x08,0xa3,0x08,0xa3,0x08,
    0xa3,0x08,0xa3,0x08,0xa3,0x08,0xa3,0x08,0xa3,0x08,0xa3,0x08,0xa3,0x08,0xa3,0x08,
    0xa3,0x08,0xa3,0x08,0xa3,0x08,0xa3,0x08,0xa3,0x08,0xa3,0x08,0xa3,0x08,0xa3,0x08,
    0x83,0x08,0x83,0x08,0x83,0x08,0x83,0x08,0xa3,0x08,0xa3,0x08,0xa3,0x08,0xa3,0x08,
    0xa3,0x08,0xa3,0x08,0xa3,0x08,0xa3,0x08,0xa3,0x08,0x83,0x08,0x83,0x08,0x83,0x08,
    0x82,0x08,0x62,0x08,0x62,0x08,0x62,0x08,0x62,0x08,0x62,0x08,0x62,0x08,0x42,0x08,
    0x41,0x00,0x41,0x00,0x41,0x00,0x41,0x00,0x21,0x00,0x21,0x00,0x21,0x00,0x01,0x00,
    0x00,0x00,0x00,0x00,0x00,0x00,0x00,0x00,0x00,0x00,0x00,0x00,0x00,0x00,0x00,0x00,
    0x00,0x00,0x00,0x00,0x00,0x00,0x00,0x00,0x00,0x00,0x00,0x00,0x00,0x00,0x00,0x00,
    0x00,0x00,0x00,0x00,0x00,0x00,0x00,0x00,0x00,0x00,0x00,0x00,0x00,0x00,0x00,0x00,
    0x00,0x00,0x00,0x00,0x00,0x00,0x00,0x00,0x00,0x00,0x00,0x00,0x00,0x00,0x00,0x00,
    0x00,0x00,0x00,0x00,0x00,0x00,0x62,0x00,0xe8,0x31,0x8b,0x4a,0x6a,0x42,0x4a,0x42,
    0x2a,0x3a,0xe9,0x39,0x2a,0x42,0xe9,0x39,0x46,0x21,0xc4,0x08,0x05,0x19,0x05,0x19,
    0xa3,0x08,0x05,0x19,0x82,0x08,0x41,0x00,0x41,0x00,0x00,0x00,0x00,0x00,0x00,0x00,
    0x00,0x00,0x00,0x00,0x00,0x00,0x00,0x00,0x00,0x00,0x00,0x00,0x42,0x00,0xa3,0x08,
    0x42,0x00,0x42,0x00,0x41,0x00,0x41,0x00,0x42,0x00,0x42,0x00,0x42,0x00,0x42,0x00,
    0x62,0x08,0x62,0x08,0x62,0x08,0x62,0x08,0x62,0x00,0x62,0x00,0x62,0x00,0x62,0x00,
    0x62,0x08,0x62,0x08,0x62,0x08,0x62,0x08,0x82,0x08,0x82,0x08,0x82,0x08,0x82,0x08,
    0x82,0x08,0x82,0x08,0x82,0x08,0x82,0x08,0x82,0x08,0x82,0x08,0x82,0x08,0x82,0x08,
    0x82,0x08,0x82,0x08,0x82,0x08,0x82,0x08,0x62,0x08,0x62,0x08,0x62,0x08,0x62,0x08,
    0x83,0x08,0x83,0x08,0x83,0x08,0x83,0x08,0x83,0x08,0x83,0x08,0x83,0x08,0x83,0x08,
    0xa3,0x08,0xa3,0x08,0xa3,0x08,0xa3,0x08,0x83,0x08,0x83,0x08,0x83,0x08,0x83,0x08,
    0xa3,0x08,0xa3,0x08,0xa3,0x08,0xa3,0x08,0x83,0x08,0x83,0x08,0x83,0x08,0x83,0x08,
    0x83,0x08,0x83,0x08,0x83,0x08,0x83,0x08,0xa3,0x08,0xa3,0x08,0xa3,0x08,0xa3,0x08,
    0xa3,0x08,0xa3,0x08,0xa3,0x08,0xa3,0x08,0xa3,0x08,0x83,0x08,0x83,0x08,0x83,0x08,
    0x83,0x08,0x83,0x08,0x83,0x08,0x83,0x08,0x83,0x08,0x83,0x08,0x83,0x08,0x83,0x08,
    0x83,0x08,0x83,0x08,0x83,0x08,0x83,0x08,0x83,0x08,0x83,0x08,0x83,0x08,0x83,0x08,
    0x83,0x08,0x83,0x08,0x83,0x08,0x83,0x08,0x82,0x08,0x62,0x08,0x62,0x08,0x62,0x08,
    0x62,0x08,0x62,0x08,0x42,0x08,0x42,0x08,0x41,0x00,0x41,0x00,0x41,0x00,0x21,0x00,
    0x21,0x00,0x21,0x00,0x21,0x00,0x01,0x00,0x00,0x00,0x00,0x00,0x00,0x00,0x00,0x00,
    0x00,0x00,0x00,0x00,0x00,0x00,0x00,0x00,0x00,0x00,0x00,0x00,0x00,0x00,0x00,0x00,
    0x00,0x00,0x00,0x00,0x00,0x00,0x00,0x00,0x00,0x00,0x00,0x00,0x00,0x00,0x00,0x00,
    0x00,0x00,0x00,0x00,0x00,0x00,0x00,0x00,0x00,0x00,0x00,0x00,0x00,0x00,0x00,0x00,
    0x00,0x00,0x00,0x00,0x00,0x00,0x00,0x00,0x00,0x00,0x00,0x00,0x00,0x00,0x62,0x00,
    0xe8,0x31,0x8b,0x4a,0x6a,0x42,0x4a,0x42,0x2a,0x42,0xe9,0x39,0x2a,0x42,0xe9,0x39,
    0x46,0x21,0xa3,0x08,0x05,0x19,0x05,0x19,0xa3,0x08,0x04,0x19,0x82,0x08,0x41,0x00,
    0x41,0x00,0x00,0x00,0x00,0x00,0x00,0x00,0x00,0x00,0x00,0x00,0x00,0x00,0x00,0x00,
    0x00,0x00,0x00,0x00,0x42,0x00,0xa3,0x08,0x62,0x00,0x42,0x00,0x41,0x00,0x41,0x00,
    0x42,0x00,0x42,0x00,0x42,0x00,0x42,0x00,0x42,0x00,0x42,0x00,0x42,0x00,0x42,0x00,
    0x62,0x08,0x62,0x08,0x62,0x08,0x62,0x08,0x62,0x08,0x62,0x08,0x62,0x08,0x62,0x08,
    0x62,0x08,0x62,0x08,0x62,0x08,0x62,0x08,0x62,0x08,0x62,0x08,0x62,0x08,0x62,0x08,
    0x62,0x08,0x62,0x08,0x62,0x08,0x62,0x08,0x62,0x08,0x62,0x08,0x62,0x08,0x62,0x08,
    0x62,0x08,0x62,0x08,0x62,0x08,0x62,0x08,0x62,0x08,0x62,0x08,0x62,0x08,0x62,0x08,
    0x82,0x08,0x83,0x08,0x83,0x08,0x83,0x08,0x83,0x08,0x83,0x08,0x83,0x08,0x83,0x08,
    0x83,0x08,0x83,0x08,0x83,0x08,0x83,0x08,0x83,0x08,0x83,0x08,0x83,0x08,0x83,0x08,
    0x83,0x08,0x83,0x08,0x83,0x08,0x83,0x08,0x83,0x08,0x83,0x08,0x83,0x08,0x83,0x08,
    0x83,0x08,0xa3,0x08,0xa3,0x08,0xa3,0x08,0xa3,0x08,0xa3,0x08,0xa3,0x08,0xa3,0x08,
    0x83,0x08,0x83,0x08,0x83,0x08,0x83,0x08,0x83,0x08,0x83,0x08,0x83,0x08,0x83,0x08,
    0x83,0x08,0x83,0x08,0x83,0x08,0x83,0x08,0x83,0x08,0x83,0x08,0x83,0x08,0x83,0x08,
    0x82,0x08,0x82,0x08,0x82,0x08,0x82,0x08,0x82,0x08,0x82,0x08,0x62,0x08,0x62,0x08,
    0x82,0x08,0x82,0x08,0x62,0x08,0x62,0x08,0x42,0x08,0x42,0x08,0x42,0x08,0x42,0x08,
    0x41,0x00,0x41,0x00,0x21,0x00,0x21,0x00,0x21,0x00,0x21,0x00,0x21,0x00,0x01,0x00,
    0x00,0x00,0x00,0x00,0x00,0x00,0x00,0x00,0x00,0x00,0x00,0x00,0x00,0x00,0x00,0x00,
    0x00,0x00,0x00,0x00,0x00,0x00,0x00,0x00,0x00,0x00,0x00,0x00,0x00,0x00,0x00,0x00,
    0x00,0x00,0x00,0x00,0x00,0x00,0x00,0x00,0x00,0x00,0x00,0x00,0x00,0x00,0x00,0x00,
    0x00,0x00,0x00,0x00,0x00,0x00,0x00,0x00,0x00,0x00,0x00,0x00,0x00,0x00,0x00,0x00,
    0x00,0x00,0x20,0x00,0x20,0x00,0x62,0x00,0xe8,0x31,0x6b,0x4a,0x4a,0x42,0x4a,0x42,
    0x09,0x3a,0xe9,0x39,0x09,0x3a,0xc8,0x31,0x46,0x21,0xa3,0x08,0x05,0x19,0x05,0x19,
    0xa3,0x10,0x04,0x19,0x82,0x08,0x41,0x00,0x41,0x00,0x00,0x00,0x00,0x00,0x00,0x00,
    0x00,0x00,0x00,0x00,0x00,0x00,0x00,0x00,0x00,0x00,0x00,0x00,0x41,0x00,0xa3,0x08,
    0x42,0x00,0x41,0x00,0x41,0x00,0x41,0x00,0x42,0x00,0x42,0x00,0x42,0x00,0x42,0x00,
    0x42,0x00,0x42,0x00,0x42,0x00,0x42,0x00,0x42,0x00,0x42,0x00,0x42,0x00,0x42,0x00,
    0x42,0x00,0x62,0x00,0x62,0x00,0x62,0x08,0x62,0x08,0x62,0x08,0x62,0x08,0x62,0x08,
    0x42,0x08,0x42,0x08,0x62,0x08,0x62,0x08,0x82,0x08,0x82,0x08,0x82,0x08,0x82,0x08,
    0x62,0x08,0x62,0x08,0x62,0x08,0x62,0x08,0x62,0x08,0x62,0x08,0x62,0x08,0x62,0x08,
    0x62,0x08,0x62,0x08,0x62,0x08,0x62,0x08,0x62,0x08,0x82,0x00,0x82,0x08,0x82,0x08,
    0x82,0x08,0x82,0x08,0x82,0x08,0x82,0x08,0x62,0x00,0x62,0x00,0x62,0x00,0x62,0x00,
    0x82,0x08,0x82,0x08,0x82,0x08,0x82,0x08,0x82,0x08,0x82,0x08,0x82,0x08,0x82,0x08,
    0x82,0x08,0x82,0x08,0x83,0x08,0x83,0x08,0x83,0x08,0x83,0x08,0x83,0x08,0x83,0x08,
    0x83,0x08,0x83,0x08,0x83,0x08,0x83,0x08,0x83,0x08,0x83,0x08,0x83,0x08,0x83,0x08,
    0x83,0x08,0x83,0x08,0x83,0x08,0x62,0x08,0x62,0x08,0x62,0x08,0x62,0x08,0x62,0x08,
    0x62,0x08,0x62,0x08,0x62,0x08,0x62,0x08,0x82,0x08,0x82,0x08,0x82,0x08,0x82,0x08,
    0x62,0x08,0x62,0x08,0x62,0x08,0x62,0x08,0x62,0x08,0x62,0x08,0x62,0x08,0x62,0x08,
    0x42,0x08,0x42,0x08,0x42,0x08,0x42,0x08,0x41,0x00,0x41,0x00,0x21,0x00,0x21,0x00,
    0x21,0x00,0x21,0x00,0x21,0x00,0x01,0x00,0x00,0x00,0x00,0x00,0x00,0x00,0x00,0x00,
    0x00,0x00,0x00,0x00,0x00,0x00,0x00,0x00,0x00,0x00,0x00,0x00,0x00,0x00,0x00,0x00,
    0x00,0x00,0x00,0x00,0x00,0x00,0x00,0x00,0x00,0x00,0x00,0x00,0x00,0x00,0x00,0x00,
    0x00,0x00,0x00,0x00,0x00,0x00,0x00,0x00,0x00,0x00,0x00,0x00,0x00,0x00,0x00,0x00,
    0x00,0x00,0x00,0x00,0x00,0x00,0x00,0x00,0x00,0x00,0x20,0x00,0x20,0x00,0x62,0x00,
    0xe8,0x31,0x6a,0x4a,0x4a,0x42,0x4a,0x42,0x09,0x3a,0xc8,0x31,0x09,0x3a,0xc8,0x31,
    0x45,0x19,0xc3,0x08,0x04,0x19,0x04,0x19,0xa3,0x08,0x04,0x19,0x82,0x08,0x41,0x00,
    0x41,0x00,0x21,0x00,0x00,0x00,0x00,0x00,0x00,0x00,0x00,0x00,0x20,0x00,0x20,0x00,
    0x00,0x00,0x00,0x00,0x41,0x00,0x82,0x08,0x41,0x00,0x41,0x00,0x41,0x00,0x41,0x08,
    0x42,0x00,0x42,0x00,0x42,0x00,0x42,0x00,0x42,0x00,0x42,0x00,0x42,0x00,0x42,0x00,
    0x42,0x00,0x42,0x00,0x42,0x00,0x42,0x00,0x42,0x00,0x42,0x00,0x42,0x00,0x42,0x08,
    0x42,0x08,0x42,0x08,0x42,0x08,0x42,0x08,0x42,0x08,0x42,0x08,0x42,0x08,0x62,0x08,
    0x62,0x08,0x62,0x08,0x62,0x08,0x62,0x08,0x62,0x08,0x62,0x08,0x62,0x08,0x62,0x08,
    0x62,0x08,0x62,0x08,0x62,0x08,0x62,0x08,0x62,0x08,0x62,0x08,0x62,0x08,0x62,0x08,
    0x62,0x08,0x62,0x08,0x62,0x08,0x82,0x08,0x82,0x08,0x82,0x08,0x62,0x08,0x62,0x08,
    0x62,0x08,0x62,0x08,0x62,0x08,0x62,0x08,0x82,0x08,0x82,0x08,0x82,0x08,0x82,0x08,
    0x62,0x08,0x62,0x08,0x62,0x08,0x62,0x08,0x82,0x08,0x82,0x08,0x82,0x08,0x82,0x08,
    0x82,0x08,0x82,0x08,0x82,0x08,0x82,0x08,0x82,0x08,0x82,0x08,0x82,0x08,0x82,0x08,
    0x82,0x08,0x82,0x08,0x82,0x08,0x82,0x08,0x82,0x08,0x82,0x08,0x62,0x08,0x62,0x08,
    0x62,0x08,0x62,0x08,0x62,0x08,0x62,0x08,0x62,0x08,0x62,0x08,0x62,0x08,0x62,0x08,
    0x62,0x08,0x62,0x08,0x62,0x08,0x62,0x08,0x62,0x08,0x62,0x08,0x62,0x08,0x62,0x08,
    0x42,0x00,0x42,0x00,0x42,0x00,0x42,0x00,0x42,0x00,0x42,0x00,0x42,0x00,0x41,0x00,
    0x21,0x00,0x21,0x00,0x21,0x00,0x21,0x00,0x21,0x00,0x21,0x00,0x21,0x00,0x21,0x00,
    0x00,0x00,0x00,0x00,0x00,0x00,0x00,0x00,0x00,0x00,0x00,0x00,0x00,0x00,0x00,0x00,
    0x00,0x00,0x00,0x00,0x00,0x00,0x00,0x00,0x00,0x00,0x00,0x00,0x00,0x00,0x00,0x00,
    0x00,0x00,0x00,0x00,0x00,0x00,0x00,0x00,0x00,0x00,0x00,0x00,0x00,0x00,0x00,0x00,
    0x00,0x00,0x00,0x00,0x00,0x00,0x00,0x00,0x00,0x00,0x00,0x00,0x00,0x00,0x00,0x00,
    0x00,0x00,0x20,0x00,0x00,0x00,0x62,0x00,0xc7,0x31,0x6a,0x42,0x4a,0x42,0x4a,0x42,
    0x09,0x3a,0xc8,0x31,0x09,0x3a,0xa8,0x31,0x45,0x19,0xc3,0x08,0x24,0x19,0x04,0x19,
    0xa3,0x08,0x04,0x19,0x82,0x08,0x41,0x00,0x41,0x00,0x21,0x00,0x00,0x00,0x00,0x00,
    0x00,0x00,0x00,0x00,0x20,0x00,0x20,0x00,0x00,0x00,0x00,0x00,0x41,0x00,0x82,0x08,
    0x41,0x00,0x21,0x00,0x21,0x00,0x21,0x08,0x41,0x00,0x41,0x00,0x41,0x00,0x41,0x00,
    0x42,0x00,0x42,0x00,0x42,0x00,0x42,0x00,0x42,0x00,0x42,0x00,0x42,0x00,0x42,0x00,
    0x42,0x00,0x42,0x00,0x42,0x00,0x42,0x00,0x42,0x00,0x42,0x00,0x42,0x00,0x42,0x00,
    0x42,0x08,0x42,0x08,0x42,0x00,0x42,0x00,0x42,0x00,0x42,0x00,0x42,0x00,0x42,0x00,
    0x42,0x00,0x42,0x00,0x42,0x00,0x42,0x00,0x62,0x08,0x62,0x08,0x62,0x08,0x62,0x08,
    0x62,0x08,0x62,0x08,0x62,0x08,0x62,0x08,0x62,0x08,0x62,0x08,0x62,0x08,0x62,0x08,
    0x62,0x08,0x62,0x08,0x62,0x08,0x62,0x08,0x62,0x08,0x62,0x08,0x62,0x08,0x62,0x08,
    0x62,0x08,0x62,0x08,0x62,0x08,0x62,0x08,0x62,0x08,0x62,0x08,0x62,0x08,0x62,0x08,
    0x62,0x08,0x62,0x08,0x62,0x08,0x62,0x08,0x62,0x08,0x62,0x08,0x62,0x08,0x62,0x08,
    0x62,0x08,0x62,0x00,0x62,0x00,0x62,0x08,0x62,0x08,0x62,0x08,0x82,0x08,0x82,0x08,
    0x62,0x08,0x62,0x08,0x62,0x08,0x62,0x08,0x82,0x08,0x82,0x08,0x62,0x08,0x62,0x08,
    0x62,0x08,0x62,0x08,0x62,0x08,0x62,0x08,0x62,0x08,0x62,0x08,0x62,0x08,0x62,0x08,
    0x62,0x08,0x62,0x08,0x62,0x00,0x62,0x00,0x42,0x00,0x42,0x00,0x42,0x00,0x41,0x00,
    0x42,0x00,0x41,0x00,0x41,0x00,0x41,0x00,0x21,0x00,0x21,0x00,0x21,0x00,0x21,0x00,
    0x21,0x00,0x21,0x00,0x21,0x00,0x01,0x00,0x00,0x00,0x00,0x00,0x00,0x00,0x00,0x00,
    0x00,0x00,0x00,0x00,0x00,0x00,0x00,0x00,0x00,0x00,0x00,0x00,0x00,0x00,0x00,0x00,
    0x00,0x00,0x00,0x00,0x00,0x00,0x00,0x00,0x00,0x00,0x00,0x00,0x00,0x00,0x00,0x00,
    0x00,0x00,0x00,0x00,0x00,0x00,0x00,0x00,0x00,0x00,0x00,0x00,0x00,0x00,0x00,0x00,
    0x00,0x00,0x00,0x00,0x00,0x00,0x00,0x00,0x00,0x00,0x21,0x00,0x21,0x00,0x62,0x00,
    0xc7,0x31,0x6a,0x42,0x2a,0x42,0x2a,0x42,0x09,0x3a,0xc8,0x31,0xe9,0x39,0xa8,0x31,
    0x45,0x19,0xc3,0x08,0x24,0x19,0x04,0x19,0xa3,0x08,0xe4,0x18,0x82,0x08,0x41,0x00,
    0x21,0x00,0x01,0x00,0x00,0x00,0x00,0x00,0x00,0x00,0x00,0x00,0x20,0x00,0x20,0x00,
    0x00,0x00,0x00,0x00,0x41,0x00,0x82,0x08,0x41,0x00,0x21,0x00,0x21,0x00,0x21,0x08,
    0x21,0x00,0x21,0x00,0x21,0x00,0x21,0x00,0x21,0x00,0x41,0x00,0x42,0x00,0x42,0x00,
    0x42,0x00,0x42,0x00,0x42,0x00,0x42,0x00,0x42,0x00,0x42,0x00,0x42,0x00,0x42,0x00,
    0x42,0x00,0x42,0x00,0x42,0x00,0x42,0x00,0x42,0x00,0x42,0x00,0x42,0x08,0x42,0x08,
    0x42,0x00,0x42,0x00,0x42,0x00,0x42,0x00,0x42,0x00,0x42,0x00,0x42,0x00,0x42,0x00,
    0x62,0x08,0x62,0x08,0x62,0x08,0x62,0x08,0x62,0x08,0x62,0x08,0x62,0x08,0x62,0x08,
    0x62,0x08,0x62,0x08,0x62,0x08,0x62,0x08,0x62,0x08,0x62,0x08,0x62,0x00,0x62,0x00,
    0x62,0x08,0x62,0x08,0x62,0x08,0x62,0x08,0x62,0x08,0x62,0x08,0x62,0x08,0x62,0x08,
    0x62,0x08,0x62,0x08,0x62,0x08,0x62,0x08,0x62,0x08,0x62,0x08,0x62,0x08,0x62,0x08,
    0x62,0x08,0x62,0x08,0x62,0x08,0x62,0x08,0x62,0x08,0x62,0x08,0x62,0x08,0x62,0x08,
    0x62,0x08,0x62,0x08,0x62,0x08,0x62,0x08,0x62,0x08,0x62,0x08,0x62,0x08,0x62,0x08,
    0x62,0x08,0x62,0x08,0x62,0x08,0x62,0x08,0x62,0x08,0x62,0x08,0x62,0x08,0x62,0x08,
    0x62,0x08,0x62,0x08,0x62,0x08,0x62,0x08,0x62,0x00,0x42,0x00,0x62,0x00,0x42,0x00,
    0x42,0x00,0x42,0x00,0x41,0x00,0x41,0x00,0x21,0x00,0x21,0x00,0x21,0x00,0x21,0x00,
    0x21,0x00,0x21,0x00,0x21,0x00,0x21,0x00,0x21,0x00,0x21,0x00,0x00,0x00,0x00,0x00,
    0x00,0x00,0x00,0x00,0x00,0x00,0x00,0x00,0x00,0x00,0x00,0x00,0x00,0x00,0x00,0x00,
    0x00,0x00,0x00,0x00,0x00,0x00,0x00,0x00,0x00,0x00,0x00,0x00,0x00,0x00,0x00,0x00,
    0x00,0x00,0x00,0x00,0x00,0x00,0x00,0x00,0x00,0x00,0x00,0x00,0x00,0x00,0x00,0x00,
    0x00,0x00,0x00,0x00,0x00,0x00,0x00,0x00,0x00,0x00,0x00,0x00,0x00,0x00,0x00,0x00,
    0x00,0x00,0x00,0x00,0x21,0x00,0x41,0x00,0xc7,0x29,0x4a,0x42,0x4a,0x42,0x2a,0x42,
    0x09,0x3a,0xc8,0x31,0xe9,0x31,0xa8,0x31,0x25,0x19,0xa3,0x08,0x04,0x19,0x04,0x19,
    0xa3,0x08,0xe4,0x18,0x82,0x08,0x41,0x00,0x21,0x00,0x01,0x00,0x00,0x00,0x00,0x00,
    0x00,0x00,0x00,0x00,0x20,0x00,0x20,0x00,0x00,0x00,0x00,0x00,0x61,0x08,0x82,0x08,
    0x41,0x00,0x21,0x00,0x21,0x00,0x21,0x00,0x21,0x00,0x21,0x00,0x21,0x00,0x21,0x00,
    0x21,0x00,0x21,0x00,0x41,0x00,0x41,0x00,0x42,0x00,0x42,0x00,0x42,0x00,0x42,0x00,
    0x42,0x00,0x42,0x00,0x42,0x00,0x42,0x00,0x42,0x00,0x42,0x00,0x42,0x00,0x42,0x00,
    0x42,0x00,0x42,0x00,0x42,0x00,0x42,0x00,0x42,0x00,0x42,0x00,0x42,0x00,0x42,0x00,
    0x42,0x00,0x42,0x00,0x42,0x00,0x42,0x00,0x42,0x00,0x42,0x00,0x42,0x00,0x42,0x00,
    0x62,0x00,0x62,0x00,0x62,0x00,0x62,0x00,0x42,0x00,0x42,0x00,0x62,0x00,0x62,0x00,
    0x42,0x00,0x42,0x00,0x42,0x00,0x42,0x00,0x62,0x08,0x62,0x08,0x62,0x08,0x62,0x08,
    0x42,0x00,0x42,0x00,0x42,0x00,0x42,0x00,0x42,0x00,0x42,0x00,0x42,0x00,0x42,0x00,
    0x62,0x08,0x62,0x08,0x62,0x08,0x62,0x08,0x62,0x08,0x62,0x08,0x62,0x08,0x62,0x08,
    0x62,0x08,0x62,0x08,0x62,0x08,0x62,0x08,0x62,0x08,0x62,0x08,0x62,0x00,0x62,0x00,
    0x62,0x08,0x62,0x08,0x62,0x08,0x62,0x00,0x42,0x00,0x42,0x00,0x62,0x00,0x62,0x08,
    0x62,0x00,0x62,0x00,0x62,0x00,0x62,0x00,0x42,0x00,0x42,0x00,0x42,0x00,0x42,0x00,
    0x42,0x00,0x42,0x00,0x42,0x00,0x42,0x00,0x41,0x00,0x41,0x00,0x21,0x00,0x21,0x00,
    0x21,0x00,0x21,0x00,0x21,0x00,0x21,0x00,0x21,0x00,0x20,0x00,0x20,0x00,0x20,0x00,
    0x00,0x00,0x00,0x00,0x00,0x00,0x00,0x00,0x00,0x00,0x00,0x00,0x00,0x00,0x00,0x00,
    0x00,0x00,0x00,0x00,0x00,0x00,0x00,0x00,0x00,0x00,0x00,0x00,0x00,0x00,0x00,0x00,
    0x00,0x00,0x00,0x00,0x00,0x00,0x00,0x00,0x00,0x00,0x00,0x00,0x00,0x00,0x00,0x00,
    0x00,0x00,0x00,0x00,0x00,0x00,0x00,0x00,0x00,0x00,0x00,0x00,0x00,0x00,0x00,0x00,
    0x00,0x00,0x00,0x00,0x00,0x00,0x21,0x00,0x00,0x00,0x00,0x00,0x01,0x00,0x41,0x00,
    0xa7,0x29,0x4a,0x42,0x09,0x3a,0xe9,0x39,0xe9,0x39,0xa8,0x31,0xe9,0x31,0xa8,0x31,
    0x25,0x19,0xa3,0x08,0x04,0x19,0xe4,0x18,0x82,0x08,0xe4,0x18,0x82,0x08,0x41,0x00,
    0x21,0x00,0x01,0x00,0x00,0x00,0x00,0x00,0x00,0x00,0x20,0x00,0x20,0x00,0x20,0x00,
    0x20,0x00,0x00,0x00,0x41,0x00,0x82,0x08,0x21,0x00,0x21,0x00,0x21,0x00,0x21,0x00,
    0x21,0x00,0x21,0x00,0x21,0x00,0x21,0x00,0x21,0x00,0x21,0x00,0x41,0x00,0x41,0x00,
    0x42,0x00,0x42,0x00,0x42,0x00,0x42,0x00,0x41,0x00,0x41,0x00,0x41,0x00,0x41,0x00,
    0x42,0x00,0x42,0x00,0x42,0x00,0x42,0x00,0x42,0x00,0x42,0x00,0x42,0x00,0x42,0x00,
    0x42,0x00,0x42,0x00,0x42,0x00,0x42,0x00,0x42,0x00,0x42,0x00,0x42,0x00,0x42,0x00,
    0x42,0x00,0x42,0x00,0x42,0x00,0x42,0x00,0x42,0x00,0x42,0x00,0x42,0x00,0x42,0x00,
    0x42,0x00,0x42,0x00,0x42,0x00,0x42,0x00,0x62,0x00,0x62,0x00,0x42,0x00,0x42,0x00,
    0x62,0x08,0x62,0x08,0x62,0x08,0x62,0x08,0x62,0x08,0x62,0x08,0x62,0x08,0x62,0x08,
    0x62,0x08,0x62,0x08,0x62,0x08,0x62,0x08,0x62,0x08,0x62,0x08,0x62,0x08,0x62,0x08,
    0x42,0x08,0x62,0x08,0x62,0x08,0x62,0x08,0x42,0x00,0x62,0x08,0x62,0x08,0x42,0x00,
    0x42,0x00,0x62,0x00,0x62,0x00,0x42,0x00,0x42,0x00,0x42,0x00,0x62,0x08,0x62,0x08,
    0x62,0x00,0x62,0x00,0x62,0x00,0x62,0x00,0x42,0x00,0x42,0x00,0x42,0x00,0x42,0x00,
    0x42,0x00,0x42,0x00,0x42,0x00,0x42,0x00,0x42,0x00,0x41,0x00,0x41,0x00,0x41,0x00,
    0x42,0x00,0x41,0x00,0x21,0x00,0x21,0x00,0x21,0x00,0x21,0x00,0x21,0x00,0x21,0x00,
    0x21,0x00,0x20,0x00,0x20,0x00,0x20,0x00,0x20,0x00,0x20,0x00,0x20,0x00,0x20,0x00,
    0x20,0x00,0x00,0x00,0x21,0x00,0x21,0x00,0x00,0x00,0x20,0x00,0x21,0x00,0x20,0x00,
    0x20,0x00,0x20,0x00,0x20,0x00,0x00,0x00,0x00,0x00,0x00,0x00,0x00,0x00,0x00,0x00,
    0x00,0x00,0x00,0x00,0x00,0x00,0x00,0x00,0x00,0x00,0x00,0x00,0x00,0x00,0x00,0x00,
    0x00,0x00,0x00,0x00,0x00,0x00,0x00,0x00,0x00,0x00,0x00,0x00,0x00,0x00,0x00,0x00,
    0x00,0x00,0x00,0x00,0x01,0x00,0x41,0x00,0xa7,0x29,0x4a,0x3a,0x09,0x3a,0xe9,0x31,
    0xe9,0x39,0xa8,0x31,0xe9,0x31,0xa8,0x31,0x24,0x19,0xa3,0x08,0x04,0x11,0xe4,0x10,
    0xa3,0x08,0xe4,0x18,0x82,0x08,0x42,0x08,0x21,0x00,0x01,0x00,0x00,0x00,0x00,0x00,
    0x00,0x00,0x20,0x00,0x20,0x00,0x20,0x00,0x00,0x00,0x00,0x00,0x41,0x00,0x82,0x08,
    0x21,0x00,0x21,0x00,0x21,0x00,0x21,0x00,0x21,0x00,0x21,0x00,0x21,0x00,0x21,0x00,
    0x21,0x00,0x41,0x00,0x21,0x00,0x41,0x00,0x41,0x00,0x41,0x00,0x41,0x00,0x41,0x00,
    0x21,0x00,0x21,0x00,0x21,0x00,0x21,0x00,0x41,0x00,0x41,0x00,0x41,0x00,0x41,0x00,
    0x41,0x00,0x42,0x00,0x42,0x00,0x42,0x00,0x42,0x00,0x42,0x00,0x42,0x00,0x42,0x00,
    0x42,0x00,0x42,0x00,0x42,0x00,0x42,0x00,0x42,0x00,0x42,0x00,0x42,0x00,0x42,0x00,
    0x42,0x00,0x42,0x00,0x42,0x00,0x42,0x00,0x42,0x00,0x42,0x00,0x42,0x00,0x42,0x00,
    0x42,0x00,0x42,0x00,0x62,0x00,0x62,0x00,0x62,0x00,0x62,0x00,0x62,0x00,0x62,0x00,
    0x42,0x00,0x42,0x00,0x42,0x00,0x62,0x00,0x62,0x08,0x62,0x08,0x62,0x08,0x62,0x08,
    0x62,0x00,0x62,0x00,0x62,0x00,0x62,0x00,0x62,0x08,0x42,0x08,0x42,0x08,0x42,0x08,
    0x42,0x08,0x42,0x08,0x42,0x08,0x42,0x00,0x42,0x00,0x62,0x00,0x62,0x08,0x62,0x08,
    0x62,0x00,0x42,0x00,0x62,0x00,0x62,0x00,0x62,0x00,0x42,0x00,0x62,0x00,0x62,0x08,
    0x42,0x00,0x42,0x00,0x42,0x00,0x42,0x00,0x42,0x00,0x42,0x00,0x41,0x00,0x41,0x00,
    0x41,0x00,0x41,0x00,0x41,0x00,0x41,0x00,0x41,0x00,0x41,0x00,0x41,0x00,0x41,0x00,
    0x41,0x00,0x21,0x00,0x21,0x00,0x21,0x00,0x21,0x00,0x21,0x00,0x00,0x00,0x00,0x00,
    0x21,0x00,0x00,0x00,0x00,0x00,0x00,0x00,0x00,0x00,0x00,0x00,0x00,0x00,0x00,0x00,
    0x00,0x00,0x00,0x00,0x00,0x00,0x00,0x00,0x00,0x00,0x00,0x00,0x00,0x00,0x00,0x00,
    0x00,0x00,0x00,0x00,0x00,0x00,0x00,0x00,0x00,0x00,0x00,0x00,0x00,0x00,0x00,0x00,
    0x00,0x00,0x00,0x00,0x00,0x00,0x00,0x00,0x21,0x00,0x21,0x00,0x21,0x00,0x21,0x00,
    0x41,0x00,0x41,0x00,0x41,0x00,0x62,0x08,0x62,0x08,0x82,0x08,0x82,0x08,0xa3,0x08,
    0xa8,0x29,0x09,0x3a,0x09,0x3a,0xe9,0x39,0xe9,0x39,0xa8,0x31,0xe9,0x31,0xa8,0x31,
    0x25,0x19,0xa3,0x08,0x04,0x19,0xe4,0x10,0xa3,0x08,0xe4,0x18,0x82,0x08,0x42,0x08,
    0x21,0x00,0x00,0x00,0x00,0x00,0x00,0x00,0x00,0x00,0x20,0x00,0x20,0x00,0x20,0x00,
    0x00,0x00,0x00,0x00,0x41,0x00,0x82,0x08,0x21,0x00,0x21,0x00,0x21,0x00,0x21,0x00,
    0x21,0x00,0x21,0x00,0x21,0x00,0x21,0x00,0x21,0x00,0x21,0x00,0x21,0x00,0x21,0x00,
    0x21,0x00,0x21,0x00,0x21,0x00,0x21,0x00,0x21,0x00,0x21,0x00,0x21,0x00,0x21,0x00,
    0x21,0x00,0x21,0x00,0x21,0x00,0x21,0x00,0x41,0x00,0x41,0x00,0x41,0x00,0x41,0x00,
    0x41,0x00,0x41,0x00,0x41,0x00,0x41,0x00,0x41,0x00,0x41,0x00,0x41,0x00,0x41,0x00,
    0x42,0x00,0x42,0x00,0x42,0x00,0x42,0x00,0x42,0x00,0x42,0x00,0x42,0x00,0x42,0x00,
    0x42,0x00,0x42,0x00,0x42,0x00,0x42,0x00,0x42,0x00,0x42,0x00,0x42,0x00,0x42,0x00,
    0x41,0x00,0x41,0x00,0x41,0x00,0x41,0x00,0x42,0x00,0x41,0x00,0x42,0x00,0x42,0x00,
    0x42,0x00,0x42,0x00,0x62,0x00,0x62,0x00,0x42,0x00,0x42,0x00,0x42,0x00,0x42,0x00,
    0x42,0x08,0x42,0x08,0x42,0x00,0x42,0x00,0x42,0x00,0x42,0x00,0x42,0x00,0x42,0x00,
    0x41,0x00,0x21,0x00,0x21,0x00,0x01,0x00,0x21,0x00,0x21,0x00,0x21,0x00,0x01,0x00,
    0x21,0x00,0x21,0x00,0x21,0x00,0x21,0x00,0x41,0x00,0x41,0x00,0x41,0x00,0x41,0x00,
    0x21,0x00,0x21,0x00,0x21,0x00,0x21,0x00,0x21,0x00,0x21,0x00,0x21,0x00,0x21,0x00,
    0x21,0x00,0x21,0x00,0x21,0x00,0x21,0x00,0x21,0x00,0x21,0x00,0x21,0x00,0x21,0x00,
    0x21,0x00,0x21,0x00,0x21,0x00,0x21,0x00,0x21,0x00,0x21,0x00,0x41,0x00,0x41,0x08,
    0x41,0x00,0x41,0x00,0x41,0x08,0x41,0x08,0x62,0x08,0x62,0x08,0x62,0x08,0x82,0x10,
    0xa2,0x10,0xa3,0x10,0xa3,0x10,0xa3,0x10,0xa3,0x10,0xa3,0x10,0xc3,0x10,0xc3,0x10,
    0xc3,0x18,0xc3,0x18,0xe4,0x18,0xe4,0x18,0xe4,0x18,0xe4,0x18,0x04,0x21,0x25,0x21,
    0x45,0x21,0x46,0x29,0x66,0x29,0x87,0x31,0x86,0x29,0xe8,0x39,0x08,0x3a,0xe8,0x39,
    0x09,0x42,0x09,0x42,0x09,0x3a,0x09,0x3a,0x29,0x3a,0xe8,0x31,0x09,0x3a,0xe9,0x39,
    0xe9,0x31,0xa8,0x31,0xc8,0x31,0xa8,0x29,0x24,0x19,0xa2,0x08,0x04,0x11,0xe4,0x10,
    0x82,0x08,0xe4,0x10,0x82,0x08,0x42,0x08,0x21,0x00,0x00,0x00,0x00,0x00,0x00,0x00,
    0x00,0x00,0x20,0x00,0x20,0x00,0x20,0x00,0x00,0x00,0x00,0x00,0x41,0x00,0x82,0x08,
    0x21,0x00,0x21,0x00,0x21,0x00,0x21,0x00,0x21,0x00,0x21,0x00,0x21,0x00,0x21,0x00,
    0x21,0x00,0x21,0x00,0x21,0x00,0x21,0x00,0x21,0x00,0x21,0x00,0x21,0x00,0x21,0x00,
    0x21,0x00,0x21,0x00,0x21,0x00,0x21,0x00,0x21,0x00,0x21,0x00,0x21,0x00,0x21,0x00,
    0x21,0x00,0x21,0x00,0x21,0x00,0x21,0x00,0x41,0x00,0x41,0x00,0x41,0x00,0x41,0x00,
    0x42,0x00,0x42,0x00,0x42,0x00,0x42,0x00,0x41,0x00,0x41,0x00,0x41,0x00,0x41,0x00,
    0x41,0x00,0x41,0x00,0x41,0x00,0x41,0x00,0x41,0x00,0x41,0x00,0x41,0x00,0x41,0x00,
    0x41,0x00,0x41,0x00,0x21,0x00,0x41,0x00,0x41,0x00,0x41,0x00,0x41,0x00,0x41,0x00,
    0x41,0x00,0x41,0x00,0x41,0x00,0x41,0x00,0x41,0x00,0x41,0x00,0x41,0x00,0x41,0x00,
    0x41,0x00,0x41,0x00,0x41,0x00,0x41,0x00,0x21,0x00,0x21,0x00,0x41,0x00,0x42,0x00,
    0x21,0x00,0x41,0x00,0x42,0x00,0x41,0x00,0x82,0x08,0x46,0x21,0x86,0x29,0xa7,0x31,
    0xe8,0x31,0x08,0x3a,0x29,0x42,0x49,0x42,0x49,0x42,0x29,0x42,0x45,0x21,0x83,0x08,
    0xa3,0x08,0xa3,0x08,0xa3,0x08,0xa3,0x08,0xa3,0x10,0xa3,0x10,0xc4,0x10,0xe4,0x10,
    0xe4,0x18,0xe4,0x10,0xe4,0x10,0xe4,0x10,0xe4,0x18,0xe4,0x18,0xe4,0x18,0xe4,0x18,
    0xe4,0x18,0xe4,0x18,0x04,0x19,0x04,0x19,0x04,0x19,0x04,0x19,0x04,0x19,0x04,0x19,
    0x04,0x19,0x04,0x19,0x04,0x19,0x05,0x21,0x04,0x21,0x04,0x21,0x04,0x21,0x04,0x21,
    0x04,0x21,0x04,0x19,0x04,0x19,0x04,0x21,0x04,0x19,0x04,0x19,0x04,0x19,0x04,0x19,
    0x04,0x19,0x04,0x19,0x04,0x19,0x04,0x19,0xe4,0x18,0xe4,0x18,0xe4,0x18,0xe4,0x18,
    0xe4,0x18,0xe4,0x18,0xe4,0x18,0x04,0x19,0x04,0x19,0x05,0x21,0x66,0x29,0xc8,0x39,
    0xe8,0x39,0x29,0x42,0x29,0x42,0x09,0x3a,0x29,0x42,0x29,0x42,0x4a,0x42,0x4a,0x3a,
    0x29,0x3a,0xe9,0x31,0x2a,0x3a,0xe9,0x39,0xe9,0x31,0xa8,0x31,0xc8,0x31,0x87,0x29,
    0x05,0x19,0x83,0x08,0xe4,0x18,0xe4,0x10,0x82,0x08,0xe4,0x10,0x82,0x08,0x42,0x00,
    0x21,0x00,0x00,0x00,0x00,0x00,0x00,0x00,0x00,0x00,0x00,0x00,0x00,0x00,0x00,0x00,
    0x00,0x00,0x00,0x00,0x21,0x00,0x62,0x08,0x21,0x00,0x01,0x00,0x21,0x00,0x21,0x00,
    0x21,0x00,0x21,0x00,0x21,0x00,0x21,0x00,0x21,0x00,0x21,0x00,0x21,0x00,0x21,0x00,
    0x21,0x00,0x21,0x00,0x21,0x00,0x21,0x00,0x21,0x00,0x21,0x00,0x21,0x00,0x21,0x00,
    0x21,0x00,0x21,0x00,0x21,0x00,0x21,0x00,0x21,0x00,0x21,0x00,0x21,0x00,0x21,0x00,
    0x21,0x00,0x21,0x00,0x21,0x00,0x21,0x00,0x21,0x00,0x21,0x00,0x21,0x00,0x21,0x00,
    0x41,0x00,0x41,0x00,0x41,0x00,0x41,0x00,0x41,0x00,0x41,0x00,0x41,0x00,0x41,0x00,
    0x62,0x00,0x62,0x00,0x62,0x00,0x62,0x08,0x62,0x08,0x62,0x08,0x82,0x08,0x82,0x08,
    0x82,0x08,0x82,0x08,0x82,0x08,0xa3,0x08,0xa3,0x10,0xa3,0x10,0xa3,0x10,0xa3,0x10,
    0xc3,0x10,0xc3,0x10,0xe4,0x10,0xe4,0x10,0xc4,0x10,0xe4,0x18,0xe4,0x18,0x04,0x19,
    0x04,0x19,0x04,0x19,0x04,0x19,0x04,0x19,0x04,0x19,0x25,0x19,0x25,0x21,0x25,0x19,
    0xab,0x52,0x15,0xa5,0xb7,0xb5,0x76,0xad,0xb7,0xb5,0x97,0xb5,0xb7,0xb5,0x97,0xb5,
    0x96,0xad,0x35,0xa5,0xec,0x5a,0x46,0x21,0x25,0x21,0x25,0x21,0x25,0x21,0x25,0x21,
    0x05,0x21,0x05,0x21,0x25,0x21,0x25,0x21,0x05,0x19,0x05,0x19,0x05,0x19,0x04,0x19,
    0x04,0x19,0x04,0x19,0xe4,0x10,0xc4,0x10,0xc3,0x10,0xa3,0x10,0xa3,0x10,0xa3,0x10,
    0x83,0x10,0x83,0x10,0x83,0x10,0x83,0x10,0x83,0x10,0x62,0x08,0x62,0x08,0x62,0x08,
    0x62,0x08,0x62,0x08,0x41,0x08,0x41,0x08,0x41,0x08,0x41,0x08,0x21,0x00,0x21,0x00,
    0x21,0x00,0x21,0x00,0x41,0x00,0x41,0x00,0x41,0x00,0x41,0x00,0x21,0x00,0x00,0x00,
    0x01,0x00,0x01,0x00,0x01,0x00,0x00,0x00,0x21,0x00,0x01,0x00,0x00,0x00,0x01,0x00,
    0x21,0x00,0x41,0x00,0xc4,0x10,0x66,0x21,0x87,0x29,0xc7,0x31,0xc7,0x31,0xc8,0x31,
    0x09,0x3a,0xe9,0x39,0x09,0x3a,0xe9,0x39,0xe9,0x31,0xc8,0x31,0x09,0x3a,0xe9,0x39,
    0xe8,0x31,0xa8,0x29,0xc8,0x31,0xa7,0x29,0x05,0x19,0x83,0x08,0xe4,0x18,0xc4,0x10,
    0x83,0x08,0xe4,0x10,0x62,0x08,0x41,0x00,0x21,0x00,0x00,0x00,0x00,0x00,0x00,0x00,
    0x00,0x00,0x00,0x00,0x00,0x00,0x00,0x00,0x00,0x00,0x00,0x00,0x41,0x00,0x61,0x08,
    0x21,0x00,0x00,0x00,0x00,0x00,0x20,0x00,0x00,0x00,0x20,0x00,0x21,0x00,0x21,0x00,
    0x20,0x00,0x21,0x00,0x21,0x00,0x21,0x00,0x21,0x00,0x41,0x00,0x41,0x00,0x41,0x00,
    0x41,0x00,0x41,0x00,0x42,0x08,0x62,0x08,0x62,0x08,0x62,0x08,0x62,0x08,0x62,0x08,
    0x82,0x08,0x83,0x08,0x83,0x08,0xa3,0x08,0xa3,0x10,0xa3,0x10,0xa3,0x10,0xc3,0x10,
    0xe4,0x10,0xe4,0x10,0xe4,0x18,0xe4,0x18,0x04,0x19,0x04,0x19,0x04,0x19,0x04,0x19,
    0x25,0x21,0x25,0x21,0x05,0x19,0x04,0x19,0x25,0x21,0x25,0x21,0x25,0x19,0x25,0x19,
    0x25,0x21,0x25,0x21,0x45,0x21,0x45,0x21,0x45,0x21,0x45,0x21,0x45,0x21,0x45,0x21,
    0x45,0x21,0x45,0x21,0x45,0x21,0x45,0x21,0x45,0x21,0x45,0x21,0x25,0x21,0x25,0x21,
    0x25,0x19,0x04,0x19,0x04,0x19,0x04,0x19,0xe4,0x18,0xe4,0x18,0xc4,0x18,0xc3,0x18,
    0xc3,0x10,0xc3,0x10,0xe4,0x18,0xc4,0x18,0x66,0x29,0x49,0x42,0x6a,0x4a,0x49,0x42,
    0x29,0x42,0x08,0x3a,0xc7,0x39,0xa7,0x31,0x66,0x29,0x45,0x21,0xa3,0x10,0x41,0x00,
    0x41,0x00,0x41,0x00,0x41,0x00,0x21,0x00,0x21,0x00,0x21,0x00,0x21,0x00,0x21,0x00,
    0x21,0x00,0x21,0x00,0x21,0x00,0x21,0x00,0x21,0x00,0x21,0x00,0x21,0x00,0x21,0x00,
    0x21,0x00,0x01,0x00,0x00,0x00,0x00,0x00,0x01,0x00,0x01,0x00,0x01,0x00,0x01,0x00,
    0x01,0x00,0x01,0x00,0x00,0x00,0x00,0x00,0x00,0x00,0x00,0x00,0x21,0x00,0x00,0x00,
    0x00,0x00,0x00,0x00,0x00,0x00,0x21,0x00,0x21,0x00,0x21,0x00,0x21,0x00,0x21,0x00,
    0x21,0x00,0x21,0x00,0x21,0x00,0x21,0x00,0x00,0x00,0x01,0x00,0x21,0x00,0x21,0x00,
    0x21,0x00,0x21,0x00,0x21,0x00,0x41,0x00,0x62,0x00,0x82,0x08,0x04,0x19,0x66,0x21,
    0x86,0x29,0xc8,0x31,0xe8,0x31,0xe8,0x31,0xe9,0x39,0xe8,0x31,0xe9,0x31,0xe9,0x39,
    0xe9,0x31,0xa8,0x31,0xc9,0x31,0xe9,0x39,0xe8,0x31,0xa7,0x29,0xc8,0x31,0xa7,0x29,
    0x04,0x19,0x83,0x08,0xe4,0x10,0xc4,0x10,0x83,0x08,0xc4,0x10,0x62,0x08,0x41,0x00,
    0x21,0x00,0x00,0x00,0x00,0x00,0x00,0x00,0x00,0x00,0x00,0x00,0x00,0x00,0x00,0x00,
    0x20,0x00,0x00,0x00,0x61,0x00,0xc3,0x10,0xc3,0x10,0xc3,0x10,0xc3,0x10,0xc3,0x10,
    0xc3,0x10,0xe3,0x10,0xe4,0x10,0xe4,0x10,0xe4,0x10,0xe4,0x18,0x04,0x19,0x04,0x19,
    0x04,0x19,0x04,0x19,0x04,0x19,0x04,0x19,0xe4,0x18,0xe4,0x18,0xe4,0x18,0x04,0x19,
    0x04,0x19,0x04,0x19,0x04,0x19,0x04,0x19,0x04,0x19,0x04,0x19,0x04,0x19,0x25,0x19,
    0x04,0x19,0x04,0x19,0x04,0x19,0x04,0x19,0xe4,0x10,0xe4,0x10,0xe4,0x18,0xe4,0x18,
    0xc3,0x10,0xc3,0x10,0xc3,0x10,0xc3,0x10,0xc3,0x10,0xa3,0x10,0xa3,0x10,0xa3,0x10,
    0x83,0x10,0x83,0x10,0x82,0x08,0x82,0x08,0x62,0x08,0x62,0x08,0x62,0x08,0x62,0x08,
    0x61,0x08,0x61,0x08,0x61,0x08,0x41,0x00,0x41,0x00,0x41,0x00,0x41,0x00,0x41,0x00,
    0x41,0x00,0x21,0x00,0x21,0x00,0x21,0x00,0x21,0x00,0x21,0x00,0x21,0x00,0x21,0x00,
    0x21,0x00,0x21,0x00,0x00,0x00,0x00,0x00,0x00,0x00,0x00,0x00,0x00,0x00,0x00,0x00,
    0x00,0x00,0x00,0x00,0x00,0x00,0x00,0x00,0x00,0x00,0x00,0x00,0x00,0x00,0x00,0x00,
    0x00,0x00,0x00,0x00,0x00,0x00,0x21,0x00,0x00,0x00,0x01,0x00,0x01,0x00,0x01,0x00,
    0x01,0x00,0x01,0x00,0x01,0x00,0x01,0x00,0x21,0x00,0x21,0x00,0x21,0x00,0x21,0x00,
    0x21,0x00,0x21,0x00,0x21,0x00,0x21,0x00,0x21,0x00,0x21,0x00,0x21,0x00,0x21,0x00,
    0x21,0x00,0x21,0x00,0x21,0x00,0x21,0x00,0x21,0x00,0x41,0x00,0x21,0x00,0x21,0x00,
    0x21,0x00,0x41,0x00,0x41,0x00,0x21,0x00,0x41,0x08,0x41,0x00,0x41,0x00,0x21,0x00,
    0x41,0x00,0x21,0x00,0x21,0x00,0x41,0x08,0x41,0x00,0x21,0x00,0x21,0x00,0x21,0x00,
    0x21,0x00,0x21,0x00,0x21,0x00,0x21,0x00,0x41,0x00,0x41,0x00,0x41,0x00,0x41,0x00,
    0x62,0x00,0x83,0x08,0x05,0x19,0x66,0x21,0x87,0x29,0xc8,0x31,0xc8,0x31,0xc8,0x31,
    0xe8,0x31,0xc8,0x31,0xe8,0x31,0xe9,0x31,0xe9,0x31,0xa8,0x31,0xe9,0x31,0xe9,0x39,
    0xc8,0x31,0xa7,0x29,0xc8,0x31,0x87,0x29,0xe4,0x18,0x83,0x08,0xe4,0x10,0xc3,0x10,
    0x83,0x08,0xc4,0x10,0x62,0x08,0x42,0x00,0x21,0x00,0x00,0x00,0x00,0x00,0x00,0x00,
    0x00,0x00,0x00,0x00,0x00,0x00,0x00,0x00,0x20,0x00,0x00,0x00,0x41,0x00,0xc3,0x10,
    0x04,0x19,0x04,0x19,0x04,0x19,0xe4,0x18,0xe3,0x10,0xc3,0x10,0xc3,0x10,0xc3,0x10,
    0xc3,0x10,0xc3,0x10,0xc3,0x10,0xa3,0x10,0x83,0x10,0x82,0x08,0x62,0x08,0x62,0x08,
    0x62,0x08,0x62,0x08,0x42,0x08,0x62,0x08,0x62,0x08,0x61,0x00,0x41,0x00,0x41,0x00,
    0x41,0x00,0x21,0x00,0x21,0x00,0x21,0x00,0x21,0x00,0x21,0x00,0x01,0x00,0x01,0x00,
    0x21,0x00,0x21,0x00,0x01,0x00,0x00,0x00,0x00,0x00,0x00,0x00,0x21,0x00,0x00,0x00,
    0x01,0x00,0x01,0x00,0x01,0x00,0x01,0x00,0x01,0x00,0x01,0x00,0x00,0x00,0x00,0x00,
    0x01,0x00,0x01,0x00,0x01,0x00,0x01,0x00,0x20,0x00,0x21,0x00,0x21,0x00,0x21,0x00,
    0x21,0x00,0x21,0x00,0x21,0x00,0x21,0x00,0x00,0x00,0x00,0x00,0x00,0x00,0x21,0x00,
    0x21,0x00,0x21,0x00,0x21,0x00,0x21,0x00,0x01,0x00,0x01,0x00,0x00,0x00,0x00,0x00,
    0x01,0x00,0x01,0x00,0x01,0x00,0x00,0x00,0x21,0x00,0x21,0x00,0x01,0x00,0x01,0x00,
    0x21,0x00,0x21,0x00,0x21,0x00,0x21,0x00,0x41,0x00,0x41,0x00,0x41,0x00,0x41,0x00,
    0x41,0x00,0x41,0x00,0x41,0x00,0x41,0x00,0x41,0x00,0x41,0x00,0x41,0x00,0x41,0x00,
    0x41,0x00,0x41,0x00,0x41,0x00,0x41,0x00,0x41,0x08,0x41,0x08,0x41,0x08,0x41,0x08,
    0x41,0x08,0x41,0x08,0x41,0x08,0x41,0x08,0x41,0x08,0x41,0x08,0x41,0x08,0x41,0x00,
    0x41,0x08,0x41,0x08,0x41,0x08,0x41,0x00,0x41,0x08,0x42,0x08,0x41,0x08,0x41,0x00,
    0x42,0x08,0x42,0x08,0x42,0x08,0x41,0x08,0x41,0x08,0x41,0x00,0x41,0x00,0x62,0x08,
    0x42,0x08,0x41,0x08,0x41,0x00,0x41,0x00,0x41,0x00,0x41,0x00,0x41,0x00,0x41,0x00,
    0x41,0x00,0x41,0x00,0x61,0x00,0x62,0x00,0x82,0x08,0xa3,0x08,0x05,0x19,0x66,0x21,
    0x87,0x29,0xa8,0x29,0xc8,0x31,0xc8,0x31,0xc8,0x31,0xc8,0x31,0xc8,0x31,0xe9,0x31,
    0xc8,0x31,0xa8,0x29,0xc8,0x31,0xe9,0x31,0xc8,0x31,0x87,0x29,0xa8,0x31,0x87,0x29,
    0xe4,0x18,0x83,0x08,0xc4,0x10,0xc3,0x10,0x82,0x08,0xc3,0x10,0x62,0x08,0x62,0x08,
    0x21,0x00,0x00,0x00,0x01,0x00,0x00,0x00,0x00,0x00,0x00,0x00,0x00,0x00,0x00,0x00,
    0x00,0x00,0x00,0x00,0x00,0x00,0x21,0x00,0x21,0x00,0x21,0x00,0x00,0x00,0x00,0x00,
    0x01,0x00,0x00,0x00,0x00,0x00,0x00,0x00,0x00,0x00,0x00,0x00,0x00,0x00,0x00,0x00,
    0x00,0x00,0x00,0x00,0x01,0x00,0x00,0x00,0x21,0x00,0x01,0x00,0x00,0x00,0x01,0x00,
    0x00,0x00,0x00,0x00,0x00,0x00,0x21,0x00,0x21,0x00,0x21,0x00,0x00,0x00,0x21,0x00,
    0x01,0x00,0x00,0x00,0x01,0x00,0x21,0x00,0x21,0x00,0x21,0x00,0x21,0x00,0x21,0x00,
    0x21,0x00,0x21,0x00,0x21,0x00,0x21,0x00,0x21,0x00,0x21,0x00,0x21,0x00,0x21,0x00,
    0x21,0x00,0x21,0x00,0x21,0x00,0x21,0x00,0x21,0x00,0x21,0x00,0x21,0x00,0x21,0x00,
    0x21,0x00,0x21,0x00,0x21,0x00,0x21,0x00,0x21,0x00,0x41,0x00,0x21,0x00,0x21,0x00,
    0x21,0x00,0x21,0x00,0x21,0x00,0x41,0x00,0x41,0x00,0x41,0x08,0x41,0x00,0x41,0x00,
    0x21,0x00,0x41,0x00,0x21,0x00,0x41,0x00,0x21,0x00,0x41,0x00,0x21,0x00,0x21,0x00,
    0x21,0x00,0x41,0x08,0x41,0x08,0x21,0x00,0x41,0x00,0x41,0x08,0x41,0x08,0x41,0x08,
    0x41,0x00,0x41,0x00,0x42,0x08,0x42,0x08,0x42,0x08,0x62,0x08,0x62,0x08,0x62,0x08,
    0x42,0x08,0x42,0x08,0x42,0x08,0x62,0x08,0x62,0x08,0x62,0x08,0x62,0x08,0x62,0x08,
    0x62,0x08,0x62,0x08,0x62,0x08,0x62,0x08,0x62,0x08,0x62,0x08,0x62,0x08,0x62,0x08,
    0x62,0x08,0x62,0x08,0x62,0x08,0x62,0x08,0x62,0x08,0x62,0x08,0x62,0x08,0x62,0x08,
    0x62,0x08,0x62,0x08,0x62,0x08,0x62,0x08,0x82,0x08,0x82,0x08,0x82,0x08,0x82,0x08,
    0x62,0x08,0x62,0x08,0x62,0x08,0x82,0x08,0x82,0x08,0x62,0x08,0x62,0x08,0x62,0x08,
    0x62,0x08,0x82,0x08,0x82,0x08,0x62,0x08,0x62,0x08,0x82,0x08,0x82,0x08,0x82,0x08,
    0xc4,0x10,0xe4,0x10,0x26,0x19,0x67,0x21,0x87,0x21,0xa8,0x29,0xc8,0x31,0xa8,0x29,
    0xc8,0x31,0xa8,0x31,0xc8,0x31,0xc8,0x31,0xc8,0x31,0x87,0x29,0xc8,0x31,0xc8,0x31,
    0xc8,0x31,0x87,0x29,0xa7,0x29,0x87,0x29,0xe4,0x18,0x82,0x08,0xc4,0x10,0xc3,0x10,
    0x83,0x08,0xc3,0x10,0x82,0x08,0x62,0x08,0x21,0x00,0x00,0x00,0x00,0x00,0x00,0x00,
    0x00,0x00,0x21,0x00,0x00,0x00,0x21,0x00,0x00,0x00,0x00,0x00,0x00,0x00,0x00,0x00,
    0x00,0x00,0x00,0x00,0x00,0x00,0x01,0x00,0x00,0x00,0x00,0x00,0x00,0x00,0x00,0x00,
    0x00,0x00,0x01,0x00,0x01,0x00,0x00,0x00,0x01,0x00,0x21,0x00,0x21,0x00,0x21,0x00,
    0x21,0x00,0x21,0x00,0x21,0x00,0x21,0x00,0x21,0x00,0x21,0x00,0x21,0x00,0x21,0x00,
    0x21,0x00,0x21,0x00,0x21,0x00,0x21,0x00,0x21,0x00,0x21,0x00,0x41,0x08,0x21,0x00,
    0x21,0x00,0x21,0x08,0x21,0x00,0x21,0x08,0x41,0x00,0x41,0x00,0x41,0x00,0x41,0x00,
    0x41,0x00,0x41,0x00,0x41,0x00,0x41,0x00,0x41,0x00,0x41,0x00,0x41,0x00,0x41,0x00,
    0x41,0x00,0x41,0x00,0x41,0x00,0x41,0x00,0x41,0x00,0x41,0x00,0x41,0x00,0x41,0x00,
    0x61,0x08,0x61,0x08,0x62,0x08,0x61,0x08,0x61,0x08,0x41,0x00,0x61,0x08,0x61,0x08,
    0x62,0x08,0x41,0x00,0x41,0x00,0x41,0x00,0x61,0x08,0x41,0x00,0x62,0x08,0x61,0x08,
    0x62,0x08,0x62,0x08,0x62,0x08,0x62,0x08,0x62,0x08,0x82,0x08,0x82,0x08,0x62,0x08,
    0x62,0x08,0x82,0x08,0x82,0x08,0x62,0x08,0x82,0x08,0x82,0x08,0x82,0x08,0x82,0x08,
    0xa3,0x10,0xa3,0x10,0x82,0x08,0x82,0x08,0x82,0x08,0x82,0x08,0x82,0x08,0x82,0x08,
    0xa3,0x10,0xa3,0x08,0xa3,0x10,0xa3,0x08,0xa3,0x10,0xa3,0x10,0xa3,0x10,0xa3,0x10,
    0xa3,0x08,0xa3,0x08,0xa3,0x08,0xa3,0x08,0xa3,0x08,0xa3,0x10,0xa3,0x10,0xa3,0x08,
    0xa3,0x10,0xa3,0x10,0xa3,0x08,0xa3,0x10,0xa3,0x10,0xa3,0x10,0xc3,0x10,0xa3,0x10,
    0xc3,0x10,0xc3,0x10,0xa3,0x10,0xa3,0x10,0xa3,0x10,0xa3,0x10,0xa3,0x10,0xa3,0x10,
    0xa3,0x10,0xa3,0x10,0xa3,0x10,0xa3,0x08,0xa3,0x08,0xa3,0x08,0xa3,0x08,0xa2,0x08,
    0xa3,0x08,0xa3,0x08,0xa3,0x08,0xa3,0x10,0xe4,0x10,0x05,0x19,0x46,0x21,0x67,0x21,
    0x87,0x29,0xa8,0x29,0xc8,0x31,0xa8,0x29,0xc8,0x31,0xa8,0x31,0xc8,0x31,0xc8,0x31,
    0xa8,0x31,0x87,0x29,0xc8,0x31,0xc8,0x31,0xc8,0x31,0x87,0x29,0xa7,0x29,0x87,0x29,
    0xe4,0x18,0x82,0x08,0xc4,0x10,0xc3,0x10,0x83,0x08,0xc3,0x10,0x82,0x08,0x62,0x08,
    0x41,0x00,0x20,0x00,0x21,0x00,0x21,0x00,0x20,0x00,0x21,0x00,0x21,0x00,0x21,0x00,
    0x00,0x00,0x01,0x00,0x00,0x00,0x00,0x00,0x01,0x00,0x21,0x00,0x21,0x00,0x01,0x00,
    0x01,0x00,0x01,0x00,0x01,0x00,0x01,0x00,0x00,0x00,0x21,0x00,0x21,0x00,0x21,0x00,
    0x21,0x00,0x21,0x00,0x21,0x00,0x21,0x00,0x21,0x00,0x21,0x00,0x21,0x00,0x21,0x00,
    0x41,0x00,0x21,0x00,0x21,0x00,0x21,0x00,0x21,0x00,0x21,0x00,0x41,0x08,0x41,0x00,
    0x41,0x00,0x42,0x08,0x62,0x08,0x41,0x00,0x62,0x08,0x62,0x08,0x42,0x08,0x41,0x00,
    0x62,0x08,0x62,0x08,0x62,0x00,0x62,0x08,0x62,0x08,0x62,0x08,0x62,0x08,0x62,0x08,
    0x62,0x08,0x62,0x08,0x82,0x08,0x82,0x08,0x62,0x08,0x62,0x08,0x62,0x08,0x62,0x08,
    0x62,0x08,0x62,0x08,0x62,0x08,0x82,0x08,0x82,0x08,0x62,0x08,0x82,0x08,0x82,0x08,
    0x82,0x08,0x62,0x08,0x82,0x08,0x82,0x08,0x82,0x08,0x82,0x08,0x82,0x08,0x82,0x08,
    0x82,0x08,0x82,0x08,0x82,0x08,0x82,0x08,0x82,0x08,0x82,0x08,0xa3,0x08,0xa3,0x08,
    0xa3,0x08,0xa3,0x08,0xa3,0x08,0xa3,0x08,0xa3,0x10,0xc3,0x10,0xa3,0x10,0xa3,0x08,
    0xa3,0x08,0xa3,0x08,0xc4,0x10,0xc4,0x10,0xc4,0x10,0xc4,0x10,0xc3,0x10,0xc3,0x10,
    0xc3,0x10,0xc4,0x10,0xc3,0x10,0xc3,0x10,0xe4,0x10,0xe4,0x10,0xe4,0x10,0xc4,0x10,
    0xe4,0x10,0xc4,0x10,0xe4,0x10,0xe4,0x10,0xe4,0x10,0xe4,0x10,0xe4,0x10,0xe4,0x10,
    0xe4,0x10,0xe4,0x10,0xe4,0x10,0xe4,0x10,0xe4,0x10,0xe4,0x10,0xe4,0x10,0xe4,0x10,
    0xe4,0x10,0xe4,0x10,0xe4,0x10,0xc4,0x10,0xe4,0x10,0x04,0x11,0xe4,0x10,0xe4,0x10,
    0xc4,0x10,0xe4,0x10,0xe4,0x10,0xe4,0x10,0xe4,0x10,0xc4,0x10,0xc4,0x10,0xc4,0x10,
    0xe4,0x10,0xe4,0x10,0xe4,0x10,0xe4,0x10,0xc4,0x10,0xe4,0x10,0xe4,0x10,0xe4,0x10,
    0x05,0x19,0x25,0x19,0x46,0x21,0x66,0x21,0x87,0x29,0xa7,0x29,0xc8,0x29,0xa8,0x29,
    0xc8,0x31,0xa8,0x29,0xc8,0x31,0xc8,0x31,0xa8,0x31,0x87,0x29,0xa8,0x29,0xc8,0x31,
    0xa8,0x29,0x87,0x29,0x87,0x29,0x67,0x21,0xe4,0x18,0x82,0x08,0xc4,0x10,0xa3,0x10,
    0x83,0x08,0xc4,0x10,0x62,0x08,0x62,0x08,0x61,0x08,0x41,0x00,0x41,0x00,0x21,0x00,
    0x21,0x00,0x21,0x00,0x21,0x00,0x21,0x00,0x21,0x00,0x21,0x00,0x21,0x00,0x21,0x00,
    0x21,0x00,0x21,0x00,0x21,0x00,0x21,0x00,0x21,0x00,0x21,0x00,0x41,0x00,0x41,0x00,
    0x41,0x00,0x41,0x00,0x41,0x08,0x41,0x00,0x41,0x00,0x21,0x00,0x41,0x00,0x41,0x08,
    0x62,0x08,0x42,0x08,0x41,0x08,0x42,0x08,0x62,0x08,0x62,0x08,0x41,0x00,0x62,0x08,
    0x62,0x08,0x62,0x08,0x82,0x08,0x62,0x08,0x62,0x08,0x82,0x08,0x82,0x08,0x62,0x08,
    0x82,0x08,0x82,0x08,0x82,0x08,0x82,0x08,0x82,0x08,0x82,0x08,0x82,0x08,0x82,0x08,
    0x82,0x08,0x82,0x08,0x82,0x08,0x82,0x08,0xa3,0x08,0x82,0x08,0xa3,0x10,0xa3,0x10,
    0xa3,0x08,0x82,0x08,0x82,0x08,0xa3,0x08,0x82,0x08,0xa2,0x08,0xa3,0x10,0xa3,0x10,
    0xa3,0x08,0xa3,0x10,0xa3,0x10,0xc3,0x10,0xa3,0x10,0xa3,0x10,0xa3,0x10,0xc3,0x10,
    0xc3,0x10,0xc3,0x10,0xa3,0x10,0xc3,0x10,0xc3,0x10,0xc3,0x10,0xc3,0x10,0xc3,0x10,
    0xc3,0x10,0xe3,0x10,0xe3,0x10,0xe4,0x10,0xe3,0x10,0xe4,0x10,0xe4,0x10,0xc3,0x10,
    0xe4,0x10,0x04,0x11,0x04,0x11,0xe4,0x10,0xe4,0x10,0xe4,0x10,0x05,0x19,0x05,0x19,
    0x04,0x11,0xe4,0x10,0x04,0x11,0x05,0x19,0x04,0x11,0x05,0x19,0x05,0x19,0x04,0x11,
    0x25,0x19,0x05,0x19,0x05,0x19,0x05,0x19,0x05,0x19,0x05,0x11,0x05,0x19,0x25,0x19,
    0x05,0x19,0x05,0x19,0x25,0x19,0x25,0x19,0x25,0x19,0x05,0x11,0x05,0x19,0x05,0x11,
    0x05,0x11,0x25,0x19,0x05,0x19,0x25,0x19,0x05,0x19,0x25,0x19,0x25,0x19,0x04,0x19,
    0x25,0x19,0x25,0x19,0x25,0x19,0x04,0x19,0x04,0x19,0x25,0x19,0x25,0x19,0x25,0x19,
    0x25,0x19,0x05,0x19,0x04,0x19,0x04,0x19,0x05,0x19,0x05,0x19,0x25,0x19,0x25,0x19,
    0x05,0x19,0x05,0x19,0x25,0x19,0x25,0x19,0x25,0x19,0x25,0x21,0x66,0x21,0x66,0x29,
    0x66,0x21,0xa7,0x29,0xa7,0x29,0xa7,0x29,0xa8,0x31,0xa8,0x29,0xa8,0x31,0xa8,0x31,
    0xa8,0x29,0x87,0x29,0xa7,0x29,0xa8,0x31,0xa8,0x29,0x87,0x29,0x87,0x29,0x66,0x21,
    0xc3,0x10,0x82,0x08,0xc3,0x10,0xa3,0x10,0x82,0x08,0xc4,0x10,0x62,0x08,0x82,0x08,
    0x62,0x08,0x41,0x00,0x41,0x00,0x41,0x00,0x41,0x00,0x41,0x00,0x61,0x08,0x41,0x00,
    0x41,0x00,0x41,0x00,0x41,0x00,0x41,0x00,0x41,0x00,0x61,0x00,0x41,0x00,0x41,0x00,
    0x41,0x00,0x41,0x00,0x61,0x08,0x62,0x08,0x62,0x08,0x62,0x08,0x61,0x08,0x41,0x00,
    0x62,0x08,0x62,0x00,0x82,0x08,0x62,0x08,0x82,0x08,0x62,0x08,0x82,0x08,0x82,0x08,
    0x82,0x08,0x82,0x08,0x82,0x08,0x82,0x08,0x82,0x08,0xa3,0x10,0x83,0x08,0xa3,0x08,
    0xa2,0x08,0xa3,0x08,0xa2,0x08,0x82,0x08,0xa3,0x08,0xa2,0x08,0xc3,0x08,0xa2,0x08,
    0xc3,0x08,0xa3,0x08,0xc3,0x10,0xc3,0x08,0xc3,0x10,0xc3,0x08,0xe3,0x10,0xc3,0x10,
    0xc3,0x10,0xc3,0x10,0xe3,0x10,0xe3,0x10,0xc3,0x10,0xc3,0x08,0xc3,0x08,0xe4,0x10,
    0xc3,0x10,0xc4,0x10,0xe4,0x10,0xe4,0x10,0xc3,0x10,0xe4,0x10,0xc4,0x10,0xe4,0x10,
    0xc4,0x10,0xc4,0x10,0xc3,0x10,0xe4,0x10,0xe4,0x10,0xe4,0x10,0xe4,0x10,0xe4,0x18,
    0xe4,0x10,0x04,0x19,0xe4,0x10,0xe4,0x10,0x04,0x11,0x04,0x19,0xe4,0x10,0x04,0x19,
    0x04,0x11,0x04,0x11,0x04,0x11,0xe4,0x10,0x25,0x19,0x25,0x19,0x04,0x19,0x04,0x11,
    0x04,0x11,0x04,0x11,0x25,0x19,0x25,0x19,0x25,0x19,0x25,0x19,0x25,0x19,0x45,0x19,
    0x05,0x19,0x25,0x19,0x25,0x19,0x25,0x19,0x25,0x19,0x25,0x19,0x25,0x19,0x25,0x19,
    0x25,0x19,0x25,0x19,0x25,0x19,0x25,0x19,0x25,0x19,0x25,0x19,0x25,0x19,0x25,0x19,
    0x46,0x21,0x25,0x19,0x25,0x19,0x25,0x19,0x25,0x19,0x46,0x21,0x25,0x19,0x66,0x21,
    0x46,0x21,0x46,0x19,0x46,0x21,0x26,0x19,0x46,0x21,0x46,0x21,0x46,0x21,0x46,0x21,
    0x25,0x19,0x45,0x21,0x45,0x19,0x45,0x21,0x66,0x21,0x45,0x19,0x25,0x19,0x25,0x19,
    0x25,0x19,0x45,0x19,0x46,0x19,0x46,0x19,0x45,0x19,0x45,0x19,0x45,0x19,0x46,0x19,
    0x66,0x21,0x46,0x21,0x66,0x21,0x66,0x29,0x66,0x21,0x87,0x29,0xa7,0x29,0xa7,0x29,
    0xa8,0x29,0x87,0x29,0xc8,0x31,0xa8,0x29,0x87,0x29,0x87,0x29,0x87,0x29,0xa8,0x29,
    0xa7,0x29,0x87,0x29,0x87,0x29,0x66,0x21,0xc3,0x10,0x82,0x08,0xc3,0x10,0xa3,0x10,
    0x82,0x08,0xc3,0x10,0x62,0x08,0x82,0x08,0x62,0x08,0x41,0x00,0x61,0x08,0x41,0x00,
    0x62,0x08,0x41,0x00,0x62,0x08,0x62,0x08,0x61,0x00,0x62,0x08,0x62,0x08,0x62,0x08,
    0x61,0x00,0x62,0x08,0x62,0x08,0x62,0x08,0x62,0x08,0x62,0x08,0x62,0x08,0x82,0x08,
    0x82,0x08,0x82,0x08,0x82,0x08,0x62,0x08,0xa2,0x08,0x82,0x08,0xa2,0x08,0xa2,0x08,
    0xa3,0x08,0x82,0x08,0xa3,0x08,0xa3,0x08,0xa3,0x08,0xa3,0x08,0xa3,0x08,0xa3,0x08,
    0xa2,0x08,0xc3,0x10,0xa3,0x08,0xc3,0x10,0xc3,0x10,0xc3,0x10,0xc3,0x10,0xc3,0x08,
    0xc3,0x10,0xc3,0x08,0xe3,0x10,0xc3,0x08,0xe3,0x10,0xc3,0x08,0xe4,0x10,0xe3,0x10,
    0xe4,0x10,0xe3,0x10,0x04,0x11,0xe3,0x10,0xe4,0x10,0xe3,0x10,0x04,0x11,0x04,0x11,
    0x04,0x11,0xe4,0x10,0xe3,0x10,0x04,0x19,0xe4,0x10,0xe4,0x10,0x04,0x11,0x04,0x19,
    0xe4,0x10,0x04,0x19,0x04,0x11,0x05,0x19,0xe4,0x10,0xe4,0x10,0xc4,0x10,0xe4,0x18,
    0x04,0x19,0x05,0x19,0x04,0x19,0x05,0x19,0x04,0x19,0x25,0x19,0x04,0x19,0x05,0x19,
    0x25,0x19,0x25,0x19,0x05,0x19,0x25,0x19,0x25,0x19,0x05,0x19,0x05,0x19,0x04,0x19,
    0x25,0x19,0x25,0x19,0x25,0x19,0x25,0x19,0x25,0x19,0x25,0x19,0x45,0x19,0x25,0x19,
    0x45,0x19,0x25,0x19,0x25,0x19,0x45,0x19,0x25,0x19,0x25,0x19,0x25,0x19,0x25,0x19,
    0x46,0x21,0x46,0x21,0x46,0x21,0x25,0x19,0x46,0x21,0x46,0x21,0x46,0x21,0x46,0x21,
    0x46,0x21,0x46,0x21,0x46,0x21,0x66,0x21,0x66,0x21,0x46,0x21,0x46,0x21,0x46,0x21,
    0x46,0x21,0x66,0x21,0x46,0x21,0x66,0x21,0x66,0x21,0x66,0x21,0x67,0x21,0x46,0x21,
    0x66,0x21,0x66,0x21,0x66,0x21,0x66,0x21,0x46,0x21,0x66,0x21,0x66,0x21,0x66,0x21,
    0x66,0x21,0x46,0x21,0x46,0x21,0x46,0x19,0x45,0x19,0x66,0x21,0x66,0x21,0x66,0x21,
    0x46,0x19,0x46,0x19,0x66,0x21,0x66,0x21,0x87,0x29,0x66,0x21,0x86,0x29,0x87,0x29,
    0x66,0x21,0x87,0x29,0xa7,0x29,0x87,0x29,0xa7,0x29,0x87,0x29,0xa7,0x29,0x87,0x29,
    0x87,0x29,0x87,0x29,0x87,0x29,0xa8,0x29,0x87,0x29,0x67,0x29,0x87,0x29,0x46,0x21,
    0xc3,0x10,0x82,0x08,0xc3,0x10,0x82,0x08,0x82,0x08,0xc3,0x10,0x62,0x08,0xa3,0x10,
    0x82,0x08,0x62,0x08,0x62,0x08,0x62,0x08,0x82,0x08,0x62,0x08,0x82,0x08,0x62,0x08,
    0x62,0x08,0x82,0x08,0x82,0x08,0x82,0x08,0x82,0x08,0xa3,0x10,0x82,0x08,0xa3,0x10,
    0x82,0x08,0x82,0x08,0x82,0x08,0xa2,0x08,0x82,0x08,0x82,0x08,0xa3,0x10,0x82,0x08,
    0xc3,0x10,0xa2,0x08,0xc3,0x10,0xc3,0x10,0xc3,0x10,0xa3,0x08,0xa3,0x08,0xc3,0x10,
    0xc3,0x10,0xc3,0x10,0xa3,0x08,0xc3,0x10,0xc3,0x08,0xe4,0x10,0xc3,0x10,0xe3,0x10,
    0xe3,0x10,0xe3,0x10,0xe3,0x10,0xc3,0x10,0xe3,0x10,0xe3,0x10,0x04,0x11,0xe3,0x10,
    0x04,0x11,0xc3,0x10,0x04,0x11,0xe4,0x10,0x04,0x19,0xe3,0x10,0x04,0x19,0xe3,0x10,
    0x04,0x11,0x04,0x11,0x04,0x19,0x04,0x19,0x04,0x19,0x04,0x11,0xe4,0x10,0x24,0x19,
    0x04,0x19,0x04,0x19,0x04,0x19,0x24,0x19,0xe4,0x10,0x24,0x19,0x04,0x19,0x25,0x19,
    0xe4,0x10,0x04,0x19,0xe4,0x10,0x05,0x19,0x04,0x19,0x25,0x19,0x05,0x19,0x05,0x19,
    0x25,0x19,0x45,0x19,0x05,0x19,0x25,0x19,0x25,0x19,0x45,0x19,0x25,0x19,0x45,0x19,
    0x25,0x19,0x25,0x19,0x25,0x19,0x25,0x19,0x45,0x19,0x45,0x21,0x45,0x19,0x25,0x19,
    0x25,0x19,0x25,0x19,0x45,0x19,0x25,0x19,0x45,0x19,0x25,0x19,0x25,0x19,0x45,0x21,
    0x46,0x21,0x46,0x21,0x46,0x21,0x25,0x19,0x66,0x21,0x66,0x21,0x66,0x21,0x46,0x21,
    0x66,0x21,0x46,0x21,0x46,0x21,0x66,0x21,0x66,0x21,0x66,0x21,0x66,0x21,0x66,0x21,
    0x86,0x21,0x46,0x21,0x66,0x21,0x46,0x21,0x46,0x21,0x66,0x21,0x46,0x21,0x66,0x21,
    0x66,0x21,0x66,0x21,0x66,0x21,0x66,0x21,0x67,0x21,0x66,0x21,0x66,0x21,0x66,0x21,
    0x46,0x21,0x66,0x21,0x66,0x21,0x66,0x21,0x87,0x29,0x66,0x21,0x87,0x21,0x66,0x21,
    0x46,0x21,0x66,0x21,0x66,0x21,0x66,0x21,0x66,0x21,0x66,0x21,0x66,0x21,0x66,0x21,
    0x87,0x29,0x66,0x21,0x87,0x29,0x87,0x29,0x46,0x21,0x87,0x29,0x87,0x29,0x87,0x29,
    0xa7,0x29,0x87,0x29,0x87,0x29,0x87,0x29,0x67,0x29,0x87,0x29,0x87,0x29,0x87,0x29,
    0xa7,0x29,0x67,0x21,0x87,0x29,0x46,0x21,0xc3,0x10,0x82,0x08,0xc3,0x10,0xa3,0x08,
    0x82,0x08,0xc3,0x10,0x82,0x08,0xa3,0x10,0x82,0x08,0x82,0x08,0x82,0x08,0x82,0x08,
    0x83,0x10,0x62,0x08,0x83,0x10,0x82,0x08,0x83,0x08,0xa3,0x10,0x83,0x08,0xa3,0x10,
    0x83,0x08,0xa3,0x10,0x83,0x08,0xc3,0x10,0xa3,0x08,0xa3,0x08,0xa3,0x08,0xc3,0x10,
    0xa3,0x08,0xa3,0x08,0xc3,0x10,0xa3,0x08,0xe3,0x10,0xa3,0x08,0xc3,0x10,0xc3,0x10,
    0xe3,0x10,0xc3,0x10,0xc3,0x10,0xe3,0x10,0xe3,0x10,0xe3,0x10,0xc3,0x10,0xe4,0x10,
    0xc3,0x10,0xe4,0x10,0xe3,0x10,0xe4,0x10,0xe3,0x10,0xe3,0x10,0xe4,0x10,0xe3,0x10,
    0x04,0x11,0xe3,0x10,0x04,0x11,0xe3,0x10,0x04,0x19,0xe3,0x10,0x04,0x19,0x04,0x11,
    0x24,0x19,0xe4,0x10,0x04,0x19,0xe4,0x10,0x04,0x19,0x04,0x11,0x04,0x19,0x04,0x11,
    0x04,0x19,0x04,0x19,0x04,0x11,0x24,0x19,0x04,0x19,0x24,0x19,0x24,0x19,0x25,0x19,
    0x04,0x11,0x25,0x19,0x04,0x19,0x45,0x19,0x04,0x11,0x25,0x19,0x04,0x19,0x25,0x19,
    0x05,0x19,0x25,0x19,0x25,0x19,0x25,0x19,0x25,0x19,0x45,0x19,0x05,0x19,0x25,0x19,
    0x25,0x19,0x45,0x19,0x25,0x19,0x45,0x21,0x45,0x19,0x25,0x19,0x45,0x21,0x25,0x19,
    0x45,0x21,0x45,0x21,0x45,0x21,0x45,0x21,0x45,0x21,0x25,0x19,0x46,0x21,0x45,0x19,
    0x66,0x21,0x25,0x19,0x46,0x19,0x46,0x21,0x46,0x21,0x46,0x21,0x46,0x21,0x46,0x19,
    0x87,0x29,0x66,0x21,0x87,0x21,0x46,0x21,0x66,0x21,0x46,0x21,0x46,0x21,0x66,0x21,
    0x66,0x21,0x66,0x21,0x66,0x21,0x67,0x21,0x67,0x21,0x46,0x21,0x67,0x21,0x66,0x21,
    0x66,0x21,0x87,0x21,0x46,0x21,0x67,0x21,0x66,0x21,0x66,0x21,0x66,0x21,0x66,0x21,
    0x87,0x21,0x67,0x21,0x87,0x21,0x67,0x21,0x46,0x21,0x67,0x21,0x46,0x21,0x67,0x21,
    0x87,0x29,0x66,0x21,0x67,0x21,0x66,0x21,0x66,0x21,0x66,0x21,0x66,0x21,0x66,0x21,
    0x66,0x21,0x66,0x21,0x66,0x21,0x66,0x21,0x87,0x29,0x66,0x21,0x66,0x29,0x66,0x29,
    0x46,0x21,0x87,0x29,0x87,0x29,0x87,0x29,0x87,0x29,0x67,0x29,0x87,0x29,0x87,0x29,
    0x67,0x29,0x87,0x29,0x87,0x29,0x87,0x29,0x87,0x29,0x46,0x21,0x67,0x21,0x46,0x21,
    0xc3,0x10,0x62,0x08,0xc3,0x10,0xa3,0x10,0x82,0x08,0xc3,0x10,0x82,0x08,0xa3,0x10,
    0xa3,0x10,0x83,0x10,0x82,0x08,0x82,0x08,0xa3,0x10,0x82,0x08,0xa3,0x10,0x83,0x10,
    0xa3,0x10,0xc3,0x10,0xa3,0x08,0xc3,0x10,0x83,0x08,0xa3,0x10,0x83,0x08,0xc3,0x10,
    0xa3,0x10,0xc3,0x10,0xa3,0x08,0xc3,0x10,0xc3,0x10,0xc3,0x10,0xe4,0x10,0xc3,0x10,
    0xe3,0x10,0xc3,0x10,0xc3,0x10,0xe3,0x10,0x04,0x19,0xe4,0x10,0xe4,0x10,0xe4,0x10,
    0xe4,0x10,0xe4,0x10,0xc3,0x10,0xe4,0x10,0xe3,0x10,0x04,0x19,0xe3,0x10,0x04,0x11,
    0x04,0x11,0x04,0x11,0x04,0x11,0xe4,0x10,0x04,0x11,0xe4,0x10,0x24,0x19,0xe4,0x10,
    0x04,0x19,0xe3,0x10,0x24,0x19,0x04,0x11,0x24,0x19,0x04,0x19,0x24,0x19,0x04,0x19,
    0x24,0x19,0x04,0x19,0x24,0x19,0x04,0x19,0x24,0x19,0x24,0x19,0x04,0x19,0x25,0x19,
    0x24,0x19,0x25,0x19,0x25,0x19,0x45,0x19,0x04,0x19,0x25,0x19,0x24,0x19,0x45,0x19,
    0x04,0x19,0x25,0x19,0x04,0x19,0x25,0x19,0x25,0x19,0x45,0x19,0x25,0x19,0x25,0x19,
    0x25,0x19,0x45,0x21,0x25,0x19,0x25,0x19,0x25,0x19,0x25,0x19,0x25,0x19,0x45,0x21,
    0x45,0x19,0x25,0x19,0x45,0x19,0x25,0x19,0x45,0x19,0x45,0x21,0x45,0x21,0x45,0x21,
    0x46,0x21,0x26,0x19,0x46,0x21,0x46,0x19,0x66,0x21,0x25,0x19,0x46,0x19,0x46,0x21,
    0x66,0x21,0x46,0x21,0x66,0x21,0x46,0x21,0x67,0x21,0x66,0x21,0x67,0x21,0x46,0x21,
    0x67,0x21,0x46,0x21,0x46,0x21,0x67,0x21,0x66,0x21,0x66,0x21,0x67,0x21,0x67,0x21,
    0x87,0x21,0x46,0x21,0x67,0x21,0x67,0x21,0x66,0x21,0x87,0x29,0x66,0x21,0x87,0x29,
    0x87,0x29,0x67,0x21,0x87,0x21,0x66,0x21,0x87,0x29,0x87,0x21,0x87,0x29,0x67,0x21,
    0x46,0x21,0x67,0x21,0x46,0x21,0x67,0x21,0x87,0x29,0x66,0x21,0x67,0x21,0x66,0x21,
    0x66,0x21,0x66,0x21,0x66,0x21,0x66,0x21,0x66,0x21,0x66,0x21,0x66,0x21,0x66,0x21,
    0x66,0x29,0x66,0x21,0x66,0x21,0x66,0x21,0x46,0x21,0x86,0x29,0x86,0x29,0x66,0x29,
    0x87,0x29,0x66,0x29,0x87,0x29,0x66,0x29,0x87,0x29,0x87,0x29,0x87,0x29,0x87,0x29,
    0x87,0x29,0x46,0x21,0x66,0x21,0x46,0x21,0xa3,0x10,0x62,0x08,0xc3,0x10,0xa3,0x10,
    0x82,0x08,0xc3,0x10,0x82,0x08,0xc3,0x10,0xa3,0x10,0xa3,0x10,0xa3,0x10,0x83,0x10,
    0xa3,0x10,0x82,0x08,0xa3,0x10,0xa3,0x10,0xa3,0x10,0xc3,0x10,0xa3,0x10,0xc4,0x10,
    0xa3,0x08,0xc4,0x10,0xa3,0x08,0xc3,0x10,0xa3,0x08,0xc3,0x10,0xa3,0x10,0xc4,0x10,
    0xc3,0x10,0xc3,0x10,0xe4,0x10,0xa3,0x10,0xe4,0x10,0xc3,0x10,0xe3,0x10,0xe4,0x10,
    0xe4,0x10,0xe4,0x10,0xe4,0x10,0xe4,0x10,0xe4,0x10,0xe4,0x10,0xe3,0x10,0x04,0x11,
    0xe4,0x10,0x25,0x19,0x04,0x11,0x04,0x19,0x04,0x11,0x04,0x11,0x04,0x19,0xe4,0x10,
    0x24,0x19,0x04,0x19,0x24,0x19,0x04,0x11,0x24,0x19,0xe4,0x10,0x24,0x19,0x04,0x19,
    0x25,0x19,0x04,0x19,0x25,0x19,0x04,0x19,0x24,0x19,0x04,0x19,0x24,0x19,0x04,0x19,
    0x24,0x19,0x24,0x19,0x04,0x19,0x25,0x19,0x25,0x19,0x25,0x19,0x25,0x19,0x45,0x19,
    0x04,0x19,0x25,0x19,0x25,0x19,0x45,0x19,0x04,0x19,0x25,0x19,0x04,0x19,0x25,0x19,
    0x25,0x19,0x45,0x21,0x45,0x19,0x45,0x19,0x45,0x19,0x45,0x21,0x25,0x19,0x25,0x19,
    0x25,0x19,0x25,0x19,0x25,0x19,0x45,0x21,0x25,0x19,0x25,0x19,0x45,0x19,0x25,0x19,
    0x45,0x19,0x45,0x21,0x45,0x21,0x45,0x19,0x46,0x21,0x25,0x19,0x46,0x21,0x26,0x21,
    0x46,0x21,0x25,0x19,0x26,0x19,0x46,0x21,0x46,0x21,0x46,0x21,0x66,0x21,0x46,0x21,
    0x67,0x21,0x66,0x21,0x67,0x21,0x46,0x21,0x67,0x21,0x66,0x21,0x66,0x21,0x67,0x21,
    0x66,0x21,0x66,0x21,0x67,0x21,0x87,0x21,0x87,0x29,0x66,0x21,0x87,0x29,0x67,0x21,
    0x66,0x21,0x87,0x29,0x66,0x21,0x87,0x29,0x87,0x29,0x87,0x29,0x87,0x29,0x66,0x21,
    0x87,0x29,0x67,0x21,0x87,0x29,0x87,0x21,0x66,0x21,0x67,0x21,0x67,0x21,0x87,0x29,
    0x87,0x29,0x67,0x21,0x87,0x29,0x67,0x21,0x46,0x21,0x66,0x21,0x66,0x21,0x66,0x21,
    0x66,0x21,0x86,0x21,0x66,0x21,0x66,0x21,0x86,0x29,0x66,0x21,0x66,0x21,0x66,0x21,
    0x45,0x21,0x66,0x21,0x66,0x29,0x66,0x29,0x86,0x29,0x66,0x21,0x66,0x29,0x66,0x21,
    0x66,0x21,0x66,0x29,0x66,0x29,0x67,0x29,0x66,0x29,0x46,0x21,0x46,0x21,0x46,0x21,
    0xa3,0x10,0x62,0x08,0xa3,0x10,0xa3,0x08,0x82,0x08,0xc3,0x10,0x82,0x08,0xc3,0x10,
    0xa3,0x10,0xa3,0x10,0xa3,0x10,0x83,0x08,0xa3,0x10,0x83,0x08,0xc3,0x10,0xa3,0x10,
    0xa3,0x10,0xc3,0x10,0xc3,0x10,0xc4,0x10,0xa3,0x08,0xe4,0x10,0xa3,0x08,0xc3,0x10,
    0xa3,0x08,0xc3,0x10,0xa3,0x10,0xc4,0x10,0xc3,0x10,0xc3,0x10,0xe4,0x10,0xa3,0x08,
    0xe4,0x10,0xc3,0x10,0xe4,0x10,0xc4,0x10,0xe4,0x10,0xe4,0x10,0xc4,0x10,0xe4,0x10,
    0xe4,0x10,0xe4,0x10,0xe4,0x10,0x04,0x11,0xe4,0x10,0x25,0x19,0xe4,0x10,0x04,0x19,
    0xe4,0x10,0x04,0x19,0x05,0x19,0xe4,0x10,0x25,0x19,0x04,0x11,0x05,0x19,0xe4,0x10,
    0x25,0x19,0xe4,0x10,0x25,0x19,0x04,0x19,0x25,0x19,0x04,0x19,0x25,0x19,0x04,0x11,
    0x25,0x19,0x04,0x19,0x25,0x19,0x05,0x19,0x05,0x19,0x25,0x19,0x04,0x19,0x25,0x19,
    0x05,0x19,0x25,0x19,0x25,0x19,0x25,0x19,0x05,0x19,0x45,0x19,0x25,0x19,0x46,0x21,
    0x04,0x19,0x25,0x19,0x04,0x19,0x25,0x19,0x25,0x19,0x45,0x21,0x45,0x19,0x45,0x19,
    0x45,0x21,0x45,0x21,0x25,0x19,0x25,0x19,0x25,0x19,0x25,0x19,0x25,0x19,0x45,0x21,
    0x25,0x19,0x45,0x19,0x45,0x21,0x25,0x19,0x45,0x21,0x66,0x21,0x46,0x21,0x45,0x19,
    0x46,0x21,0x25,0x19,0x26,0x21,0x26,0x21,0x46,0x21,0x25,0x19,0x26,0x21,0x46,0x21,
    0x46,0x21,0x46,0x21,0x46,0x21,0x46,0x19,0x67,0x21,0x46,0x21,0x66,0x21,0x46,0x21,
    0x67,0x21,0x66,0x21,0x66,0x21,0x67,0x21,0x66,0x21,0x66,0x21,0x66,0x21,0x67,0x21,
    0x87,0x29,0x66,0x21,0x87,0x29,0x66,0x21,0x67,0x21,0x87,0x21,0x66,0x21,0x87,0x21,
    0x87,0x21,0x87,0x29,0x87,0x29,0x66,0x21,0x87,0x21,0x66,0x21,0x66,0x21,0x67,0x21,
    0x67,0x21,0x67,0x21,0x67,0x21,0x67,0x29,0x67,0x21,0x67,0x21,0x67,0x21,0x46,0x21,
    0x46,0x21,0x66,0x21,0x66,0x21,0x66,0x21,0x66,0x21,0x66,0x21,0x66,0x21,0x66,0x21,
    0x66,0x21,0x46,0x21,0x46,0x21,0x46,0x21,0x45,0x21,0x66,0x21,0x66,0x21,0x66,0x21,
    0x86,0x29,0x66,0x21,0x66,0x21,0x66,0x21,0x66,0x21,0x66,0x21,0x46,0x21,0x46,0x21,
    0x25,0x19,0x25,0x19,0x46,0x21,0x46,0x21,0xa3,0x10,0x62,0x08,0xa3,0x10,0xa3,0x08,
    0x82,0x08,0xc3,0x10,0x82,0x08,0xc3,0x10,0xa3,0x10,0xa3,0x10,0x83,0x10,0x82,0x08,
    0xa3,0x10,0x83,0x08,0xc3,0x10,0xa3,0x10,0xc3,0x10,0xc3,0x10,0xc3,0x10,0xc3,0x10,
    0xa3,0x08,0xe4,0x10,0xa3,0x08,0xc3,0x10,0xa3,0x10,0xa3,0x10,0xc3,0x10,0xc4,0x10,
    0xc4,0x10,0xc4,0x10,0xe4,0x18,0xa3,0x10,0xe4,0x18,0xc4,0x10,0xe4,0x10,0xc4,0x10,
    0xe4,0x10,0xe4,0x10,0xc4,0x10,0xe4,0x10,0xc4,0x10,0x04,0x11,0xe4,0x10,0x05,0x11,
    0xe4,0x10,0x05,0x19,0xe4,0x10,0x05,0x19,0xe4,0x10,0x04,0x19,0x05,0x19,0xe4,0x10,
    0x05,0x19,0xe4,0x10,0x05,0x19,0xe4,0x10,0x25,0x19,0xe4,0x10,0x25,0x19,0x05,0x19,
    0x25,0x19,0x04,0x11,0x25,0x19,0x04,0x11,0x25,0x19,0x05,0x19,0x25,0x19,0x05,0x19,
    0x05,0x19,0x25,0x19,0x05,0x19,0x25,0x19,0x05,0x19,0x25,0x19,0x05,0x19,0x25,0x19,
    0x05,0x19,0x46,0x19,0x25,0x19,0x46,0x21,0x04,0x19,0x25,0x19,0x04,0x19,0x25,0x19,
    0x25,0x19,0x45,0x19,0x45,0x19,0x45,0x19,0x45,0x19,0x45,0x19,0x25,0x19,0x25,0x19,
    0x25,0x19,0x25,0x19,0x25,0x19,0x45,0x21,0x25,0x19,0x45,0x19,0x45,0x21,0x25,0x19,
    0x45,0x21,0x46,0x21,0x45,0x21,0x25,0x19,0x46,0x21,0x26,0x21,0x26,0x21,0x26,0x21,
    0x46,0x21,0x26,0x21,0x26,0x21,0x26,0x21,0x66,0x21,0x46,0x21,0x46,0x21,0x25,0x19,
    0x67,0x21,0x46,0x21,0x66,0x21,0x46,0x21,0x66,0x21,0x66,0x21,0x66,0x21,0x66,0x21,
    0x66,0x21,0x66,0x21,0x66,0x21,0x66,0x21,0x87,0x21,0x66,0x21,0x87,0x29,0x66,0x21,
    0x67,0x21,0x87,0x21,0x66,0x21,0x87,0x21,0x66,0x21,0x66,0x21,0x87,0x21,0x66,0x21,
    0x87,0x21,0x87,0x21,0x67,0x21,0x66,0x21,0x46,0x21,0x66,0x21,0x67,0x21,0x67,0x21,
    0x66,0x21,0x66,0x21,0x67,0x21,0x66,0x21,0x66,0x21,0x66,0x21,0x66,0x21,0x66,0x21,
    0x46,0x21,0x25,0x19,0x46,0x21,0x25,0x19,0x25,0x19,0x25,0x21,0x46,0x21,0x25,0x21,
    0x25,0x19,0x25,0x19,0x25,0x19,0x05,0x19,0x04,0x19,0xe4,0x10,0xe4,0x10,0x05,0x19,
    0x05,0x19,0x05,0x19,0x25,0x19,0x05,0x19,0xa3,0x08,0xc4,0x10,0x25,0x19,0x25,0x19,
    0xa3,0x10,0x62,0x08,0xa3,0x10,0xa3,0x08,0x82,0x08,0xc3,0x10,0x82,0x08,0xa3,0x10,
    0xa3,0x10,0xa3,0x10,0xa3,0x10,0x82,0x08,0xc3,0x10,0x82,0x08,0xc3,0x10,0xa3,0x10,
    0xc3,0x10,0xc3,0x10,0xa3,0x10,0xc3,0x10,0xa3,0x08,0xe4,0x10,0xa3,0x10,0xc4,0x10,
    0xa3,0x10,0xc3,0x10,0xc3,0x10,0xe4,0x10,0xc4,0x10,0xc4,0x10,0xe4,0x10,0xc3,0x10,
    0xe4,0x18,0xc3,0x10,0xe4,0x10,0xe4,0x10,0xe4,0x10,0xe4,0x10,0xc4,0x10,0xe4,0x10,
    0xc4,0x10,0xe4,0x18,0xe4,0x10,0x04,0x19,0xe4,0x10,0x04,0x19,0xe4,0x10,0x05,0x19,
    0xe4,0x10,0x04,0x19,0x05,0x19,0xe4,0x10,0x05,0x19,0xe4,0x18,0x05,0x19,0xe4,0x10,
    0x25,0x19,0xe4,0x10,0x25,0x19,0x04,0x19,0x25,0x19,0x04,0x11,0x25,0x19,0x04,0x11,
    0x05,0x19,0x05,0x19,0x25,0x19,0x25,0x19,0x05,0x19,0x05,0x19,0x04,0x19,0x25,0x19,
    0x05,0x19,0x25,0x19,0x25,0x19,0x25,0x19,0x05,0x19,0x25,0x19,0x05,0x19,0x46,0x21,
    0x04,0x19,0x25,0x19,0x04,0x19,0x25,0x19,0x04,0x19,0x45,0x19,0x25,0x19,0x25,0x19,
    0x45,0x19,0x25,0x19,0x25,0x19,0x25,0x19,0x25,0x19,0x25,0x19,0x25,0x19,0x45,0x19,
    0x25,0x19,0x25,0x19,0x25,0x19,0x25,0x19,0x45,0x19,0x45,0x21,0x45,0x21,0x25,0x19,
    0x46,0x21,0x05,0x19,0x25,0x21,0x25,0x21,0x46,0x21,0x25,0x21,0x46,0x21,0x46,0x21,
    0x46,0x21,0x46,0x21,0x46,0x21,0x25,0x19,0x66,0x21,0x46,0x21,0x46,0x21,0x45,0x19,
    0x66,0x21,0x66,0x21,0x66,0x21,0x66,0x21,0x66,0x21,0x66,0x21,0x66,0x21,0x66,0x21,
    0x67,0x21,0x46,0x21,0x67,0x21,0x46,0x21,0x66,0x21,0x66,0x21,0x46,0x21,0x66,0x21,
    0x66,0x21,0x66,0x21,0x87,0x29,0x66,0x21,0x66,0x21,0x86,0x21,0x86,0x21,0x46,0x21,
    0x46,0x21,0x46,0x21,0x66,0x21,0x66,0x21,0x66,0x21,0x46,0x21,0x46,0x21,0x25,0x19,
    0x05,0x19,0x05,0x19,0x05,0x19,0x05,0x19,0x25,0x19,0xe4,0x18,0xe4,0x10,0xc4,0x10,
    0xa3,0x08,0xa3,0x08,0xa3,0x08,0xa3,0x08,0x83,0x08,0xa3,0x08,0x83,0x08,0x62,0x00,
    0x61,0x00,0x41,0x00,0x61,0x00,0x62,0x00,0x82,0x08,0x83,0x08,0x83,0x08,0x82,0x08,
    0x62,0x00,0x83,0x08,0xc4,0x10,0xe4,0x18,0xa3,0x10,0x62,0x08,0xa3,0x10,0xa3,0x08,
    0x82,0x08,0xc3,0x10,0x82,0x08,0xa3,0x10,0xa3,0x08,0xa3,0x10,0xa3,0x08,0x82,0x08,
    0xc3,0x10,0x82,0x08,0xc3,0x10,0xa3,0x10,0xa3,0x10,0xc3,0x10,0xa3,0x10,0xc3,0x10,
    0xa3,0x08,0xe4,0x10,0xa3,0x10,0xc4,0x10,0xa3,0x08,0xc3,0x10,0xa3,0x10,0xc4,0x10,
    0xc4,0x10,0xc4,0x10,0xe4,0x10,0xa3,0x10,0xe4,0x18,0xc4,0x10,0xe4,0x18,0xe4,0x10,
    0xe4,0x10,0xc4,0x10,0xc4,0x10,0xe4,0x10,0xc4,0x10,0xe4,0x18,0xc4,0x10,0xe4,0x18,
    0xc4,0x10,0x04,0x19,0xe4,0x10,0x05,0x19,0xe4,0x10,0x04,0x19,0x05,0x19,0xe4,0x10,
    0x25,0x19,0x04,0x19,0x05,0x19,0xe4,0x10,0x25,0x19,0xe4,0x10,0x25,0x19,0x04,0x19,
    0x25,0x19,0x04,0x11,0x25,0x19,0xe4,0x10,0x25,0x19,0x05,0x19,0x25,0x19,0x25,0x19,
    0x04,0x19,0x05,0x19,0x04,0x19,0x25,0x19,0x25,0x19,0x25,0x19,0x25,0x19,0x45,0x19,
    0x04,0x19,0x25,0x19,0x25,0x19,0x45,0x21,0x04,0x19,0x25,0x19,0x25,0x19,0x25,0x19,
    0x04,0x19,0x45,0x19,0x25,0x19,0x45,0x19,0x45,0x19,0x25,0x19,0x25,0x19,0x25,0x19,
    0x25,0x19,0x25,0x19,0x25,0x19,0x45,0x21,0x25,0x19,0x25,0x19,0x25,0x19,0x25,0x19,
    0x25,0x19,0x45,0x21,0x46,0x21,0x25,0x19,0x45,0x21,0x25,0x19,0x45,0x21,0x45,0x21,
    0x45,0x21,0x25,0x19,0x45,0x21,0x45,0x21,0x46,0x21,0x46,0x21,0x46,0x21,0x45,0x19,
    0x66,0x21,0x46,0x21,0x46,0x21,0x25,0x19,0x66,0x21,0x46,0x21,0x46,0x21,0x66,0x21,
    0x46,0x21,0x46,0x21,0x46,0x21,0x66,0x21,0x66,0x21,0x46,0x21,0x66,0x21,0x46,0x21,
    0x46,0x21,0x46,0x21,0x46,0x19,0x46,0x21,0x25,0x19,0x25,0x19,0x45,0x19,0x45,0x19,
    0x46,0x21,0x45,0x19,0x45,0x19,0x25,0x19,0x05,0x19,0x25,0x19,0x25,0x19,0x05,0x19,
    0x25,0x19,0x05,0x19,0xe4,0x10,0xa3,0x08,0x62,0x00,0x62,0x00,0x82,0x08,0x83,0x08,
    0xa3,0x08,0xa3,0x08,0xa3,0x08,0xa3,0x08,0x83,0x08,0x83,0x08,0xa3,0x08,0xa3,0x08,
    0xa3,0x08,0xa3,0x08,0xa3,0x08,0xa3,0x08,0x82,0x08,0x62,0x00,0x62,0x00,0x82,0x08,
    0x82,0x08,0x82,0x08,0x82,0x08,0x62,0x00,0x62,0x08,0xa3,0x10,0xc4,0x10,0xc3,0x10,
    0xa3,0x10,0x62,0x08,0xa3,0x10,0xa3,0x08,0x82,0x08,0xc3,0x10,0x82,0x08,0xa3,0x10,
    0xa3,0x08,0xa3,0x10,0xa3,0x08,0x82,0x08,0xc3,0x10,0x82,0x08,0xc3,0x10,0xa3,0x10,
    0xa3,0x10,0xc3,0x10,0xa3,0x10,0xc3,0x10,0xa3,0x08,0xe4,0x10,0xa3,0x10,0xc4,0x10,
    0xa3,0x10,0xc3,0x10,0xa3,0x10,0xc4,0x10,0xc4,0x10,0xc4,0x10,0xe4,0x10,0xa3,0x08,
    0xe4,0x10,0xc3,0x10,0xe4,0x10,0xe4,0x10,0xe4,0x10,0xc4,0x10,0xc4,0x10,0xe4,0x10,
    0xc4,0x10,0xe4,0x10,0xc4,0x10,0xe4,0x10,0xc4,0x10,0x04,0x19,0xe4,0x10,0x05,0x19,
    0xe4,0x10,0x04,0x19,0x05,0x19,0xe4,0x10,0x05,0x19,0x04,0x19,0x05,0x19,0xe4,0x18,
    0x05,0x19,0xe4,0x10,0x25,0x19,0x04,0x19,0x25,0x19,0xe4,0x10,0x25,0x19,0xe4,0x10,
    0x25,0x19,0x05,0x19,0x25,0x19,0x25,0x19,0xe4,0x18,0x04,0x19,0xe4,0x18,0x25,0x19,
    0x25,0x19,0x25,0x19,0x25,0x19,0x45,0x19,0x04,0x11,0x25,0x19,0x25,0x19,0x45,0x19,
    0x04,0x11,0x25,0x19,0x04,0x19,0x25,0x19,0x04,0x19,0x25,0x19,0x25,0x19,0x45,0x19,
    0x25,0x19,0x25,0x19,0x25,0x19,0x25,0x19,0x45,0x19,0x25,0x19,0x25,0x19,0x45,0x19,
    0x25,0x19,0x45,0x19,0x25,0x19,0x25,0x19,0x25,0x19,0x45,0x21,0x45,0x21,0x25,0x19,
    0x45,0x21,0x25,0x19,0x25,0x21,0x25,0x21,0x25,0x19,0x25,0x19,0x45,0x21,0x46,0x21,
    0x46,0x21,0x25,0x19,0x46,0x21,0x45,0x19,0x46,0x21,0x25,0x19,0x25,0x19,0x25,0x19,
    0x45,0x19,0x45,0x19,0x46,0x21,0x46,0x21,0x25,0x19,0x25,0x19,0x25,0x19,0x45,0x19,
    0x46,0x19,0x46,0x19,0x46,0x19,0x25,0x19,0x25,0x19,0x25,0x19,0x05,0x11,0x05,0x11,
    0xe4,0x10,0x04,0x11,0x05,0x19,0x05,0x19,0x05,0x19,0xe4,0x10,0x04,0x11,0xe4,0x10,
    0xe4,0x10,0xe4,0x10,0xe4,0x10,0xe4,0x10,0xe4,0x10,0xe4,0x10,0xc4,0x10,0xa3,0x08,
    0x62,0x08,0x82,0x08,0xa3,0x08,0xa3,0x08,0xa3,0x08,0xc4,0x10,0xc4,0x10,0xe4,0x10,
    0xe4,0x10,0xe4,0x10,0xc4,0x10,0xc4,0x10,0xe4,0x10,0xc4,0x10,0xc4,0x10,0xe4,0x10,
    0xc3,0x10,0xc3,0x10,0xc3,0x10,0xa3,0x10,0xa3,0x08,0xa3,0x08,0xa3,0x08,0xa3,0x08,
    0xa3,0x08,0xc3,0x10,0xa3,0x10,0x83,0x08,0xa3,0x10,0x62,0x08,0xa3,0x10,0xa3,0x08,
    0x82,0x08,0xc3,0x10,0x82,0x08,0xa3,0x10,0xa3,0x08,0xa3,0x10,0xa3,0x10,0x82,0x08,
    0xc3,0x10,0x82,0x08,0xc3,0x10,0xa3,0x10,0xc3,0x10,0xc3,0x10,0xa3,0x10,0xa3,0x10,
    0xa3,0x10,0xe4,0x10,0xa3,0x10,0xc4,0x10,0xc3,0x10,0xc4,0x10,0xc3,0x10,0xe4,0x10,
    0xc4,0x10,0xc3,0x10,0xe4,0x10,0xa3,0x10,0xe4,0x10,0xc3,0x10,0xe4,0x10,0xc4,0x10,
    0xe4,0x10,0xc4,0x10,0xc4,0x10,0xe4,0x10,0xc4,0x10,0xe4,0x10,0xc4,0x10,0xe4,0x10,
    0xc4,0x10,0x04,0x19,0xe4,0x10,0x04,0x19,0xe4,0x18,0x04,0x19,0x04,0x19,0xe4,0x10,
    0x05,0x19,0x04,0x19,0x04,0x19,0xe4,0x10,0x05,0x19,0xe4,0x10,0x25,0x19,0x04,0x11,
    0x25,0x19,0xe4,0x10,0x25,0x19,0x04,0x11,0x05,0x19,0x05,0x19,0x25,0x19,0x05,0x19,
    0x05,0x19,0x05,0x19,0xe4,0x18,0x25,0x19,0x24,0x19,0x25,0x19,0x25,0x19,0x45,0x19,
    0x04,0x11,0x45,0x19,0x24,0x19,0x25,0x19,0x04,0x11,0x25,0x19,0x04,0x11,0x25,0x19,
    0x04,0x11,0x25,0x19,0x25,0x11,0x25,0x19,0x25,0x19,0x25,0x19,0x25,0x19,0x25,0x19,
    0x25,0x19,0x25,0x19,0x05,0x19,0x25,0x19,0x25,0x19,0x45,0x19,0x25,0x19,0x25,0x19,
    0x25,0x19,0x25,0x19,0x25,0x19,0x25,0x19,0x25,0x19,0x25,0x19,0x25,0x19,0x25,0x19,
    0x25,0x19,0x04,0x19,0x25,0x19,0x25,0x19,0x05,0x19,0x05,0x19,0x25,0x19,0x25,0x19,
    0x25,0x19,0x05,0x19,0x05,0x19,0x04,0x11,0x05,0x19,0x05,0x19,0x25,0x19,0x25,0x19,
    0x05,0x19,0x05,0x19,0x05,0x19,0x05,0x19,0x05,0x19,0x05,0x19,0x05,0x19,0x04,0x11,
    0x05,0x11,0x04,0x11,0xe4,0x10,0xe4,0x10,0xc4,0x10,0xe4,0x10,0x05,0x19,0xe4,0x10,
    0x05,0x19,0xe4,0x10,0x04,0x11,0xe4,0x10,0xe4,0x10,0xe4,0x10,0xe4,0x10,0xe4,0x10,
    0xe4,0x10,0xe4,0x10,0xe4,0x10,0xc4,0x10,0xc3,0x10,0xe4,0x18,0x05,0x19,0xe4,0x18,
    0xa3,0x10,0xc4,0x10,0xc4,0x10,0xe4,0x10,0xc4,0x10,0xc4,0x10,0xc4,0x10,0xc4,0x10,
    0xc4,0x10,0xc3,0x10,0xc3,0x10,0xc3,0x10,0xc3,0x10,0xc3,0x10,0xc3,0x10,0xa3,0x10,
    0xa3,0x10,0xc4,0x10,0xc4,0x10,0xa3,0x10,0xa3,0x10,0xc4,0x10,0xa3,0x10,0xa3,0x10,
    0xa3,0x10,0x62,0x08,0xa3,0x10,0x82,0x08,0x82,0x08,0xa3,0x10,0x62,0x08,0xa3,0x10,
    0x82,0x08,0xa3,0x10,0xa3,0x08,0x82,0x08,0xc3,0x10,0x82,0x08,0xc3,0x10,0xa3,0x10,
    0xa3,0x10,0xc3,0x10,0xa3,0x10,0xc3,0x10,0xa3,0x10,0xe4,0x10,0xa3,0x10,0xc4,0x10,
    0xc3,0x10,0xc4,0x10,0xc3,0x10,0xe4,0x10,0xe4,0x10,0xc3,0x10,0xc4,0x10,0xa3,0x10,
    0xe4,0x10,0xa3,0x08,0xe4,0x10,0xc4,0x10,0xc4,0x10,0xc4,0x10,0xc4,0x10,0xe4,0x10,
    0xc3,0x10,0xe4,0x18,0xc4,0x10,0xe4,0x18,0xc3,0x10,0x04,0x19,0xe4,0x10,0x05,0x19,
    0xe4,0x18,0xe4,0x18,0x04,0x19,0xe4,0x10,0x04,0x19,0x04,0x19,0x04,0x19,0xe4,0x10,
    0x05,0x19,0xe4,0x10,0x05,0x19,0x04,0x11,0x25,0x19,0xe4,0x10,0x25,0x19,0x04,0x11,
    0x05,0x19,0x05,0x19,0x05,0x19,0x04,0x19,0x05,0x19,0x05,0x19,0x04,0x19,0x25,0x19,
    0x04,0x19,0x24,0x19,0x04,0x19,0x25,0x19,0x04,0x11,0x45,0x19,0x24,0x19,0x25,0x19,
    0x04,0x11,0x25,0x19,0x04,0x11,0x25,0x19,0xe4,0x10,0x04,0x19,0x04,0x11,0x25,0x19,
    0x04,0x19,0x04,0x19,0xe4,0x10,0xe4,0x10,0x04,0x19,0x04,0x11,0xe4,0x10,0xe4,0x10,
    0xe4,0x10,0xe4,0x10,0xe4,0x10,0xe4,0x10,0xe4,0x10,0xe4,0x10,0x04,0x11,0xe4,0x10,
    0xe4,0x10,0xe4,0x10,0xe4,0x10,0xe4,0x10,0xe4,0x10,0xc4,0x10,0xe4,0x10,0xe4,0x10,
    0xc4,0x10,0xc4,0x10,0xc4,0x10,0xc4,0x10,0xe4,0x10,0xe4,0x10,0xe4,0x10,0xe4,0x10,
    0xc4,0x10,0xe4,0x10,0xe4,0x10,0xe4,0x10,0xe4,0x10,0xe4,0x10,0xe4,0x10,0xe4,0x10,
    0xe4,0x10,0xc4,0x10,0xe4,0x10,0xc4,0x10,0xe4,0x10,0xe4,0x10,0xc4,0x10,0xe4,0x10,
    0xc4,0x10,0xe4,0x10,0xe4,0x10,0xe4,0x10,0x05,0x19,0xe4,0x10,0x04,0x11,0xe4,0x10,
    0xe4,0x10,0xe4,0x10,0xe4,0x10,0xc4,0x10,0xe4,0x10,0xc4,0x10,0xc4,0x10,0xe4,0x10,
    0xc4,0x10,0xe4,0x18,0x05,0x19,0x05,0x19,0xe4,0x18,0xe4,0x18,0xc4,0x10,0xc4,0x10,
    0xc3,0x10,0xc3,0x10,0xc4,0x10,0xc4,0x10,0xc4,0x10,0xc3,0x10,0xc3,0x10,0xc3,0x10,
    0xc3,0x10,0xc3,0x10,0xc3,0x10,0xc4,0x10,0xc4,0x10,0xc4,0x10,0xc4,0x10,0xc4,0x10,
    0xc3,0x10,0xc3,0x10,0xc3,0x10,0xc3,0x10,0x82,0x08,0x62,0x08,0xa3,0x10,0x82,0x08,
    0x82,0x08,0xa3,0x10,0x82,0x08,0xa3,0x10,0x82,0x08,0xa3,0x10,0xa3,0x08,0xa3,0x08,
    0xa3,0x10,0x82,0x08,0xc3,0x10,0xa3,0x08,0xa3,0x08,0xa3,0x10,0xa3,0x10,0xc3,0x10,
    0x83,0x08,0xc4,0x10,0xa3,0x10,0xc3,0x10,0xa3,0x10,0xe4,0x10,0xa3,0x10,0xc4,0x10,
    0xc4,0x10,0xc3,0x10,0xc4,0x10,0xa3,0x10,0xe4,0x10,0xc3,0x10,0xe4,0x10,0xc4,0x10,
    0xc4,0x10,0xc4,0x10,0xc4,0x10,0xe4,0x10,0xc4,0x10,0xe4,0x18,0xc4,0x10,0xe4,0x18,
    0xc3,0x10,0x04,0x19,0xe4,0x18,0x04,0x19,0xe4,0x10,0xc4,0x10,0x04,0x19,0xe4,0x18,
    0x04,0x19,0x04,0x19,0x04,0x19,0xe4,0x10,0x04,0x19,0xe4,0x10,0x05,0x19,0xe4,0x18,
    0x05,0x19,0x04,0x19,0x04,0x19,0xe4,0x10,0x04,0x19,0x04,0x19,0x04,0x19,0x04,0x19,
    0xe4,0x18,0xe4,0x10,0xe4,0x10,0xe4,0x10,0xe4,0x10,0xe4,0x10,0xe4,0x10,0xe4,0x10,
    0xe4,0x10,0x04,0x11,0xe4,0x10,0xe4,0x10,0xe4,0x10,0xe4,0x10,0xe4,0x10,0xe4,0x10,
    0xc3,0x08,0xe4,0x10,0xe4,0x10,0xe4,0x10,0xe4,0x10,0xc3,0x10,0xc3,0x08,0xc3,0x08,
    0xc4,0x10,0xc3,0x10,0xc3,0x08,0xc3,0x10,0xc3,0x10,0xe4,0x10,0xc4,0x10,0xc3,0x10,
    0xc3,0x10,0xc3,0x10,0xc3,0x10,0xc3,0x08,0xc3,0x10,0xc3,0x10,0xc3,0x10,0xc3,0x10,
    0xc4,0x10,0xc3,0x10,0xc3,0x10,0xe4,0x10,0xc4,0x10,0xc4,0x10,0xc4,0x10,0xc4,0x10,
    0xc4,0x10,0xc4,0x10,0xc4,0x10,0xc4,0x10,0xc4,0x10,0xc4,0x10,0xc4,0x10,0xe4,0x10,
    0xc4,0x10,0xe4,0x10,0xe4,0x10,0xe4,0x10,0xe4,0x10,0xc4,0x10,0xc4,0x10,0xc4,0x10,
    0xa4,0x10,0xc4,0x10,0xc4,0x10,0xe4,0x10,0xc4,0x10,0xc4,0x10,0xe4,0x10,0xe4,0x10,
    0xe4,0x10,0xe4,0x10,0xe4,0x10,0xe4,0x10,0xc4,0x10,0xe4,0x10,0xe4,0x10,0xc4,0x10,
    0xe4,0x10,0xc4,0x10,0xc3,0x10,0xc4,0x10,0xc4,0x10,0xc3,0x10,0xc4,0x10,0xe4,0x18,
    0xe4,0x10,0xe4,0x10,0xc4,0x10,0xc4,0x10,0xc3,0x10,0xc3,0x10,0xc3,0x10,0xc3,0x10,
    0xc3,0x10,0xa3,0x10,0xc3,0x10,0xc3,0x10,0xc3,0x10,0xa3,0x10,0xc3,0x10,0xe4,0x10,
    0xe4,0x10,0xa3,0x10,0xc4,0x10,0xc4,0x10,0xe4,0x10,0xe4,0x10,0xe4,0x10,0xe4,0x10,
    0x82,0x08,0x62,0x08,0x82,0x08,0x82,0x08,0x82,0x08,0xa3,0x10,0x82,0x08,0x82,0x08,
    0x82,0x08,0xa3,0x08,0xa3,0x08,0xa3,0x08,0xa3,0x10,0x82,0x08,0xa3,0x10,0x82,0x08,
    0xa3,0x08,0xa3,0x10,0xa3,0x10,0xc3,0x10,0x83,0x08,0xc3,0x10,0xa3,0x10,0xc3,0x10,
    0xa3,0x10,0xe4,0x10,0xa3,0x10,0xc4,0x10,0xc3,0x10,0xc4,0x10,0xe4,0x10,0xc4,0x10,
    0xe4,0x10,0xc3,0x10,0xe4,0x10,0xc4,0x10,0xc3,0x10,0xc4,0x10,0xc3,0x10,0xc4,0x10,
    0xc3,0x10,0xc3,0x10,0xc4,0x10,0xc3,0x10,0xa3,0x10,0xe4,0x10,0xc4,0x10,0xc4,0x10,
    0xc4,0x10,0xa3,0x08,0xc4,0x10,0xc3,0x10,0xc3,0x10,0xc3,0x10,0xc3,0x10,0xa3,0x10,
    0xc3,0x10,0xa3,0x08,0xc4,0x10,0xa3,0x10,0xc3,0x10,0xc4,0x10,0xc3,0x10,0xa3,0x10,
    0xc3,0x10,0xc3,0x10,0xc4,0x10,0xc3,0x10,0xc3,0x10,0xc3,0x10,0xa3,0x10,0xa3,0x08,
    0xc3,0x08,0xc3,0x08,0xc3,0x08,0xc3,0x08,0xc3,0x08,0xc3,0x10,0xc3,0x08,0xc3,0x10,
    0xc3,0x10,0xc3,0x10,0xc3,0x10,0xc3,0x10,0xa3,0x08,0xc3,0x10,0xc3,0x10,0xc3,0x10,
    0xc3,0x10,0xc3,0x10,0xc3,0x10,0xc3,0x10,0xc3,0x10,0xc4,0x10,0xc3,0x10,0xc4,0x10,
    0xc3,0x10,0xc4,0x10,0xc4,0x10,0xc4,0x10,0xc3,0x10,0xc3,0x10,0xc3,0x10,0xc3,0x08,
    0xc3,0x08,0xc3,0x10,0xc3,0x10,0xc3,0x10,0xc3,0x10,0xc3,0x10,0xc4,0x10,0xe4,0x10,
    0xc4,0x10,0xc4,0x10,0xe4,0x10,0xe4,0x10,0xe4,0x10,0xe4,0x10,0xe4,0x10,0xc4,0x10,
    0xe4,0x10,0xe4,0x10,0xe4,0x10,0xe4,0x10,0xe4,0x10,0xe4,0x10,0xe4,0x10,0xe4,0x10,
    0xe4,0x10,0xe4,0x10,0xc4,0x10,0xc4,0x10,0xc4,0x10,0xc4,0x10,0xc4,0x10,0xc4,0x10,
    0xc4,0x10,0xc4,0x10,0xc4,0x10,0xc4,0x10,0xc4,0x10,0xc4,0x10,0xc4,0x10,0xc4,0x10,
    0xc3,0x10,0xc3,0x10,0xc3,0x10,0xc4,0x10,0xc3,0x10,0xc3,0x10,0xc4,0x10,0xc4,0x10,
    0xc4,0x10,0xc4,0x10,0xe4,0x10,0xe4,0x10,0x04,0x19,0x04,0x19,0x25,0x19,0x25,0x21,
    0x45,0x21,0x46,0x21,0x46,0x21,0x66,0x21,0x66,0x21,0x66,0x29,0x86,0x29,0x86,0x29,
    0x66,0x29,0x87,0x29,0x87,0x29,0x87,0x29,0x46,0x21,0xe4,0x18,0x46,0x21,0x66,0x21,
    0x66,0x29,0x66,0x29,0x66,0x21,0x46,0x21,0x82,0x08,0x62,0x08,0x82,0x08,0x82,0x08,
    0x82,0x08,0x82,0x08,0x82,0x08,0x82,0x08,0x82,0x08,0xa3,0x08,0x82,0x08,0x82,0x08,
    0xa3,0x10,0x82,0x08,0xa3,0x10,0x82,0x08,0xa3,0x08,0xa3,0x08,0xa3,0x10,0xc3,0x10,
    0x83,0x08,0xa3,0x10,0xa3,0x10,0xa3,0x10,0xa3,0x10,0xc3,0x10,0xa3,0x10,0xa3,0x10,
    0xc3,0x10,0xc3,0x10,0xc3,0x10,0xa3,0x10,0xc3,0x10,0xa3,0x08,0xa3,0x10,0xa3,0x08,
    0xa3,0x08,0xa3,0x08,0xa3,0x08,0xa3,0x08,0xa3,0x10,0xa3,0x08,0xa3,0x10,0xa3,0x08,
    0x82,0x08,0xa3,0x08,0xa3,0x08,0xa3,0x08,0xa3,0x08,0xa3,0x08,0xa3,0x08,0x83,0x08,
    0xa3,0x08,0xa3,0x08,0x83,0x08,0x83,0x08,0x83,0x08,0x83,0x08,0xa3,0x08,0xa3,0x08,
    0x83,0x08,0x83,0x08,0x83,0x08,0xa3,0x08,0xa3,0x08,0xc3,0x10,0xa3,0x10,0xa3,0x08,
    0xa3,0x08,0xa3,0x08,0xa3,0x08,0xa3,0x08,0xa3,0x08,0xa3,0x08,0xa3,0x08,0xa3,0x08,
    0xc4,0x10,0xc4,0x10,0xc4,0x10,0xc4,0x10,0xc3,0x10,0xa3,0x10,0xc3,0x10,0xa3,0x10,
    0xa3,0x10,0xc3,0x10,0xc3,0x10,0xc3,0x10,0xc3,0x10,0xc3,0x10,0xc3,0x10,0xc3,0x10,
    0xc3,0x10,0xc3,0x10,0xe4,0x10,0xe4,0x10,0xc4,0x10,0xc4,0x10,0xc3,0x10,0xc3,0x10,
    0xc3,0x10,0xc4,0x10,0xc3,0x10,0xc3,0x10,0xc3,0x10,0xc4,0x10,0xc4,0x10,0xc4,0x10,
    0xc4,0x10,0xc4,0x10,0xc4,0x10,0xc3,0x10,0xc4,0x10,0xc4,0x10,0xc4,0x10,0xc4,0x10,
    0xc4,0x10,0xc4,0x10,0xc4,0x10,0xc4,0x10,0xc4,0x10,0xc4,0x10,0xc4,0x10,0xc4,0x10,
    0xc4,0x10,0xc4,0x10,0xc4,0x10,0xc4,0x10,0xc4,0x10,0xc4,0x10,0xc3,0x08,0xc3,0x08,
    0xc4,0x10,0xc4,0x10,0xe4,0x10,0xe4,0x10,0xe4,0x10,0xe4,0x10,0xe4,0x10,0x04,0x11,
    0x05,0x19,0x05,0x19,0x05,0x19,0x25,0x19,0x25,0x19,0x25,0x19,0x25,0x19,0x25,0x21,
    0x45,0x21,0x46,0x21,0x66,0x21,0x66,0x21,0x66,0x29,0x86,0x29,0x87,0x29,0xa7,0x29,
    0xa7,0x29,0xa7,0x29,0xa7,0x29,0x87,0x29,0x87,0x29,0x87,0x29,0x86,0x29,0x66,0x29,
    0x66,0x21,0x66,0x21,0x45,0x21,0x45,0x21,0x25,0x21,0x25,0x19,0x25,0x19,0x25,0x19,
    0xe4,0x18,0xa3,0x10,0xe4,0x10,0xe4,0x10,0xc4,0x10,0xc4,0x10,0xc3,0x10,0xc3,0x10,
    0x62,0x08,0x42,0x08,0x62,0x08,0x62,0x08,0x62,0x08,0x62,0x08,0x62,0x08,0x62,0x08,
    0x62,0x08,0x62,0x08,0x62,0x08,0x62,0x08,0x62,0x08,0x62,0x08,0x82,0x08,0x82,0x08,
    0x82,0x08,0x82,0x08,0x82,0x08,0x82,0x08,0x82,0x08,0x83,0x08,0x83,0x08,0x83,0x08,
    0x62,0x08,0x82,0x08,0x82,0x08,0x82,0x08,0x82,0x08,0x82,0x08,0x82,0x08,0x62,0x08,
    0x83,0x08,0x82,0x08,0x82,0x08,0x82,0x08,0x83,0x08,0x83,0x08,0x83,0x08,0x83,0x08,
    0x83,0x08,0x83,0x08,0x82,0x08,0x82,0x08,0x82,0x08,0x82,0x08,0x83,0x08,0x83,0x08,
    0x83,0x08,0x82,0x08,0x82,0x08,0x83,0x08,0xa3,0x08,0xa3,0x08,0xa3,0x08,0xa3,0x08,
    0x83,0x08,0x83,0x08,0xa3,0x10,0xa3,0x08,0xa3,0x08,0xa3,0x08,0xa3,0x08,0xa3,0x08,
    0xa3,0x08,0xa3,0x10,0xa3,0x10,0xa3,0x08,0xa3,0x10,0xa3,0x10,0xa3,0x10,0xa3,0x10,
    0xa3,0x10,0xa3,0x10,0xa3,0x10,0xa3,0x10,0xa3,0x10,0xa3,0x10,0xa3,0x10,0xa3,0x10,
    0xc3,0x10,0xc3,0x10,0xc3,0x10,0xc3,0x10,0xc3,0x10,0xa3,0x10,0xc4,0x10,0xc4,0x10,
    0xc3,0x10,0xc3,0x10,0xc3,0x10,0xc3,0x10,0xc3,0x10,0xc3,0x10,0xc3,0x10,0xc3,0x10,
    0xa3,0x10,0xa3,0x10,0xa3,0x08,0xa3,0x08,0xc3,0x10,0xc3,0x10,0xa3,0x10,0xa3,0x08,
    0xa3,0x08,0xa3,0x08,0xa3,0x10,0xa3,0x10,0xa3,0x08,0xa3,0x08,0xa3,0x08,0xa3,0x08,
    0xa3,0x10,0xa3,0x10,0xa3,0x10,0xa3,0x10,0xc4,0x10,0xc4,0x10,0xe4,0x10,0xe4,0x10,
    0xc4,0x10,0xc4,0x10,0xe4,0x10,0xe4,0x10,0xe4,0x10,0x04,0x11,0x04,0x11,0x04,0x11,
    0x25,0x19,0x25,0x19,0x25,0x19,0x25,0x19,0x25,0x19,0x25,0x19,0x25,0x19,0x25,0x19,
    0x05,0x19,0x05,0x19,0x25,0x19,0x25,0x19,0x25,0x19,0x25,0x19,0x25,0x19,0x25,0x19,
    0x25,0x19,0x25,0x19,0x25,0x19,0x25,0x19,0x25,0x21,0x25,0x19,0x25,0x19,0x25,0x19,
    0x25,0x19,0x04,0x19,0x04,0x19,0x04,0x19,0x04,0x19,0xe4,0x18,0xe4,0x18,0xc3,0x10,
    0xc3,0x10,0xc3,0x10,0xc3,0x10,0xa3,0x08,0xa3,0x08,0xa3,0x08,0xa3,0x08,0xa3,0x08,
    0xa3,0x10,0xa3,0x10,0xa3,0x10,0xc3,0x10,0xa3,0x08,0x82,0x08,0xa3,0x10,0xa3,0x10,
    0xa3,0x10,0xa3,0x10,0xa3,0x10,0xa3,0x10,0x41,0x08,0x41,0x08,0x41,0x08,0x41,0x08,
    0x41,0x08,0x41,0x08,0x41,0x08,0x41,0x08,0x41,0x00,0x62,0x08,0x41,0x00,0x62,0x08,
    0x61,0x08,0x61,0x08,0x62,0x08,0x62,0x08,0x62,0x08,0x62,0x08,0x62,0x08,0x62,0x08,
    0x62,0x08,0x62,0x08,0x62,0x08,0x62,0x08,0x62,0x08,0x62,0x08,0x62,0x08,0x62,0x08,
    0x62,0x08,0x62,0x08,0x62,0x08,0x62,0x08,0x82,0x08,0x82,0x08,0x82,0x08,0x82,0x08,
    0x82,0x08,0x82,0x08,0x82,0x08,0x82,0x08,0x83,0x08,0x83,0x08,0x82,0x08,0x82,0x08,
    0x83,0x08,0x83,0x08,0x83,0x08,0x83,0x08,0x83,0x08,0x83,0x08,0x83,0x08,0x83,0x08,
    0x82,0x08,0x83,0x08,0xa3,0x08,0xa3,0x08,0xa3,0x08,0x83,0x08,0xa3,0x10,0xa3,0x10,
    0xa3,0x08,0xa3,0x08,0xa3,0x08,0xa3,0x08,0xa3,0x08,0xa3,0x10,0xa3,0x10,0xa3,0x08,
    0xa3,0x10,0xa3,0x10,0xa3,0x10,0xa3,0x10,0xa3,0x10,0xa3,0x10,0xa3,0x10,0xa3,0x10,
    0xc3,0x10,0xc3,0x10,0xc3,0x10,0xc3,0x10,0xc3,0x10,0xc3,0x10,0xc3,0x10,0xc3,0x10,
    0xa3,0x08,0xa3,0x08,0xa3,0x10,0xa3,0x10,0xa3,0x10,0xa3,0x10,0xa3,0x08,0xa3,0x08,
    0xa3,0x08,0xa3,0x08,0xa3,0x08,0xa3,0x08,0xa3,0x08,0xa3,0x08,0xa3,0x08,0xa3,0x08,
    0xa3,0x10,0xa3,0x10,0xc3,0x10,0xc3,0x10,0xc3,0x10,0xc3,0x10,0xc4,0x10,0xc4,0x10,
    0xc4,0x10,0xe4,0x10,0xe4,0x10,0xe4,0x10,0xe4,0x18,0xe4,0x18,0xe4,0x18,0xe4,0x18,
    0xe4,0x10,0x04,0x11,0x04,0x11,0x05,0x11,0x04,0x11,0xe4,0x10,0xe4,0x10,0xe4,0x10,
    0x04,0x11,0x04,0x11,0x04,0x11,0x04,0x11,0x05,0x11,0x05,0x11,0x05,0x11,0x05,0x11,
    0xe4,0x10,0xe4,0x10,0xe4,0x10,0xe4,0x10,0xc4,0x10,0xc4,0x10,0xc4,0x10,0xc4,0x10,
    0xc4,0x10,0xc4,0x10,0xc4,0x10,0xc4,0x10,0xa3,0x08,0xa3,0x08,0xa3,0x08,0xa3,0x08,
    0xa3,0x08,0xa3,0x08,0xa3,0x08,0xa3,0x08,0xa3,0x10,0xa3,0x10,0xc3,0x10,0xc3,0x10,
    0xa3,0x10,0xa3,0x10,0xa3,0x10,0xa3,0x10,0xc3,0x10,0xc3,0x10,0xc3,0x10,0xc3,0x10,
    0xc3,0x10,0xc3,0x10,0xc3,0x10,0xc3,0x10,0xc3,0x10,0xc4,0x10,0xc3,0x10,0xc3,0x10,
    0xa3,0x10,0x82,0x08,0xa3,0x10,0xc3,0x10,0xc3,0x10,0xc3,0x10,0xa3,0x10,0xa3,0x10,
    0x21,0x00,0x21,0x00,0x21,0x00,0x21,0x00,0x41,0x00,0x41,0x00,0x41,0x00,0x41,0x00,
    0x41,0x00,0x41,0x00,0x41,0x00,0x61,0x08,0x61,0x08,0x61,0x08,0x62,0x08,0x62,0x08,
    0x61,0x08,0x61,0x08,0x62,0x08,0x62,0x08,0x62,0x08,0x62,0x08,0x62,0x08,0x62,0x08,
    0x62,0x08,0x62,0x08,0x62,0x08,0x62,0x08,0x62,0x08,0x62,0x08,0x62,0x08,0x62,0x08,
    0x82,0x08,0x82,0x08,0x82,0x08,0x82,0x08,0x82,0x08,0x82,0x08,0x82,0x08,0x82,0x08,
    0x82,0x08,0x82,0x08,0x82,0x08,0x82,0x08,0x82,0x08,0x82,0x08,0x82,0x08,0x82,0x08,
    0x83,0x08,0x83,0x08,0x83,0x08,0x83,0x08,0x83,0x08,0x83,0x08,0x83,0x08,0x83,0x08,
    0xa3,0x08,0xa3,0x08,0xa3,0x08,0xa3,0x08,0x83,0x08,0x83,0x08,0x83,0x08,0x83,0x08,
    0x83,0x08,0x83,0x08,0xa3,0x08,0xa3,0x08,0xa3,0x08,0xa3,0x08,0xa3,0x08,0xa3,0x08,
    0x83,0x08,0x83,0x08,0x83,0x08,0x83,0x08,0x83,0x08,0x83,0x08,0x83,0x08,0x83,0x08,
    0x83,0x08,0x83,0x08,0xa3,0x08,0xa3,0x08,0x83,0x08,0x83,0x08,0x83,0x08,0xa3,0x08,
    0xa3,0x08,0xa3,0x08,0xa3,0x08,0xa3,0x08,0xa3,0x10,0xa3,0x10,0xc3,0x10,0xc3,0x10,
    0xc4,0x10,0xc4,0x10,0xe4,0x10,0xe4,0x10,0xe4,0x10,0xe4,0x10,0xe4,0x10,0xe4,0x10,
    0xc4,0x10,0xc4,0x10,0xc4,0x10,0xc4,0x10,0xc4,0x10,0xc4,0x10,0xc3,0x10,0xc3,0x10,
    0xa4,0x10,0xa4,0x10,0xc4,0x10,0xc4,0x10,0xc4,0x10,0xc4,0x10,0xc4,0x10,0xc4,0x10,
    0xc4,0x10,0xc4,0x10,0xc3,0x08,0xa3,0x08,0xa3,0x08,0xa3,0x08,0xa3,0x08,0xa3,0x08,
    0xa3,0x08,0xa3,0x08,0xa3,0x08,0xa3,0x08,0xc4,0x08,0xa4,0x08,0xa4,0x08,0xa4,0x08,
    0xa3,0x08,0xa3,0x08,0xa3,0x08,0xa3,0x08,0xc4,0x10,0xc4,0x10,0xc4,0x10,0xc4,0x10,
    0xa3,0x10,0xa3,0x10,0xc3,0x10,0xc4,0x10,0xc4,0x10,0xc3,0x10,0xc3,0x10,0xc3,0x10,
    0xc3,0x10,0xc3,0x10,0xc3,0x10,0xc3,0x10,0xc3,0x10,0xc3,0x10,0xc3,0x10,0xc3,0x10,
    0xc3,0x10,0xc3,0x10,0xc3,0x10,0xc3,0x10,0xc3,0x10,0xc3,0x10,0xc3,0x10,0xc3,0x10,
    0xc3,0x10,0xc3,0x10,0xc3,0x10,0xc3,0x10,0xa3,0x10,0x82,0x08,0xa3,0x10,0xc3,0x10,
    0xa3,0x10,0xa3,0x10,0xa3,0x10,0xa3,0x10,0x00,0x00,0x00,0x00,0x00,0x00,0x21,0x00,
    0x21,0x00,0x21,0x00,0x21,0x00,0x21,0x00,0x21,0x00,0x21,0x00,0x21,0x00,0x21,0x00,
    0x41,0x08,0x41,0x08,0x41,0x08,0x41,0x08,0x41,0x00,0x61,0x00,0x61,0x08,0x61,0x08,
    0x62,0x08,0x62,0x08,0x62,0x08,0x62,0x08,0x62,0x08,0x62,0x08,0x62,0x08,0x62,0x08,
    0x62,0x08,0x62,0x08,0x62,0x08,0x62,0x08,0x62,0x08,0x62,0x08,0x62,0x08,0x62,0x08,
    0x82,0x08,0x82,0x08,0x82,0x08,0x82,0x08,0x82,0x08,0x82,0x08,0x82,0x08,0x62,0x08,
    0x82,0x08,0x82,0x08,0x82,0x08,0x82,0x08,0x82,0x08,0x82,0x08,0x82,0x08,0x82,0x08,
    0x83,0x08,0x82,0x08,0x82,0x08,0x82,0x08,0x82,0x08,0x82,0x08,0x82,0x08,0x82,0x08,
    0x62,0x08,0x62,0x08,0x62,0x08,0x62,0x08,0x62,0x08,0x62,0x08,0x63,0x08,0x83,0x08,
    0x83,0x08,0x83,0x08,0x83,0x08,0x83,0x08,0x83,0x08,0x82,0x08,0x82,0x08,0x82,0x08,
    0x82,0x08,0x82,0x08,0x82,0x08,0x82,0x08,0xa3,0x08,0xc3,0x08,0xc3,0x08,0xc4,0x10,
    0xc3,0x10,0xa3,0x08,0xa3,0x08,0xc4,0x10,0xc4,0x10,0xc4,0x10,0xc4,0x10,0xc4,0x10,
    0xa3,0x10,0xa3,0x10,0xc3,0x10,0xc4,0x10,0xa3,0x08,0xa3,0x08,0xa3,0x08,0xa3,0x08,
    0xa3,0x08,0xa3,0x08,0x83,0x08,0x83,0x08,0x83,0x08,0x83,0x08,0x83,0x08,0x83,0x08,
    0x83,0x08,0x83,0x08,0x83,0x08,0x83,0x08,0x83,0x08,0x83,0x08,0x83,0x08,0x83,0x08,
    0xa3,0x08,0xa3,0x08,0xa3,0x08,0xc3,0x08,0xa3,0x08,0xa3,0x08,0xa3,0x08,0xa3,0x08,
    0xa3,0x08,0xa3,0x08,0xa3,0x08,0xa3,0x08,0xc3,0x08,0xc3,0x08,0xc3,0x08,0xc3,0x08,
    0xc3,0x08,0xc3,0x08,0xc3,0x08,0xc3,0x08,0xa3,0x08,0xa3,0x08,0xa3,0x08,0xa3,0x08,
    0xa3,0x10,0xa3,0x10,0xa3,0x10,0xa3,0x10,0xa3,0x10,0xa3,0x10,0xc3,0x10,0xc3,0x10,
    0xc3,0x10,0xa3,0x10,0xa3,0x10,0xa3,0x10,0xa3,0x10,0xa3,0x10,0xa3,0x10,0xa3,0x10,
    0xa3,0x10,0xa3,0x10,0xc3,0x10,0xc3,0x10,0xc3,0x10,0xc3,0x10,0xc3,0x10,0xc3,0x10,
    0xc3,0x10,0xc3,0x10,0xa3,0x08,0xa3,0x08,0xc3,0x10,0xc3,0x10,0xa3,0x10,0xa3,0x10,
    0xa3,0x08,0x62,0x08,0xa3,0x10,0xa3,0x10,0xa3,0x10,0xa3,0x10,0xa3,0x10,0xa3,0x10,
    0x00,0x00,0x00,0x00,0x00,0x00,0x00,0x00,0x00,0x00,0x00,0x00,0x00,0x00,0x00,0x00,
    0x00,0x00,0x00,0x00,0x00,0x00,0x00,0x00,0x00,0x00,0x21,0x00,0x21,0x00,0x21,0x00,
    0x21,0x00,0x41,0x00,0x41,0x00,0x41,0x00,0x41,0x08,0x61,0x08,0x62,0x08,0x62,0x08,
    0x62,0x08,0x62,0x08,0x62,0x08,0x62,0x08,0x62,0x08,0x62,0x08,0x62,0x08,0x62,0x08,
    0x62,0x08,0x62,0x08,0x62,0x08,0x62,0x08,0x62,0x08,0x62,0x08,0x62,0x08,0x62,0x08,
    0x62,0x08,0x62,0x08,0x62,0x08,0x62,0x08,0x62,0x08,0x62,0x08,0x62,0x08,0x62,0x08,
    0x62,0x08,0x62,0x08,0x62,0x08,0x62,0x08,0x62,0x08,0x62,0x08,0x62,0x08,0x62,0x08,
    0x82,0x08,0x82,0x08,0x82,0x08,0x82,0x08,0x82,0x08,0x82,0x08,0x82,0x08,0x82,0x08,
    0x82,0x08,0x83,0x08,0x83,0x08,0xa3,0x08,0xa3,0x08,0xa3,0x08,0xa3,0x08,0xa3,0x08,
    0x82,0x08,0x82,0x08,0x82,0x08,0x82,0x08,0x82,0x08,0x82,0x08,0x82,0x08,0x82,0x08,
    0x83,0x08,0x83,0x08,0x83,0x08,0x83,0x08,0x83,0x08,0x62,0x00,0x62,0x08,0x83,0x08,
    0x83,0x08,0x83,0x08,0x83,0x08,0x82,0x08,0x82,0x08,0x82,0x08,0x83,0x08,0x83,0x08,
    0x82,0x08,0x82,0x08,0x82,0x08,0x82,0x08,0x82,0x08,0x82,0x08,0x83,0x08,0x83,0x08,
    0x83,0x08,0x83,0x08,0x83,0x08,0x83,0x08,0x83,0x08,0x83,0x08,0x83,0x08,0x83,0x08,
    0x83,0x08,0x83,0x08,0x83,0x08,0x83,0x08,0xa3,0x08,0xa3,0x08,0xa3,0x08,0xa3,0x08,
    0xa3,0x08,0xa3,0x08,0xa3,0x08,0xa3,0x08,0xa3,0x08,0xa3,0x08,0xa3,0x08,0xa3,0x08,
    0xa3,0x08,0xa3,0x08,0xa3,0x08,0xa3,0x08,0xc3,0x08,0xc3,0x08,0xc3,0x08,0xc3,0x08,
    0xa3,0x08,0xa3,0x08,0xa3,0x08,0xa3,0x08,0xa3,0x10,0xa3,0x10,0xa3,0x10,0xa3,0x10,
    0xc3,0x10,0xc3,0x10,0xc3,0x10,0xc3,0x10,0xc3,0x10,0xc3,0x10,0xc3,0x10,0xa3,0x10,
    0xa3,0x10,0xa3,0x10,0xa3,0x10,0xa3,0x10,0xa3,0x10,0xa3,0x10,0xa3,0x10,0xc3,0x10,
    0xc3,0x10,0xc3,0x10,0xc3,0x10,0xc3,0x10,0xc3,0x10,0xc3,0x10,0xc3,0x10,0xc3,0x10,
    0xa3,0x10,0xa3,0x10,0xa3,0x10,0xa3,0x10,0xa3,0x08,0x62,0x08,0xa3,0x10,0xa3,0x10,
    0xa3,0x10,0xa2,0x08,0xa2,0x08,0xa2,0x08,0x00,0x00,0x00,0x00,0x00,0x00,0x00,0x00,
    0x00,0x00,0x00,0x00,0x00,0x00,0x00,0x00,0x00,0x00,0x00,0x00,0x00,0x00,0x00,0x00,
    0x00,0x00,0x00,0x00,0x00,0x00,0x00,0x00,0x00,0x00,0x00,0x00,0x00,0x00,0x20,0x00,
    0x21,0x00,0x41,0x08,0x41,0x08,0x41,0x08,0x41,0x00,0x41,0x00,0x41,0x00,0x41,0x00,
    0x41,0x00,0x41,0x00,0x41,0x00,0x41,0x00,0x41,0x00,0x41,0x00,0x41,0x00,0x41,0x00,
    0x41,0x00,0x41,0x00,0x41,0x00,0x41,0x00,0x41,0x00,0x41,0x00,0x41,0x00,0x41,0x00,
    0x61,0x00,0x62,0x08,0x62,0x08,0x62,0x08,0x62,0x08,0x62,0x08,0x62,0x08,0x62,0x08,
    0x62,0x08,0x62,0x08,0x62,0x08,0x62,0x08,0x82,0x08,0x82,0x08,0x82,0x08,0x82,0x08,
    0x82,0x08,0x82,0x08,0x82,0x08,0x82,0x08,0x82,0x08,0x82,0x08,0x82,0x08,0x82,0x08,
    0x62,0x08,0x82,0x08,0x82,0x08,0x82,0x08,0x62,0x08,0x62,0x08,0x62,0x08,0x82,0x08,
    0x82,0x08,0x82,0x08,0x82,0x08,0x82,0x08,0x82,0x08,0x82,0x08,0x82,0x08,0x62,0x08,
    0x62,0x08,0x42,0x00,0x62,0x08,0x83,0x08,0x83,0x08,0x83,0x08,0x83,0x08,0x82,0x08,
    0x83,0x08,0x83,0x08,0x83,0x08,0x83,0x08,0x83,0x08,0x83,0x08,0x82,0x08,0x82,0x08,
    0x83,0x08,0x83,0x08,0x82,0x08,0x82,0x08,0x83,0x08,0x83,0x08,0x83,0x08,0x83,0x08,
    0x83,0x08,0x83,0x08,0x83,0x08,0x83,0x08,0x83,0x08,0x83,0x08,0xa3,0x08,0xa3,0x08,
    0xa3,0x08,0xa3,0x08,0xa3,0x08,0xa3,0x08,0xa3,0x08,0xa3,0x08,0xa3,0x08,0xa3,0x08,
    0xa3,0x08,0xa3,0x08,0xa3,0x08,0xa3,0x08,0xa3,0x08,0xa3,0x08,0xa3,0x08,0xa3,0x08,
    0xa3,0x08,0xa3,0x08,0xa3,0x08,0xa3,0x08,0xa3,0x08,0xa3,0x08,0xa3,0x08,0xa3,0x08,
    0xa3,0x10,0xa3,0x10,0xa3,0x10,0xa3,0x10,0xa3,0x10,0xa3,0x10,0xa3,0x10,0xa3,0x10,
    0xc3,0x10,0xc3,0x10,0xa3,0x10,0xa3,0x10,0xa3,0x10,0xa3,0x10,0xa3,0x10,0xa3,0x10,
    0xa3,0x10,0xa3,0x10,0xa3,0x10,0xa3,0x10,0xc3,0x10,0xc3,0x10,0xa3,0x10,0xa3,0x08,
    0xa3,0x08,0xa3,0x08,0xa3,0x08,0xa3,0x08,0xa3,0x10,0xa3,0x10,0xa3,0x10,0xa3,0x10,
    0xa3,0x08,0x82,0x08,0xa3,0x10,0xa3,0x10,0xa2,0x08,0xa2,0x08,0xa2,0x08,0x82,0x08,
    0x00,0x00,0x00,0x00,0x00,0x00,0x00,0x00,0x00,0x00,0x00,0x00,0x00,0x00,0x00,0x00,
    0x00,0x00,0x00,0x00,0x00,0x00,0x00,0x00,0x00,0x00,0x00,0x00,0x00,0x00,0x00,0x00,
    0x00,0x00,0x00,0x00,0x00,0x00,0x00,0x00,0x00,0x00,0x20,0x00,0x21,0x00,0x21,0x00,
    0x21,0x00,0x21,0x00,0x41,0x00,0x41,0x00,0x21,0x00,0x21,0x00,0x21,0x00,0x21,0x00,
    0x41,0x00,0x41,0x00,0x41,0x00,0x41,0x00,0x41,0x00,0x41,0x00,0x41,0x00,0x41,0x00,
    0x61,0x08,0x41,0x00,0x41,0x00,0x41,0x00,0x41,0x00,0x61,0x00,0x62,0x08,0x62,0x08,
    0x62,0x08,0x42,0x08,0x42,0x08,0x42,0x08,0x42,0x08,0x42,0x08,0x42,0x08,0x62,0x08,
    0x62,0x08,0x62,0x08,0x62,0x08,0x62,0x00,0x62,0x08,0x62,0x08,0x62,0x08,0x62,0x08,
    0x82,0x08,0x82,0x08,0x82,0x08,0x82,0x08,0x62,0x08,0x62,0x08,0x62,0x08,0x62,0x08,
    0x62,0x08,0x62,0x08,0x62,0x08,0x82,0x08,0x82,0x08,0x82,0x08,0x82,0x08,0x82,0x08,
    0x62,0x08,0x62,0x08,0x82,0x08,0x82,0x08,0x62,0x08,0x41,0x00,0x62,0x08,0x82,0x08,
    0x82,0x08,0x82,0x08,0x82,0x08,0x82,0x08,0x82,0x08,0x82,0x08,0x82,0x08,0x82,0x08,
    0x83,0x08,0x83,0x08,0x83,0x08,0x83,0x08,0x83,0x08,0x83,0x08,0x83,0x08,0x83,0x08,
    0x83,0x08,0x83,0x08,0x83,0x08,0x83,0x08,0x83,0x08,0x83,0x08,0x83,0x08,0x83,0x08,
    0x83,0x08,0x83,0x08,0x83,0x08,0x83,0x08,0xa3,0x08,0xa3,0x08,0xa3,0x08,0xa3,0x08,
    0xa3,0x08,0xa3,0x08,0xa3,0x08,0xa3,0x08,0xa3,0x08,0xa3,0x08,0xa3,0x08,0xa3,0x08,
    0xa3,0x08,0xa3,0x08,0xa3,0x08,0xa3,0x08,0xa3,0x08,0xa3,0x08,0xa3,0x08,0xa3,0x08,
    0xa3,0x08,0xa3,0x08,0xa3,0x08,0xa3,0x08,0xa3,0x08,0xa3,0x08,0xa3,0x08,0xa3,0x08,
    0xa3,0x10,0xa3,0x10,0xa3,0x10,0xa3,0x10,0xc3,0x10,0xc3,0x10,0xa3,0x10,0xa3,0x10,
    0xa3,0x10,0xa3,0x10,0xa3,0x10,0xa3,0x10,0xa3,0x10,0xa3,0x10,0xa3,0x10,0xa3,0x10,
    0xc3,0x08,0xa3,0x08,0xa3,0x08,0xa3,0x08,0xa3,0x08,0xa3,0x08,0xa3,0x08,0xa3,0x08,
    0xa3,0x10,0xa3,0x10,0xa3,0x08,0xa3,0x10,0xa3,0x08,0x62,0x08,0xa3,0x10,0xa3,0x10,
    0xa2,0x08,0xa2,0x08,0xa2,0x08,0xa2,0x08,0x00,0x00,0x00,0x00,0x00,0x00,0x00,0x00,
    0x00,0x00,0x00,0x00,0x00,0x00,0x00,0x00,0x00,0x00,0x00,0x00,0x00,0x00,0x00,0x00,
    0x00,0x00,0x00,0x00,0x00,0x00,0x00,0x00,0x00,0x00,0x00,0x00,0x00,0x00,0x00,0x00,
    0x00,0x00,0x20,0x00,0x21,0x00,0x41,0x00,0x41,0x00,0x41,0x00,0x41,0x00,0x41,0x00,
    0x41,0x00,0x41,0x00,0x41,0x00,0x41,0x00,0x41,0x00,0x41,0x00,0x41,0x00,0x41,0x00,
    0x42,0x00,0x42,0x00,0x42,0x00,0x42,0x00,0x41,0x00,0x41,0x00,0x41,0x00,0x41,0x00,
    0x41,0x00,0x41,0x00,0x41,0x00,0x41,0x00,0x42,0x08,0x42,0x08,0x42,0x08,0x42,0x08,
    0x42,0x08,0x42,0x08,0x42,0x08,0x62,0x08,0x62,0x08,0x62,0x08,0x62,0x08,0x62,0x08,
    0x62,0x08,0x62,0x08,0x62,0x08,0x62,0x08,0x62,0x08,0x82,0x08,0x82,0x08,0x82,0x08,
    0x82,0x08,0x62,0x08,0x62,0x08,0x62,0x08,0x62,0x08,0x82,0x08,0x82,0x08,0x82,0x08,
    0x82,0x08,0x82,0x08,0x82,0x08,0x82,0x08,0x82,0x08,0x82,0x08,0x82,0x08,0x82,0x08,
    0x82,0x08,0x61,0x00,0x62,0x08,0x82,0x08,0x82,0x08,0x82,0x08,0x82,0x08,0x82,0x08,
    0x82,0x08,0x82,0x08,0x82,0x08,0x82,0x08,0x82,0x08,0x83,0x08,0x83,0x08,0x83,0x08,
    0x83,0x08,0x83,0x08,0x83,0x08,0x83,0x08,0x83,0x08,0x83,0x08,0x83,0x08,0x83,0x08,
    0x83,0x08,0x83,0x08,0x83,0x08,0x83,0x08,0x83,0x08,0x83,0x08,0x83,0x08,0x83,0x08,
    0x83,0x08,0x83,0x08,0xa3,0x08,0xa3,0x08,0xa3,0x08,0xa3,0x08,0xa3,0x08,0xa3,0x08,
    0xa3,0x08,0x83,0x08,0x83,0x08,0xa3,0x08,0xa3,0x08,0xa3,0x08,0xa3,0x08,0xa3,0x08,
    0xa3,0x08,0xa3,0x08,0xa3,0x08,0xa3,0x08,0xa3,0x08,0xa3,0x08,0xa3,0x08,0xa3,0x08,
    0xa3,0x08,0xa3,0x08,0xa3,0x08,0xa3,0x08,0xa3,0x10,0xa3,0x10,0xa3,0x10,0xa3,0x10,
    0xa3,0x10,0xa3,0x10,0xa3,0x10,0xa3,0x10,0xa3,0x10,0xa3,0x10,0xa3,0x10,0xa3,0x10,
    0xa3,0x10,0xa3,0x10,0xa3,0x08,0xa3,0x08,0xa3,0x08,0xa3,0x08,0xa3,0x08,0xa3,0x08,
    0xa3,0x08,0xa3,0x08,0xa3,0x08,0xa3,0x08,0xa3,0x10,0xa3,0x10,0xa3,0x08,0x82,0x08,
    0x82,0x08,0x62,0x08,0x82,0x08,0x82,0x08,0xa2,0x08,0xa2,0x08,0x82,0x08,0x82,0x08,
    0x00,0x00,0x00,0x00,0x00,0x00,0x00,0x00,0x00,0x00,0x00,0x00,0x00,0x00,0x00,0x00,
    0x00,0x00,0x00,0x00,0x00,0x00,0x00,0x00,0x00,0x00,0x00,0x00,0x00,0x00,0x00,0x00,
    0x00,0x00,0x00,0x00,0x00,0x00,0x00,0x00,0x00,0x00,0x21,0x00,0x21,0x00,0x41,0x00,
    0x41,0x00,0x41,0x00,0x41,0x00,0x41,0x00,0x41,0x00,0x41,0x00,0x41,0x00,0x41,0x00,
    0x41,0x00,0x41,0x00,0x41,0x00,0x41,0x00,0x41,0x00,0x41,0x00,0x41,0x00,0x41,0x00,
    0x41,0x00,0x41,0x00,0x41,0x00,0x41,0x00,0x61,0x08,0x61,0x08,0x61,0x08,0x61,0x08,
    0x41,0x00,0x42,0x08,0x42,0x08,0x42,0x08,0x42,0x08,0x42,0x08,0x62,0x08,0x62,0x08,
    0x62,0x00,0x62,0x00,0x62,0x08,0x62,0x08,0x62,0x08,0x62,0x08,0x62,0x08,0x62,0x08,
    0x62,0x08,0x62,0x08,0x62,0x08,0x62,0x08,0x62,0x08,0x62,0x08,0x62,0x08,0x62,0x08,
    0x62,0x08,0x62,0x08,0x82,0x08,0x82,0x08,0x82,0x08,0x82,0x08,0x82,0x08,0x82,0x08,
    0x82,0x08,0x82,0x08,0x82,0x08,0x82,0x08,0x82,0x08,0x62,0x00,0x62,0x08,0x82,0x08,
    0x82,0x08,0x82,0x08,0x82,0x08,0x82,0x08,0x82,0x08,0x82,0x08,0x82,0x08,0x82,0x08,
    0x82,0x08,0x82,0x08,0x82,0x08,0x82,0x08,0x82,0x08,0x82,0x08,0x82,0x08,0x82,0x08,
    0xa3,0x08,0xa3,0x08,0xa3,0x08,0xa3,0x08,0x83,0x08,0x83,0x08,0x83,0x08,0x83,0x08,
    0x83,0x08,0x83,0x08,0x83,0x08,0x83,0x08,0x83,0x08,0xa3,0x08,0xa3,0x08,0x83,0x08,
    0x83,0x08,0x83,0x08,0x83,0x08,0x83,0x08,0x83,0x08,0x83,0x08,0x83,0x08,0x83,0x08,
    0xa3,0x08,0xa3,0x10,0xa3,0x08,0xa3,0x08,0xa3,0x08,0xa3,0x08,0xa3,0x08,0xa3,0x08,
    0xa3,0x08,0xa3,0x08,0xa3,0x08,0xa3,0x08,0xa3,0x08,0xa3,0x08,0xa3,0x08,0xa3,0x08,
    0xa3,0x10,0xa3,0x10,0xa3,0x10,0xa3,0x10,0xa3,0x10,0xa3,0x10,0xa3,0x10,0xa3,0x10,
    0xa3,0x10,0xa3,0x10,0xa3,0x10,0xa3,0x10,0xa3,0x08,0xa3,0x08,0xa3,0x08,0xa3,0x08,
    0xa3,0x10,0xa3,0x10,0xa3,0x08,0xa3,0x08,0xa3,0x10,0xa3,0x10,0xa3,0x08,0xa3,0x08,
    0xa2,0x10,0x82,0x08,0x82,0x08,0x82,0x08,0x82,0x08,0x62,0x08,0x82,0x08,0x82,0x08,
    0x82,0x08,0x82,0x08,0x82,0x08,0x82,0x08,0x00,0x00,0x00,0x00,0x00,0x00,0x00,0x00,
    0x00,0x00,0x00,0x00,0x00,0x00,0x00,0x00,0x00,0x00,0x00,0x00,0x00,0x00,0x00,0x00,
    0x00,0x00,0x00,0x00,0x00,0x00,0x00,0x00,0x00,0x00,0x00,0x00,0x00,0x00,0x00,0x00,
    0x00,0x00,0x21,0x00,0x21,0x00,0x21,0x00,0x41,0x00,0x41,0x00,0x41,0x00,0x41,0x00,
    0x41,0x00,0x41,0x00,0x41,0x00,0x41,0x00,0x41,0x00,0x41,0x00,0x41,0x00,0x41,0x00,
    0x41,0x00,0x41,0x00,0x41,0x00,0x41,0x00,0x41,0x00,0x41,0x00,0x41,0x00,0x41,0x00,
    0x41,0x00,0x41,0x00,0x41,0x00,0x41,0x00,0x42,0x08,0x42,0x08,0x62,0x08,0x42,0x08,
    0x41,0x00,0x41,0x00,0x42,0x08,0x42,0x08,0x62,0x08,0x62,0x08,0x62,0x08,0x62,0x08,
    0x62,0x08,0x62,0x08,0x62,0x08,0x62,0x08,0x62,0x08,0x62,0x08,0x62,0x08,0x62,0x08,
    0x62,0x08,0x62,0x08,0x62,0x08,0x62,0x08,0x62,0x08,0x62,0x08,0x82,0x08,0x82,0x08,
    0x82,0x08,0x82,0x08,0x82,0x08,0x82,0x08,0x62,0x08,0x82,0x08,0x82,0x08,0x82,0x08,
    0x82,0x08,0x62,0x00,0x62,0x08,0x82,0x08,0x82,0x08,0x82,0x08,0x82,0x08,0x82,0x08,
    0x82,0x08,0x82,0x08,0x82,0x08,0x82,0x08,0x82,0x08,0x82,0x08,0x82,0x08,0x82,0x08,
    0x82,0x08,0x82,0x08,0x82,0x08,0x82,0x08,0x83,0x08,0x83,0x08,0x83,0x08,0x83,0x08,
    0x83,0x08,0x83,0x08,0x83,0x08,0x83,0x08,0x83,0x08,0x83,0x08,0x83,0x08,0x83,0x08,
    0x83,0x08,0x83,0x08,0x83,0x08,0x83,0x08,0x83,0x08,0x83,0x08,0x83,0x08,0x83,0x08,
    0x83,0x08,0x83,0x08,0x83,0x08,0x83,0x08,0xa3,0x08,0xa3,0x08,0x83,0x08,0xa3,0x08,
    0xa3,0x08,0xa3,0x08,0xa3,0x08,0xa3,0x08,0xa3,0x08,0xa3,0x08,0xa3,0x08,0xa3,0x08,
    0xa3,0x08,0xa3,0x08,0xa3,0x08,0xa3,0x08,0xa3,0x10,0xa3,0x10,0xa3,0x10,0xa3,0x10,
    0xa3,0x10,0xa3,0x10,0xa3,0x10,0xa3,0x10,0xa3,0x10,0xa3,0x10,0xa3,0x10,0xa3,0x10,
    0xa3,0x08,0xa3,0x08,0xa3,0x08,0xa3,0x08,0xa3,0x10,0xa3,0x08,0xa3,0x08,0x82,0x08,
    0x82,0x08,0x82,0x08,0xa3,0x08,0x82,0x08,0x82,0x08,0x82,0x08,0x82,0x08,0x82,0x08,
    0x82,0x08,0x62,0x08,0x82,0x08,0x82,0x08,0x82,0x08,0x82,0x08,0x82,0x08,0x82,0x08,
    0x00,0x00,0x00,0x00,0x00,0x00,0x00,0x00,0x00,0x00,0x00,0x00,0x00,0x00,0x00,0x00,
    0x00,0x00,0x00,0x00,0x00,0x00,0x00,0x00,0x00,0x00,0x00,0x00,0x00,0x00,0x00,0x00,
    0x00,0x00,0x00,0x00,0x00,0x00,0x00,0x00,0x00,0x00,0x21,0x00,0x41,0x00,0x41,0x00,
    0x41,0x00,0x41,0x00,0x41,0x00,0x41,0x00,0x41,0x00,0x41,0x00,0x41,0x00,0x41,0x00,
    0x41,0x00,0x41,0x00,0x41,0x00,0x41,0x00,0x41,0x00,0x41,0x00,0x41,0x00,0x41,0x00,
    0x41,0x00,0x41,0x00,0x41,0x00,0x41,0x00,0x61,0x08,0x61,0x08,0x61,0x08,0x61,0x08,
    0x42,0x08,0x42,0x08,0x42,0x08,0x42,0x08,0x42,0x08,0x42,0x08,0x42,0x08,0x42,0x08,
    0x42,0x00,0x62,0x00,0x62,0x00,0x62,0x08,0x62,0x08,0x62,0x08,0x62,0x08,0x62,0x08,
    0x42,0x08,0x42,0x08,0x62,0x08,0x62,0x08,0x62,0x08,0x62,0x08,0x62,0x08,0x62,0x08,
    0x62,0x08,0x62,0x08,0x82,0x08,0x82,0x08,0x82,0x08,0x82,0x08,0x82,0x08,0x82,0x08,
    0x62,0x08,0x62,0x08,0x82,0x08,0x82,0x08,0x62,0x08,0x41,0x00,0x62,0x08,0x82,0x08,
    0x82,0x08,0x82,0x08,0x82,0x08,0x82,0x08,0x82,0x08,0x82,0x08,0x82,0x08,0x82,0x08,
    0x82,0x08,0x82,0x08,0x82,0x08,0x82,0x08,0x82,0x08,0x82,0x08,0x82,0x08,0x82,0x08,
    0x83,0x08,0x83,0x08,0x83,0x08,0x83,0x08,0x83,0x08,0x83,0x08,0x83,0x08,0x83,0x08,
    0x83,0x08,0x83,0x08,0x83,0x08,0x83,0x08,0x83,0x08,0x83,0x08,0x83,0x08,0x83,0x08,
    0x83,0x08,0x83,0x08,0x83,0x08,0x83,0x08,0x83,0x08,0x83,0x08,0x83,0x08,0x83,0x08,
    0xa3,0x08,0xa3,0x08,0x83,0x08,0x83,0x08,0xa3,0x08,0xa3,0x08,0x83,0x08,0x83,0x08,
    0xa2,0x08,0xa3,0x08,0xa3,0x08,0xa3,0x08,0xa3,0x08,0xa3,0x08,0xa3,0x08,0xa3,0x08,
    0xa3,0x10,0xa3,0x10,0xa3,0x08,0xa3,0x08,0xa3,0x08,0xa3,0x08,0x82,0x08,0x82,0x08,
    0xa3,0x08,0xa3,0x08,0xa3,0x08,0xa3,0x08,0x82,0x08,0x82,0x08,0x82,0x08,0x82,0x08,
    0xa3,0x08,0xa3,0x08,0xa3,0x08,0x82,0x08,0x82,0x08,0x82,0x08,0x82,0x08,0x82,0x08,
    0x82,0x08,0x82,0x08,0x82,0x08,0x82,0x08,0x82,0x08,0x62,0x08,0x82,0x08,0x82,0x08,
    0x82,0x08,0x82,0x08,0x82,0x08,0x82,0x08,0x00,0x00,0x00,0x00,0x00,0x00,0x00,0x00,
    0x00,0x00,0x00,0x00,0x00,0x00,0x00,0x00,0x00,0x00,0x00,0x00,0x00,0x00,0x00,0x00,
    0x00,0x00,0x00,0x00,0x00,0x00,0x00,0x00,0x00,0x00,0x00,0x00,0x00,0x00,0x00,0x00,
    0x00,0x00,0x21,0x00,0x41,0x00,0x41,0x00,0x41,0x00,0x41,0x00,0x41,0x00,0x41,0x00,
    0x41,0x00,0x41,0x00,0x41,0x00,0x41,0x00,0x41,0x00,0x41,0x00,0x41,0x00,0x41,0x00,
    0x41,0x00,0x41,0x00,0x41,0x00,0x41,0x00,0x41,0x00,0x41,0x00,0x41,0x00,0x41,0x00,
    0x41,0x00,0x41,0x00,0x41,0x00,0x41,0x00,0x42,0x08,0x42,0x08,0x42,0x08,0x42,0x08,
    0x42,0x08,0x42,0x08,0x42,0x08,0x42,0x08,0x41,0x00,0x62,0x00,0x62,0x00,0x62,0x08,
    0x62,0x08,0x62,0x08,0x62,0x08,0x62,0x08,0x62,0x08,0x62,0x08,0x62,0x08,0x62,0x08,
    0x62,0x08,0x62,0x08,0x62,0x08,0x62,0x08,0x62,0x08,0x62,0x08,0x62,0x08,0x62,0x08,
    0x62,0x08,0x62,0x08,0x62,0x08,0x62,0x08,0x82,0x08,0x82,0x08,0x82,0x08,0x62,0x08,
    0x62,0x08,0x41,0x00,0x62,0x08,0x82,0x08,0x82,0x08,0x82,0x08,0x82,0x08,0x82,0x08,
    0x82,0x08,0x82,0x08,0x82,0x08,0x82,0x08,0x82,0x08,0x82,0x08,0x82,0x08,0x82,0x08,
    0x82,0x08,0x82,0x08,0x82,0x08,0x82,0x08,0x83,0x08,0x83,0x08,0x83,0x08,0x83,0x08,
    0x83,0x08,0x83,0x08,0x83,0x08,0x83,0x08,0x83,0x08,0x83,0x08,0x83,0x08,0x83,0x08,
    0x83,0x08,0x83,0x08,0x83,0x08,0x83,0x08,0x83,0x08,0x83,0x08,0x83,0x08,0x83,0x08,
    0x83,0x08,0x83,0x08,0x83,0x08,0x83,0x08,0xa3,0x08,0x83,0x08,0x83,0x08,0x83,0x08,
    0x83,0x08,0x83,0x08,0x83,0x08,0x83,0x08,0xa3,0x08,0xa3,0x08,0xa3,0x08,0xa3,0x08,
    0xa3,0x08,0xa3,0x08,0xa3,0x08,0xa3,0x08,0xa3,0x08,0xa3,0x08,0xa3,0x08,0xa3,0x08,
    0x82,0x08,0x82,0x08,0x82,0x08,0x82,0x08,0x82,0x08,0x82,0x08,0x82,0x08,0x82,0x08,
    0x82,0x08,0x82,0x08,0x82,0x08,0x82,0x08,0x82,0x08,0x82,0x08,0x82,0x08,0x82,0x08,
    0x82,0x08,0x82,0x08,0x82,0x08,0x82,0x08,0x82,0x08,0x82,0x08,0x82,0x08,0x82,0x08,
    0x82,0x08,0x62,0x08,0x82,0x08,0x82,0x08,0x82,0x08,0x82,0x08,0x82,0x08,0x82,0x08,
};

const lv_image_dsc_t tv_background = {
    .header = {
        .magic = LV_IMAGE_HEADER_MAGIC,
        .cf = LV_COLOR_FORMAT_RGB565,
        .w = 180,
        .h = 180,
    },
    .data_size = sizeof(tv_background_map),
    .data = tv_background_map,
};
