#include "lvgl.h"

static const uint8_t vinyl_background_map[] = {
    0x00,0x00,0x00,0x00,0x00,0x00,0x00,0x00,0x00,0x00,0x00,0x00,0x00,0x00,0x00,0x00,
    0x00,0x00,0x00,0x00,0x00,0x00,0x00,0x00,0x00,0x00,0x00,0x00,0x00,0x00,0x00,0x00,
    0x00,0x00,0x00,0x00,0x00,0x00,0x00,0x00,0x00,0x00,0x00,0x00,0x00,0x00,0x00,0x00,
    0x00,0x00,0x00,0x00,0x00,0x00,0x00,0x00,0x00,0x00,0x00,0x00,0x00,0x00,0x00,0x00,
    0x00,0x00,0x00,0x00,0x00,0x00,0x00,0x00,0x00,0x00,0x00,0x00,0x00,0x00,0x20,0x00,
    0x00,0x00,0x00,0x00,0x00,0x00,0x00,0x00,0x00,0x00,0x00,0x00,0x00,0x00,0x00,0x00,
    0x00,0x00,0x00,0x00,0x00,0x00,0x00,0x00,0x00,0x00,0x00,0x00,0x00,0x00,0x00,0x00,
    0x00,0x00,0x00,0x00,0x00,0x00,0x00,0x00,0x00,0x00,0x00,0x00,0x00,0x00,0x00,0x00,
    0x00,0x00,0x00,0x00,0x00,0x00,0x00,0x00,0x00,0x00,0x00,0x00,0x00,0x00,0x00,0x00,
    0x00,0x00,0x00,0x00,0x00,0x00,0x00,0x00,0x00,0x00,0x00,0x00,0x00,0x00,0x00,0x00,
    0x00,0x00,0x00,0x00,0x00,0x00,0x00,0x00,0x00,0x00,0x00,0x00,0x00,0x00,0x00,0x00,
    0x00,0x00,0x00,0x00,0x00,0x00,0x00,0x00,0x00,0x00,0x00,0x00,0x00,0x00,0x00,0x00,
    0x00,0x00,0x00,0x00,0x00,0x00,0x00,0x00,0x00,0x00,0x00,0x00,0x00,0x00,0x00,0x00,
    0x00,0x00,0x00,0x00,0x00,0x00,0x00,0x00,0x00,0x00,0x00,0x00,0x00,0x00,0x00,0x00,
    0x00,0x00,0x00,0x00,0x00,0x00,0x00,0x00,0x00,0x00,0x00,0x00,0x00,0x00,0x00,0x00,
    0x00,0x00,0x00,0x00,0x00,0x00,0x00,0x00,0x00,0x00,0x00,0x00,0x00,0x00,0x00,0x00,
    0x00,0x00,0x00,0x00,0x00,0x00,0x00,0x00,0x00,0x00,0x00,0x00,0x00,0x00,0x00,0x00,
    0x00,0x00,0x00,0x00,0x00,0x00,0x00,0x00,0x00,0x00,0x00,0x00,0x00,0x00,0x00,0x00,
    0x00,0x00,0x00,0x00,0x00,0x00,0x00,0x00,0x00,0x00,0x00,0x00,0x00,0x00,0x00,0x00,
    0x00,0x00,0x00,0x00,0x00,0x00,0x00,0x00,0x00,0x00,0x00,0x00,0x00,0x00,0x00,0x00,
    0x00,0x00,0x00,0x00,0x00,0x00,0x00,0x00,0x00,0x00,0x00,0x00,0x00,0x00,0x00,0x00,
    0x00,0x00,0x00,0x00,0x00,0x00,0x00,0x00,0x00,0x00,0x00,0x00,0x00,0x00,0x00,0x00,
    0x00,0x00,0x00,0x00,0x00,0x00,0x00,0x00,0x00,0x00,0x00,0x00,0x00,0x00,0x00,0x00,
    0x00,0x00,0x00,0x00,0x00,0x00,0x00,0x00,0x00,0x00,0x00,0x00,0x00,0x00,0x00,0x00,
    0x00,0x00,0x00,0x00,0x00,0x00,0x00,0x00,0x00,0x00,0x00,0x00,0x00,0x00,0x00,0x00,
    0x00,0x00,0x00,0x00,0x00,0x00,0x00,0x00,0x00,0x00,0x00,0x00,0x00,0x00,0x00,0x00,
    0x00,0x00,0x00,0x00,0x00,0x00,0x00,0x00,0x00,0x00,0x00,0x00,0x00,0x00,0x00,0x00,
    0x00,0x00,0x00,0x00,0x00,0x00,0x00,0x00,0x00,0x00,0x00,0x00,0x20,0x00,0x00,0x00,
    0x00,0x00,0x00,0x00,0x00,0x00,0x00,0x00,0x00,0x00,0x00,0x00,0x00,0x00,0x00,0x00,
    0x00,0x00,0x00,0x00,0x00,0x00,0x00,0x00,0x00,0x00,0x00,0x00,0x00,0x00,0x00,0x00,
    0x00,0x00,0x00,0x00,0x00,0x00,0x00,0x00,0x00,0x00,0x00,0x00,0x00,0x00,0x00,0x00,
    0x00,0x00,0x00,0x00,0x00,0x00,0x00,0x00,0x00,0x00,0x00,0x00,0x00,0x00,0x00,0x00,
    0x00,0x00,0x00,0x00,0x00,0x00,0x00,0x00,0x00,0x00,0x00,0x00,0x00,0x00,0x00,0x00,
    0x00,0x00,0x00,0x00,0x00,0x00,0x00,0x00,0x00,0x00,0x00,0x00,0x00,0x00,0x00,0x00,
    0x00,0x00,0x00,0x00,0x00,0x00,0x00,0x00,0x20,0x00,0x00,0x00,0x00,0x00,0x00,0x00,
    0x00,0x00,0x00,0x00,0x00,0x00,0x00,0x00,0x00,0x00,0x00,0x00,0x00,0x00,0x00,0x00,
    0x00,0x00,0x00,0x00,0x00,0x00,0x00,0x00,0x00,0x00,0x00,0x00,0x00,0x00,0x00,0x00,
    0x00,0x00,0x00,0x00,0x00,0x00,0x00,0x00,0x00,0x00,0x00,0x00,0x00,0x00,0x00,0x00,
    0x00,0x00,0x00,0x00,0x00,0x00,0x00,0x00,0x00,0x00,0x00,0x00,0x00,0x00,0x00,0x00,
    0x00,0x00,0x00,0x00,0x00,0x00,0x00,0x00,0x00,0x00,0x00,0x00,0x00,0x00,0x00,0x00,
    0x00,0x00,0x00,0x00,0x00,0x00,0x00,0x00,0x00,0x00,0x00,0x00,0x00,0x00,0x00,0x00,
    0x00,0x00,0x00,0x00,0x00,0x00,0x00,0x00,0x00,0x00,0x00,0x00,0x00,0x00,0x00,0x00,
    0x00,0x00,0x00,0x00,0x00,0x00,0x00,0x00,0x00,0x00,0x00,0x00,0x00,0x00,0x00,0x00,
    0x00,0x00,0x00,0x00,0x00,0x00,0x00,0x00,0x00,0x00,0x00,0x00,0x00,0x00,0x00,0x00,
    0x00,0x00,0x00,0x00,0x00,0x00,0x00,0x00,0x00,0x00,0x00,0x00,0x00,0x00,0x00,0x00,
    0x00,0x00,0x00,0x00,0x00,0x00,0x00,0x00,0x00,0x00,0x00,0x00,0x00,0x00,0x00,0x00,
    0x00,0x00,0x00,0x00,0x00,0x00,0x00,0x00,0x00,0x00,0x00,0x00,0x00,0x00,0x00,0x00,
    0x00,0x00,0x00,0x00,0x00,0x00,0x00,0x00,0x00,0x00,0x00,0x00,0x00,0x00,0x00,0x00,
    0x00,0x00,0x00,0x00,0x00,0x00,0x00,0x00,0x00,0x00,0x00,0x00,0x00,0x00,0x00,0x00,
    0x00,0x00,0x00,0x00,0x00,0x00,0x00,0x00,0x00,0x00,0x00,0x00,0x00,0x00,0x00,0x00,
    0x00,0x00,0x00,0x00,0x20,0x00,0x00,0x00,0x00,0x00,0x00,0x00,0x00,0x00,0x00,0x00,
    0x00,0x00,0x00,0x00,0x00,0x00,0x00,0x00,0x00,0x00,0x00,0x00,0x00,0x00,0x00,0x00,
    0x00,0x00,0x00,0x00,0x00,0x00,0x20,0x00,0x00,0x00,0x00,0x00,0x00,0x00,0x00,0x00,
    0x00,0x00,0x00,0x00,0x00,0x00,0x00,0x00,0x00,0x00,0x00,0x00,0x00,0x00,0x00,0x00,
    0x00,0x00,0x00,0x00,0x00,0x00,0x00,0x00,0x00,0x00,0x00,0x00,0x00,0x00,0x00,0x00,
    0x00,0x00,0x00,0x00,0x00,0x00,0x00,0x00,0x00,0x00,0x00,0x00,0x00,0x00,0x00,0x00,
    0x00,0x00,0x00,0x00,0x00,0x00,0x00,0x00,0x00,0x00,0x00,0x00,0x00,0x00,0x00,0x00,
    0x41,0x00,0x00,0x00,0x00,0x00,0x00,0x00,0x00,0x00,0x00,0x00,0x00,0x00,0x00,0x00,
    0x00,0x00,0x00,0x00,0x00,0x00,0x00,0x00,0x00,0x00,0x00,0x00,0x00,0x00,0x00,0x00,
    0x00,0x00,0x00,0x00,0x00,0x00,0x00,0x00,0x00,0x00,0x00,0x00,0x00,0x00,0x00,0x00,
    0x00,0x00,0x00,0x00,0x00,0x00,0x00,0x00,0x00,0x00,0x20,0x00,0x00,0x00,0x00,0x00,
    0x00,0x00,0x00,0x00,0x00,0x00,0x00,0x00,0x00,0x00,0x00,0x00,0x00,0x00,0x00,0x00,
    0x00,0x00,0x00,0x00,0x00,0x00,0x00,0x00,0x00,0x00,0x00,0x00,0x00,0x00,0x00,0x00,
    0x00,0x00,0x00,0x00,0x00,0x00,0x00,0x00,0x00,0x00,0x00,0x00,0x00,0x00,0x00,0x00,
    0x00,0x00,0x00,0x00,0x00,0x00,0x00,0x00,0x00,0x00,0x00,0x00,0x00,0x00,0x00,0x00,
    0x00,0x00,0x00,0x00,0x00,0x00,0x00,0x00,0x00,0x00,0x00,0x00,0x00,0x00,0x00,0x00,
    0x00,0x00,0x00,0x00,0x00,0x00,0x00,0x00,0x00,0x00,0x00,0x00,0x00,0x00,0x00,0x00,
    0x00,0x00,0x00,0x00,0x00,0x00,0x00,0x00,0x00,0x00,0x00,0x00,0x00,0x00,0x00,0x00,
    0x00,0x00,0x00,0x00,0x00,0x00,0x00,0x00,0x00,0x00,0x00,0x00,0x00,0x00,0x00,0x00,
    0x00,0x00,0x00,0x00,0x00,0x00,0x00,0x00,0x00,0x00,0x00,0x00,0x00,0x00,0x00,0x00,
    0x00,0x00,0x00,0x00,0x00,0x00,0x00,0x00,0x00,0x00,0x00,0x00,0x00,0x00,0x00,0x00,
    0x00,0x00,0x00,0x00,0x00,0x00,0x00,0x00,0x00,0x00,0x00,0x00,0x00,0x00,0x00,0x00,
    0x00,0x00,0x00,0x00,0x00,0x00,0x00,0x00,0x00,0x00,0x00,0x00,0x20,0x00,0x00,0x00,
    0x00,0x00,0x00,0x00,0x00,0x00,0x00,0x00,0x00,0x00,0x00,0x00,0x00,0x00,0x00,0x00,
    0x00,0x00,0x00,0x00,0x00,0x00,0x00,0x00,0x00,0x00,0x00,0x00,0x00,0x00,0x20,0x00,
    0x00,0x00,0x00,0x00,0x00,0x00,0x00,0x00,0x00,0x00,0x00,0x00,0x00,0x00,0x00,0x00,
    0x00,0x00,0x00,0x00,0x00,0x00,0x00,0x00,0x00,0x00,0x00,0x00,0x00,0x00,0x00,0x00,
    0x00,0x00,0x00,0x00,0x00,0x00,0x00,0x00,0x00,0x00,0x00,0x00,0x00,0x00,0x00,0x00,
    0x00,0x00,0x00,0x00,0x00,0x00,0x00,0x00,0x00,0x00,0x00,0x00,0x00,0x00,0x00,0x00,
    0x00,0x00,0x00,0x00,0x00,0x00,0x00,0x00,0x21,0x00,0x21,0x00,0x00,0x00,0x00,0x00,
    0x00,0x00,0x00,0x00,0x00,0x00,0x00,0x00,0x00,0x00,0x00,0x00,0x00,0x00,0x00,0x00,
    0x00,0x00,0x00,0x00,0x00,0x00,0x00,0x00,0x00,0x00,0x00,0x00,0x00,0x00,0x00,0x00,
    0x00,0x00,0x00,0x00,0x00,0x00,0x00,0x00,0x00,0x00,0x00,0x00,0x00,0x00,0x00,0x00,
    0x20,0x00,0x20,0x00,0x20,0x00,0x20,0x00,0x20,0x00,0x00,0x00,0x00,0x00,0x00,0x00,
    0x00,0x00,0x00,0x00,0x00,0x00,0x00,0x00,0x00,0x00,0x00,0x00,0x00,0x00,0x00,0x00,
    0x00,0x00,0x00,0x00,0x00,0x00,0x00,0x00,0x00,0x00,0x00,0x00,0x00,0x00,0x00,0x00,
    0x00,0x00,0x00,0x00,0x00,0x00,0x00,0x00,0x00,0x00,0x00,0x00,0x00,0x00,0x00,0x00,
    0x00,0x00,0x00,0x00,0x00,0x00,0x00,0x00,0x00,0x00,0x00,0x00,0x00,0x00,0x00,0x00,
    0x00,0x00,0x00,0x00,0x00,0x00,0x00,0x00,0x00,0x00,0x00,0x00,0x00,0x00,0x00,0x00,
    0x00,0x00,0x00,0x00,0x00,0x00,0x00,0x00,0x00,0x00,0x00,0x00,0x00,0x00,0x00,0x00,
    0x00,0x00,0x00,0x00,0x00,0x00,0x00,0x00,0x00,0x00,0x00,0x00,0x00,0x00,0x00,0x00,
    0x00,0x00,0x00,0x00,0x00,0x00,0x00,0x00,0x00,0x00,0x00,0x00,0x00,0x00,0x00,0x00,
    0x00,0x00,0x00,0x00,0x00,0x00,0x00,0x00,0x00,0x00,0x00,0x00,0x00,0x00,0x00,0x00,
    0x00,0x00,0x00,0x00,0x00,0x00,0x00,0x00,0x00,0x00,0x00,0x00,0x00,0x00,0x00,0x00,
    0x00,0x00,0x00,0x00,0x00,0x00,0x00,0x00,0x00,0x00,0x00,0x00,0x00,0x00,0x00,0x00,
    0x00,0x00,0x20,0x00,0x20,0x00,0x21,0x00,0x00,0x00,0x00,0x00,0x00,0x00,0x00,0x00,
    0x00,0x00,0x00,0x00,0x00,0x00,0x00,0x00,0x00,0x00,0x00,0x00,0x00,0x00,0x00,0x00,
    0x00,0x00,0x20,0x00,0x00,0x00,0x00,0x00,0x00,0x00,0x00,0x00,0x00,0x00,0x00,0x00,
    0x00,0x00,0x00,0x00,0x00,0x00,0x00,0x00,0x00,0x00,0x00,0x00,0x00,0x00,0x00,0x00,
    0x00,0x00,0x20,0x00,0x00,0x00,0x00,0x00,0x00,0x00,0x00,0x00,0x00,0x00,0x00,0x00,
    0x00,0x00,0x00,0x00,0x00,0x00,0x00,0x00,0x00,0x00,0x00,0x00,0x00,0x00,0x00,0x00,
    0x00,0x00,0x00,0x00,0x00,0x00,0x00,0x00,0x00,0x00,0x00,0x00,0x00,0x00,0x00,0x00,
    0x20,0x00,0x21,0x00,0x00,0x00,0x00,0x00,0x00,0x00,0x00,0x00,0x00,0x00,0x00,0x00,
    0x00,0x00,0x00,0x00,0x00,0x00,0x00,0x00,0x00,0x00,0x00,0x00,0x00,0x00,0x00,0x00,
    0x00,0x00,0x00,0x00,0x00,0x00,0x00,0x00,0x00,0x00,0x00,0x00,0x00,0x00,0x00,0x00,
    0x00,0x00,0x00,0x00,0x00,0x00,0x21,0x00,0x21,0x00,0x00,0x00,0x21,0x00,0x41,0x00,
    0x20,0x00,0x20,0x00,0x20,0x00,0x00,0x00,0x20,0x00,0x00,0x00,0x00,0x00,0x00,0x00,
    0x00,0x00,0x00,0x00,0x00,0x00,0x00,0x00,0x00,0x00,0x00,0x00,0x00,0x00,0x00,0x00,
    0x00,0x00,0x00,0x00,0x00,0x00,0x00,0x00,0x00,0x00,0x00,0x00,0x00,0x00,0x00,0x00,
    0x00,0x00,0x00,0x00,0x00,0x00,0x00,0x00,0x00,0x00,0x00,0x00,0x00,0x00,0x00,0x00,
    0x00,0x00,0x00,0x00,0x00,0x00,0x00,0x00,0x00,0x00,0x00,0x00,0x00,0x00,0x00,0x00,
    0x00,0x00,0x00,0x00,0x00,0x00,0x00,0x00,0x00,0x00,0x00,0x00,0x00,0x00,0x00,0x00,
    0x00,0x00,0x00,0x00,0x00,0x00,0x00,0x00,0x00,0x00,0x00,0x00,0x00,0x00,0x00,0x00,
    0x00,0x00,0x00,0x00,0x00,0x00,0x00,0x00,0x00,0x00,0x00,0x00,0x00,0x00,0x00,0x00,
    0x00,0x00,0x00,0x00,0x00,0x00,0x00,0x00,0x00,0x00,0x00,0x00,0x00,0x00,0x00,0x00,
    0x00,0x00,0x00,0x00,0x00,0x00,0x00,0x00,0x00,0x00,0x00,0x00,0x00,0x00,0x00,0x00,
    0x00,0x00,0x00,0x00,0x00,0x00,0x00,0x00,0x00,0x00,0x00,0x00,0x00,0x00,0x00,0x00,
    0x00,0x00,0x00,0x00,0x00,0x00,0x00,0x00,0x00,0x00,0x20,0x00,0x20,0x00,0x20,0x00,
    0x20,0x00,0x20,0x00,0x20,0x00,0x20,0x00,0x00,0x00,0x00,0x00,0x00,0x00,0x00,0x00,
    0x00,0x00,0x00,0x00,0x00,0x00,0x00,0x00,0x00,0x00,0x20,0x00,0x20,0x00,0x00,0x00,
    0x00,0x00,0x00,0x00,0x00,0x00,0x00,0x00,0x00,0x00,0x00,0x00,0x00,0x00,0x00,0x00,
    0x00,0x00,0x00,0x00,0x00,0x00,0x00,0x00,0x00,0x00,0x20,0x00,0x00,0x00,0x00,0x00,
    0x00,0x00,0x00,0x00,0x00,0x00,0x00,0x00,0x00,0x00,0x00,0x00,0x00,0x00,0x00,0x00,
    0x00,0x00,0x00,0x00,0x00,0x00,0x00,0x00,0x00,0x00,0x00,0x00,0x00,0x00,0x00,0x00,
    0x00,0x00,0x00,0x00,0x00,0x00,0x20,0x00,0x20,0x00,0x20,0x00,0x20,0x00,0x00,0x00,
    0x00,0x00,0x00,0x00,0x00,0x00,0x00,0x00,0x00,0x00,0x00,0x00,0x00,0x00,0x00,0x00,
    0x00,0x00,0x00,0x00,0x00,0x00,0x00,0x00,0x00,0x00,0x00,0x00,0x00,0x00,0x00,0x00,
    0x00,0x00,0x00,0x00,0x00,0x00,0x00,0x00,0x00,0x00,0x00,0x00,0x00,0x00,0x20,0x00,
    0x41,0x08,0x20,0x00,0x00,0x00,0x00,0x00,0x20,0x00,0x20,0x00,0x00,0x00,0x00,0x00,
    0x00,0x00,0x00,0x00,0x00,0x00,0x00,0x00,0x00,0x00,0x00,0x00,0x00,0x00,0x00,0x00,
    0x00,0x00,0x00,0x00,0x00,0x00,0x00,0x00,0x00,0x00,0x00,0x00,0x00,0x00,0x00,0x00,
    0x00,0x00,0x00,0x00,0x00,0x00,0x00,0x00,0x00,0x00,0x00,0x00,0x00,0x00,0x00,0x00,
    0x00,0x00,0x00,0x00,0x00,0x00,0x00,0x00,0x00,0x00,0x00,0x00,0x00,0x00,0x00,0x00,
    0x00,0x00,0x00,0x00,0x00,0x00,0x00,0x00,0x00,0x00,0x00,0x00,0x00,0x00,0x00,0x00,
    0x00,0x00,0x00,0x00,0x00,0x00,0x00,0x00,0x00,0x00,0x00,0x00,0x00,0x00,0x00,0x00,
    0x00,0x00,0x00,0x00,0x00,0x00,0x00,0x00,0x00,0x00,0x00,0x00,0x00,0x00,0x00,0x00,
    0x00,0x00,0x00,0x00,0x00,0x00,0x00,0x00,0x00,0x00,0x00,0x00,0x00,0x00,0x00,0x00,
    0x00,0x00,0x00,0x00,0x00,0x00,0x00,0x00,0x00,0x00,0x00,0x00,0x00,0x00,0x00,0x00,
    0x00,0x00,0x00,0x00,0x00,0x00,0x00,0x00,0x00,0x00,0x00,0x00,0x00,0x00,0x00,0x00,
    0x00,0x00,0x00,0x00,0x00,0x00,0x00,0x00,0x00,0x00,0x00,0x00,0x00,0x00,0x00,0x00,
    0x00,0x00,0x20,0x00,0x20,0x00,0x20,0x00,0x20,0x00,0x20,0x00,0x20,0x00,0x20,0x00,
    0x00,0x00,0x00,0x00,0x00,0x00,0x00,0x00,0x00,0x00,0x00,0x00,0x00,0x00,0x00,0x00,
    0x00,0x00,0x20,0x00,0x20,0x00,0x00,0x00,0x00,0x00,0x00,0x00,0x00,0x00,0x00,0x00,
    0x00,0x00,0x00,0x00,0x00,0x00,0x00,0x00,0x00,0x00,0x00,0x00,0x00,0x00,0x00,0x00,
    0x00,0x00,0x00,0x00,0x00,0x00,0x00,0x00,0x00,0x00,0x00,0x00,0x00,0x00,0x00,0x00,
    0x00,0x00,0x00,0x00,0x00,0x00,0x00,0x00,0x00,0x00,0x00,0x00,0x00,0x00,0x00,0x00,
    0x00,0x00,0x00,0x00,0x00,0x00,0x00,0x00,0x00,0x00,0x00,0x00,0x00,0x00,0x20,0x00,
    0x20,0x00,0x20,0x00,0x21,0x00,0x00,0x00,0x00,0x00,0x00,0x00,0x00,0x00,0x00,0x00,
    0x00,0x00,0x00,0x00,0x00,0x00,0x00,0x00,0x00,0x00,0x00,0x00,0x00,0x00,0x00,0x00,
    0x00,0x00,0x00,0x00,0x00,0x00,0x00,0x00,0x00,0x00,0x00,0x00,0x00,0x00,0x00,0x00,
    0x00,0x00,0x00,0x00,0x00,0x00,0x00,0x00,0xa2,0x10,0x65,0x21,0xe7,0x31,0xa6,0x29,
    0x41,0x00,0x00,0x00,0x20,0x00,0x00,0x00,0x20,0x00,0x00,0x00,0x00,0x00,0x00,0x00,
    0x00,0x00,0x00,0x00,0x00,0x00,0x00,0x00,0x00,0x00,0x00,0x00,0x00,0x00,0x00,0x00,
    0x00,0x00,0x00,0x00,0x00,0x00,0x00,0x00,0x00,0x00,0x00,0x00,0x00,0x00,0x00,0x00,
    0x00,0x00,0x00,0x00,0x00,0x00,0x00,0x00,0x00,0x00,0x00,0x00,0x00,0x00,0x00,0x00,
    0x00,0x00,0x00,0x00,0x00,0x00,0x00,0x00,0x00,0x00,0x00,0x00,0x00,0x00,0x00,0x00,
    0x00,0x00,0x00,0x00,0x00,0x00,0x00,0x00,0x00,0x00,0x00,0x00,0x00,0x00,0x00,0x00,
    0x00,0x00,0x00,0x00,0x00,0x00,0x00,0x00,0x00,0x00,0x00,0x00,0x00,0x00,0x00,0x00,
    0x00,0x00,0x00,0x00,0x00,0x00,0x00,0x00,0x00,0x00,0x00,0x00,0x00,0x00,0x00,0x00,
    0x00,0x00,0x00,0x00,0x00,0x00,0x00,0x00,0x00,0x00,0x00,0x00,0x00,0x00,0x00,0x00,
    0x00,0x00,0x00,0x00,0x00,0x00,0x00,0x00,0x00,0x00,0x00,0x00,0x00,0x00,0x00,0x00,
    0x00,0x00,0x00,0x00,0x00,0x00,0x00,0x00,0x00,0x00,0x00,0x00,0x00,0x00,0x20,0x00,
    0x20,0x00,0x00,0x00,0x00,0x00,0x00,0x00,0x20,0x00,0x21,0x00,0x20,0x00,0x20,0x00,
    0x20,0x00,0x20,0x00,0x20,0x00,0x20,0x00,0x00,0x00,0x00,0x00,0x00,0x00,0x20,0x00,
    0x00,0x00,0x20,0x00,0x00,0x00,0x00,0x00,0x00,0x00,0x20,0x00,0x20,0x00,0x00,0x00,
    0x00,0x00,0x00,0x00,0x00,0x00,0x00,0x00,0x00,0x00,0x00,0x00,0x00,0x00,0x00,0x00,
    0x00,0x00,0x00,0x00,0x00,0x00,0x00,0x00,0x00,0x00,0x20,0x00,0x00,0x00,0x00,0x00,
    0x00,0x00,0x00,0x00,0x00,0x00,0x00,0x00,0x00,0x00,0x00,0x00,0x00,0x00,0x00,0x00,
    0x00,0x00,0x00,0x00,0x00,0x00,0x00,0x00,0x00,0x00,0x00,0x00,0x00,0x00,0x00,0x00,
    0x00,0x00,0x00,0x00,0x00,0x00,0x20,0x00,0x20,0x00,0x20,0x00,0x20,0x00,0x20,0x00,
    0x00,0x00,0x00,0x00,0x00,0x00,0x00,0x00,0x00,0x00,0x00,0x00,0x00,0x00,0x00,0x00,
    0x00,0x00,0x00,0x00,0x00,0x00,0x00,0x00,0x00,0x00,0x00,0x00,0x00,0x00,0x00,0x00,
    0x00,0x00,0x00,0x00,0x00,0x00,0x00,0x00,0x00,0x00,0x00,0x00,0x00,0x00,0x00,0x00,
    0x41,0x00,0x24,0x19,0x4c,0x5b,0xce,0x6b,0xc7,0x31,0x82,0x08,0x41,0x00,0x20,0x00,
    0x00,0x00,0x00,0x00,0x00,0x00,0x00,0x00,0x00,0x00,0x00,0x00,0x00,0x00,0x00,0x00,
    0x00,0x00,0x00,0x00,0x00,0x00,0x00,0x00,0x00,0x00,0x00,0x00,0x00,0x00,0x00,0x00,
    0x00,0x00,0x00,0x00,0x00,0x00,0x00,0x00,0x00,0x00,0x00,0x00,0x00,0x00,0x00,0x00,
    0x00,0x00,0x00,0x00,0x00,0x00,0x00,0x00,0x00,0x00,0x00,0x00,0x00,0x00,0x00,0x00,
    0x00,0x00,0x00,0x00,0x00,0x00,0x00,0x00,0x00,0x00,0x00,0x00,0x00,0x00,0x00,0x00,
    0x00,0x00,0x00,0x00,0x00,0x00,0x00,0x00,0x00,0x00,0x00,0x00,0x00,0x00,0x00,0x00,
    0x00,0x00,0x00,0x00,0x00,0x00,0x00,0x00,0x00,0x00,0x00,0x00,0x00,0x00,0x00,0x00,
    0x00,0x00,0x00,0x00,0x00,0x00,0x00,0x00,0x00,0x00,0x00,0x00,0x00,0x00,0x00,0x00,
    0x00,0x00,0x00,0x00,0x00,0x00,0x00,0x00,0x00,0x00,0x00,0x00,0x00,0x00,0x20,0x00,
    0x00,0x00,0x00,0x00,0x00,0x00,0x00,0x00,0x00,0x00,0x00,0x00,0x00,0x00,0x00,0x00,
    0x00,0x00,0x00,0x00,0x20,0x00,0x20,0x00,0x20,0x00,0x20,0x00,0x00,0x00,0x00,0x00,
    0x21,0x00,0x21,0x00,0x21,0x00,0x21,0x00,0x21,0x00,0x20,0x00,0x00,0x00,0x00,0x00,
    0x00,0x00,0x00,0x00,0x00,0x00,0x21,0x00,0x00,0x00,0x21,0x00,0x00,0x00,0x00,0x00,
    0x20,0x00,0x00,0x00,0x00,0x00,0x00,0x00,0x00,0x00,0x00,0x00,0x00,0x00,0x00,0x00,
    0x00,0x00,0x00,0x00,0x00,0x00,0x00,0x00,0x00,0x00,0x00,0x00,0x20,0x00,0x00,0x00,
    0x20,0x00,0x00,0x00,0x00,0x00,0x00,0x00,0x00,0x00,0x00,0x00,0x00,0x00,0x00,0x00,
    0x00,0x00,0x00,0x00,0x00,0x00,0x00,0x00,0x00,0x00,0x00,0x00,0x00,0x00,0x00,0x00,
    0x00,0x00,0x00,0x00,0x00,0x00,0x00,0x00,0x00,0x00,0x00,0x00,0x00,0x00,0x21,0x00,
    0x20,0x00,0x20,0x00,0x20,0x00,0x20,0x00,0x20,0x00,0x00,0x00,0x00,0x00,0x00,0x00,
    0x00,0x00,0x00,0x00,0x20,0x00,0x00,0x00,0x00,0x00,0x00,0x00,0x00,0x00,0x00,0x00,
    0x00,0x00,0x00,0x00,0x00,0x00,0x00,0x00,0x00,0x00,0x00,0x00,0x00,0x00,0x00,0x00,
    0x00,0x00,0x00,0x00,0x00,0x00,0x00,0x00,0x00,0x00,0x82,0x08,0x82,0x08,0xe3,0x18,
    0xe3,0x10,0xa2,0x10,0x41,0x08,0x00,0x00,0x00,0x00,0x00,0x00,0x00,0x00,0x00,0x00,
    0x00,0x00,0x00,0x00,0x00,0x00,0x00,0x00,0x00,0x00,0x00,0x00,0x00,0x00,0x00,0x00,
    0x00,0x00,0x00,0x00,0x00,0x00,0x00,0x00,0x00,0x00,0x00,0x00,0x00,0x00,0x00,0x00,
    0x00,0x00,0x00,0x00,0x00,0x00,0x00,0x00,0x00,0x00,0x00,0x00,0x00,0x00,0x00,0x00,
    0x00,0x00,0x00,0x00,0x00,0x00,0x00,0x00,0x00,0x00,0x00,0x00,0x00,0x00,0x00,0x00,
    0x00,0x00,0x00,0x00,0x00,0x00,0x00,0x00,0x00,0x00,0x00,0x00,0x00,0x00,0x00,0x00,
    0x00,0x00,0x00,0x00,0x00,0x00,0x00,0x00,0x00,0x00,0x00,0x00,0x00,0x00,0x00,0x00,
    0x00,0x00,0x00,0x00,0x00,0x00,0x00,0x00,0x00,0x00,0x00,0x00,0x00,0x00,0x00,0x00,
    0x00,0x00,0x00,0x00,0x00,0x00,0x00,0x00,0x00,0x00,0x00,0x00,0x00,0x00,0x00,0x00,
    0x00,0x00,0x00,0x00,0x00,0x00,0x20,0x00,0x00,0x00,0x00,0x00,0x00,0x00,0x00,0x00,
    0x00,0x00,0x00,0x00,0x00,0x00,0x00,0x00,0x00,0x00,0x20,0x00,0x20,0x00,0x20,0x00,
    0x21,0x00,0x00,0x00,0x00,0x00,0x00,0x00,0x21,0x00,0x21,0x00,0x21,0x00,0x21,0x00,
    0x20,0x00,0x20,0x00,0x00,0x00,0x00,0x00,0x00,0x00,0x00,0x00,0x21,0x00,0x21,0x00,
    0x00,0x00,0x21,0x00,0x00,0x00,0x21,0x00,0x21,0x00,0x20,0x00,0x21,0x00,0x00,0x00,
    0x00,0x00,0x00,0x00,0x00,0x00,0x00,0x00,0x00,0x00,0x00,0x00,0x00,0x00,0x00,0x00,
    0x00,0x00,0x20,0x00,0x20,0x00,0x00,0x00,0x20,0x00,0x00,0x00,0x00,0x00,0x00,0x00,
    0x00,0x00,0x00,0x00,0x00,0x00,0x00,0x00,0x00,0x00,0x00,0x00,0x00,0x00,0x00,0x00,
    0x00,0x00,0x00,0x00,0x00,0x00,0x00,0x00,0x00,0x00,0x00,0x00,0x00,0x00,0x00,0x00,
    0x00,0x00,0x00,0x00,0x00,0x00,0x21,0x00,0x20,0x00,0x20,0x00,0x20,0x00,0x20,0x00,
    0x20,0x00,0x00,0x00,0x00,0x00,0x00,0x00,0x00,0x00,0x00,0x00,0x41,0x00,0x20,0x00,
    0x00,0x00,0x00,0x00,0x00,0x00,0x00,0x00,0x20,0x00,0x00,0x00,0x00,0x00,0x00,0x00,
    0x00,0x00,0x00,0x00,0x00,0x00,0x00,0x00,0x00,0x00,0x00,0x00,0x00,0x00,0x00,0x00,
    0x00,0x00,0x00,0x00,0x86,0x29,0x49,0x42,0x00,0x00,0x61,0x08,0x00,0x00,0x00,0x00,
    0x00,0x00,0x00,0x00,0x00,0x00,0x00,0x00,0x00,0x00,0x00,0x00,0x00,0x00,0x00,0x00,
    0x00,0x00,0x00,0x00,0x00,0x00,0x00,0x00,0x00,0x00,0x00,0x00,0x00,0x00,0x00,0x00,
    0x00,0x00,0x00,0x00,0x00,0x00,0x00,0x00,0x00,0x00,0x00,0x00,0x00,0x00,0x00,0x00,
    0x00,0x00,0x00,0x00,0x00,0x00,0x00,0x00,0x00,0x00,0x00,0x00,0x00,0x00,0x00,0x00,
    0x00,0x00,0x00,0x00,0x00,0x00,0x00,0x00,0x00,0x00,0x00,0x00,0x00,0x00,0x00,0x00,
    0x00,0x00,0x00,0x00,0x00,0x00,0x00,0x00,0x00,0x00,0x00,0x00,0x00,0x00,0x00,0x00,
    0x00,0x00,0x00,0x00,0x00,0x00,0x00,0x00,0x00,0x00,0x00,0x00,0x00,0x00,0x00,0x00,
    0x00,0x00,0x00,0x00,0x00,0x00,0x00,0x00,0x00,0x00,0x00,0x00,0x00,0x00,0x00,0x00,
    0x00,0x00,0x00,0x00,0x00,0x00,0x00,0x00,0x00,0x00,0x00,0x00,0x00,0x00,0x20,0x00,
    0x00,0x00,0x00,0x00,0x00,0x00,0x00,0x00,0x00,0x00,0x00,0x00,0x00,0x00,0x00,0x00,
    0x00,0x00,0x20,0x00,0x00,0x00,0x21,0x00,0x21,0x00,0x00,0x00,0x00,0x00,0x20,0x00,
    0x21,0x00,0x21,0x00,0x21,0x00,0x21,0x00,0x20,0x00,0x20,0x00,0x20,0x00,0x00,0x00,
    0x00,0x00,0x00,0x00,0x21,0x00,0x00,0x00,0x00,0x00,0x21,0x00,0x00,0x00,0x21,0x00,
    0x21,0x00,0x21,0x00,0x21,0x00,0x00,0x00,0x00,0x00,0x00,0x00,0x00,0x00,0x00,0x00,
    0x00,0x00,0x00,0x00,0x00,0x00,0x00,0x00,0x00,0x00,0x20,0x00,0x00,0x00,0x20,0x00,
    0x20,0x00,0x00,0x00,0x00,0x00,0x00,0x00,0x00,0x00,0x00,0x00,0x00,0x00,0x00,0x00,
    0x00,0x00,0x00,0x00,0x00,0x00,0x00,0x00,0x00,0x00,0x00,0x00,0x00,0x00,0x00,0x00,
    0x00,0x00,0x00,0x00,0x00,0x00,0x00,0x00,0x00,0x00,0x00,0x00,0x00,0x00,0x21,0x00,
    0x20,0x00,0x20,0x00,0x20,0x00,0x20,0x00,0x21,0x00,0x20,0x00,0x00,0x00,0x00,0x00,
    0x00,0x00,0x00,0x00,0x20,0x00,0x41,0x00,0x20,0x00,0x20,0x00,0x00,0x00,0x00,0x00,
    0x00,0x00,0x20,0x00,0x00,0x00,0x00,0x00,0x00,0x00,0x00,0x00,0x00,0x00,0x00,0x00,
    0x00,0x00,0x00,0x00,0x00,0x00,0x41,0x00,0xc3,0x10,0x00,0x00,0xc7,0x31,0x65,0x29,
    0x00,0x00,0x21,0x00,0x00,0x00,0x00,0x00,0x00,0x00,0x00,0x00,0x00,0x00,0x00,0x00,
    0x00,0x00,0x00,0x00,0x00,0x00,0x00,0x00,0x00,0x00,0x00,0x00,0x00,0x00,0x00,0x00,
    0x00,0x00,0x00,0x00,0x00,0x00,0x00,0x00,0x00,0x00,0x00,0x00,0x00,0x00,0x00,0x00,
    0x00,0x00,0x00,0x00,0x00,0x00,0x00,0x00,0x00,0x00,0x00,0x00,0x00,0x00,0x00,0x00,
    0x00,0x00,0x00,0x00,0x00,0x00,0x00,0x00,0x00,0x00,0x00,0x00,0x00,0x00,0x00,0x00,
    0x00,0x00,0x00,0x00,0x00,0x00,0x00,0x00,0x00,0x00,0x00,0x00,0x00,0x00,0x00,0x00,
    0x00,0x00,0x00,0x00,0x00,0x00,0x00,0x00,0x00,0x00,0x00,0x00,0x00,0x00,0x00,0x00,
    0x00,0x00,0x00,0x00,0x00,0x00,0x00,0x00,0x00,0x00,0x00,0x00,0x00,0x00,0x00,0x00,
    0x00,0x00,0x00,0x00,0x00,0x00,0x00,0x00,0x00,0x00,0x20,0x00,0x00,0x00,0x00,0x00,
    0x00,0x00,0x00,0x00,0x00,0x00,0x00,0x00,0x00,0x00,0x00,0x00,0x00,0x00,0x00,0x00,
    0x00,0x00,0x00,0x00,0x00,0x00,0x00,0x00,0x00,0x00,0x20,0x00,0x00,0x00,0x20,0x00,
    0x21,0x00,0x00,0x00,0x00,0x00,0x20,0x00,0x21,0x00,0x21,0x00,0x21,0x00,0x21,0x00,
    0x20,0x00,0x21,0x00,0x21,0x00,0x00,0x00,0x00,0x00,0x00,0x00,0x21,0x00,0x00,0x00,
    0x21,0x00,0x00,0x00,0x00,0x00,0x21,0x00,0x20,0x00,0x21,0x00,0x20,0x00,0x00,0x00,
    0x00,0x00,0x00,0x00,0x00,0x00,0x00,0x00,0x00,0x00,0x00,0x00,0x00,0x00,0x00,0x00,
    0x00,0x00,0x00,0x00,0x00,0x00,0x21,0x00,0x20,0x00,0x00,0x00,0x00,0x00,0x00,0x00,
    0x00,0x00,0x00,0x00,0x00,0x00,0x00,0x00,0x00,0x00,0x00,0x00,0x00,0x00,0x00,0x00,
    0x00,0x00,0x00,0x00,0x00,0x00,0x00,0x00,0x00,0x00,0x00,0x00,0x00,0x00,0x00,0x00,
    0x00,0x00,0x00,0x00,0x00,0x00,0x21,0x00,0x21,0x00,0x21,0x00,0x21,0x00,0x41,0x00,
    0x21,0x00,0x21,0x00,0x00,0x00,0x00,0x00,0x00,0x00,0x00,0x00,0x20,0x00,0x41,0x00,
    0x41,0x00,0x21,0x00,0x20,0x00,0x00,0x00,0x00,0x00,0x20,0x00,0x20,0x00,0x00,0x00,
    0x00,0x00,0x00,0x00,0x00,0x00,0x00,0x00,0x00,0x00,0x00,0x00,0x00,0x00,0x82,0x08,
    0x8e,0x6b,0x61,0x08,0x20,0x00,0x00,0x00,0x00,0x00,0x00,0x00,0x00,0x00,0x00,0x00,
    0x00,0x00,0x00,0x00,0x00,0x00,0x00,0x00,0x00,0x00,0x00,0x00,0x00,0x00,0x00,0x00,
    0x00,0x00,0x00,0x00,0x00,0x00,0x00,0x00,0x00,0x00,0x00,0x00,0x00,0x00,0x00,0x00,
    0x00,0x00,0x00,0x00,0x00,0x00,0x00,0x00,0x00,0x00,0x00,0x00,0x00,0x00,0x00,0x00,
    0x00,0x00,0x00,0x00,0x00,0x00,0x00,0x00,0x00,0x00,0x00,0x00,0x00,0x00,0x00,0x00,
    0x00,0x00,0x00,0x00,0x00,0x00,0x00,0x00,0x00,0x00,0x00,0x00,0x00,0x00,0x00,0x00,
    0x00,0x00,0x00,0x00,0x00,0x00,0x00,0x00,0x00,0x00,0x00,0x00,0x00,0x00,0x00,0x00,
    0x00,0x00,0x00,0x00,0x00,0x00,0x00,0x00,0x00,0x00,0x00,0x00,0x00,0x00,0x00,0x00,
    0x00,0x00,0x00,0x00,0x00,0x00,0x00,0x00,0x00,0x00,0x00,0x00,0x00,0x00,0x00,0x00,
    0x00,0x00,0x20,0x00,0x00,0x00,0x00,0x00,0x00,0x00,0x00,0x00,0x00,0x00,0x00,0x00,
    0x00,0x00,0x00,0x00,0x00,0x00,0x00,0x00,0x00,0x00,0x00,0x00,0x00,0x00,0x00,0x00,
    0x00,0x00,0x20,0x00,0x00,0x00,0x20,0x00,0x20,0x00,0x00,0x00,0x20,0x00,0x20,0x00,
    0x21,0x00,0x21,0x00,0x21,0x00,0x21,0x00,0x20,0x00,0x21,0x00,0x20,0x00,0x00,0x00,
    0x00,0x00,0x21,0x00,0x21,0x00,0x00,0x00,0x21,0x00,0x00,0x00,0x00,0x00,0x21,0x00,
    0x20,0x00,0x21,0x00,0x00,0x00,0x00,0x00,0x00,0x00,0x00,0x00,0x00,0x00,0x00,0x00,
    0x00,0x00,0x00,0x00,0x00,0x00,0x00,0x00,0x00,0x00,0x00,0x00,0x00,0x00,0x21,0x00,
    0x00,0x00,0x00,0x00,0x00,0x00,0x00,0x00,0x00,0x00,0x00,0x00,0x00,0x00,0x00,0x00,
    0x00,0x00,0x00,0x00,0x00,0x00,0x00,0x00,0x00,0x00,0x00,0x00,0x00,0x00,0x00,0x00,
    0x00,0x00,0x00,0x00,0x00,0x00,0x00,0x00,0x00,0x00,0x00,0x00,0x00,0x00,0x21,0x00,
    0x21,0x00,0x21,0x00,0x41,0x00,0x41,0x00,0x20,0x00,0x41,0x00,0x20,0x00,0x00,0x00,
    0x00,0x00,0x00,0x00,0x00,0x00,0x41,0x00,0x41,0x00,0x41,0x00,0x21,0x00,0x20,0x00,
    0x00,0x00,0x00,0x00,0x00,0x00,0x20,0x00,0x20,0x00,0x00,0x00,0x00,0x00,0x00,0x00,
    0x00,0x00,0x00,0x00,0x00,0x00,0x41,0x00,0xeb,0x5a,0x10,0x7c,0x49,0x42,0xc7,0x31,
    0x28,0x42,0x0c,0x5b,0x62,0x08,0x00,0x00,0x00,0x00,0x00,0x00,0x00,0x00,0x00,0x00,
    0x00,0x00,0x00,0x00,0x00,0x00,0x00,0x00,0x00,0x00,0x00,0x00,0x00,0x00,0x00,0x00,
    0x00,0x00,0x00,0x00,0x00,0x00,0x00,0x00,0x00,0x00,0x00,0x00,0x00,0x00,0x00,0x00,
    0x00,0x00,0x00,0x00,0x00,0x00,0x00,0x00,0x00,0x00,0x21,0x00,0x20,0x00,0x20,0x00,
    0x00,0x00,0x00,0x00,0x00,0x00,0x00,0x00,0x00,0x00,0x00,0x00,0x00,0x00,0x00,0x00,
    0x00,0x00,0x00,0x00,0x00,0x00,0x00,0x00,0x00,0x00,0x00,0x00,0x00,0x00,0x00,0x00,
    0x00,0x00,0x00,0x00,0x00,0x00,0x00,0x00,0x00,0x00,0x00,0x00,0x00,0x00,0x00,0x00,
    0x00,0x00,0x00,0x00,0x00,0x00,0x00,0x00,0x00,0x00,0x00,0x00,0x00,0x00,0x00,0x00,
    0x00,0x00,0x00,0x00,0x00,0x00,0x20,0x00,0x00,0x00,0x20,0x00,0x00,0x00,0x00,0x00,
    0x00,0x00,0x00,0x00,0x00,0x00,0x00,0x00,0x00,0x00,0x00,0x00,0x00,0x00,0x00,0x00,
    0x00,0x00,0x00,0x00,0x00,0x00,0x00,0x00,0x20,0x00,0x20,0x00,0x00,0x00,0x21,0x00,
    0x20,0x00,0x20,0x00,0x21,0x00,0x21,0x00,0x21,0x00,0x21,0x00,0x21,0x00,0x21,0x00,
    0x20,0x00,0x20,0x00,0x00,0x00,0x00,0x00,0x00,0x00,0x21,0x00,0x00,0x00,0x00,0x00,
    0x21,0x00,0x00,0x00,0x21,0x00,0x21,0x00,0x21,0x00,0x21,0x00,0x00,0x00,0x00,0x00,
    0x00,0x00,0x00,0x00,0x00,0x00,0x00,0x00,0x00,0x00,0x00,0x00,0x00,0x00,0x00,0x00,
    0x00,0x00,0x00,0x00,0x20,0x00,0x20,0x00,0x00,0x00,0x00,0x00,0x00,0x00,0x00,0x00,
    0x00,0x00,0x00,0x00,0x00,0x00,0x00,0x00,0x00,0x00,0x00,0x00,0x00,0x00,0x00,0x00,
    0x00,0x00,0x00,0x00,0x00,0x00,0x00,0x00,0x00,0x00,0x00,0x00,0x00,0x00,0x00,0x00,
    0x00,0x00,0x00,0x00,0x00,0x00,0x21,0x00,0x41,0x00,0x41,0x00,0x41,0x00,0x41,0x00,
    0x41,0x00,0x41,0x00,0x21,0x00,0x00,0x00,0x00,0x00,0x00,0x00,0x00,0x00,0x20,0x00,
    0x41,0x00,0x21,0x00,0x41,0x08,0x41,0x00,0x21,0x00,0x00,0x00,0x00,0x00,0x00,0x00,
    0x00,0x00,0x20,0x00,0x00,0x00,0x00,0x00,0x00,0x00,0x20,0x00,0x00,0x00,0x49,0x42,
    0xc7,0x31,0xc7,0x31,0xae,0x6b,0xef,0x73,0xae,0x6b,0xc7,0x31,0x00,0x00,0x00,0x00,
    0x00,0x00,0x00,0x00,0x00,0x00,0x00,0x00,0x00,0x00,0x00,0x00,0x00,0x00,0x00,0x00,
    0x00,0x00,0x00,0x00,0x00,0x00,0x00,0x00,0x00,0x00,0x00,0x00,0x00,0x00,0x00,0x00,
    0x00,0x00,0x00,0x00,0x00,0x00,0x00,0x00,0x00,0x00,0x00,0x00,0x00,0x00,0x00,0x00,
    0x20,0x00,0x00,0x00,0x21,0x00,0x41,0x08,0x41,0x00,0x20,0x00,0x00,0x00,0x00,0x00,
    0x00,0x00,0x41,0x00,0xc3,0x10,0x62,0x08,0x00,0x00,0x00,0x00,0x00,0x00,0x00,0x00,
    0x00,0x00,0x00,0x00,0x00,0x00,0x00,0x00,0x00,0x00,0x00,0x00,0x00,0x00,0x00,0x00,
    0x00,0x00,0x00,0x00,0x00,0x00,0x00,0x00,0x00,0x00,0x00,0x00,0x00,0x00,0x00,0x00,
    0x00,0x00,0x00,0x00,0x00,0x00,0x00,0x00,0x00,0x00,0x00,0x00,0x20,0x00,0x20,0x00,
    0x00,0x00,0x20,0x00,0x00,0x00,0x00,0x00,0x00,0x00,0x00,0x00,0x00,0x00,0x00,0x00,
    0x00,0x00,0x00,0x00,0x00,0x00,0x00,0x00,0x00,0x00,0x00,0x00,0x00,0x00,0x00,0x00,
    0x21,0x00,0x20,0x00,0x20,0x00,0x20,0x00,0x00,0x00,0x00,0x00,0x21,0x00,0x21,0x00,
    0x21,0x00,0x21,0x00,0x21,0x00,0x21,0x00,0x21,0x00,0x00,0x00,0x00,0x00,0x00,0x00,
    0x00,0x00,0x21,0x00,0x00,0x00,0x00,0x00,0x00,0x00,0x00,0x00,0x21,0x00,0x21,0x00,
    0x21,0x00,0x20,0x00,0x00,0x00,0x00,0x00,0x00,0x00,0x00,0x00,0x00,0x00,0x00,0x00,
    0x00,0x00,0x00,0x00,0x00,0x00,0x00,0x00,0x00,0x00,0x00,0x00,0x20,0x00,0x20,0x00,
    0x00,0x00,0x00,0x00,0x00,0x00,0x00,0x00,0x00,0x00,0x00,0x00,0x00,0x00,0x00,0x00,
    0x00,0x00,0x00,0x00,0x00,0x00,0x00,0x00,0x00,0x00,0x00,0x00,0x00,0x00,0x00,0x00,
    0x00,0x00,0x00,0x00,0x00,0x00,0x00,0x00,0x00,0x00,0x00,0x00,0x20,0x00,0x21,0x00,
    0x41,0x00,0x41,0x00,0x41,0x00,0x41,0x00,0x41,0x00,0x41,0x00,0x21,0x00,0x20,0x00,
    0x00,0x00,0x00,0x00,0x00,0x00,0x00,0x00,0x41,0x00,0x41,0x00,0x41,0x08,0x41,0x00,
    0x41,0x00,0x21,0x00,0x20,0x00,0x00,0x00,0x00,0x00,0x00,0x00,0x00,0x00,0x20,0x00,
    0x00,0x00,0x20,0x00,0x00,0x00,0x24,0x21,0x71,0x84,0x69,0x42,0x24,0x19,0xc2,0x08,
    0xa6,0x29,0x86,0x29,0x00,0x00,0x00,0x00,0x00,0x00,0x00,0x00,0x00,0x00,0x00,0x00,
    0x00,0x00,0x00,0x00,0x00,0x00,0x00,0x00,0x00,0x00,0x00,0x00,0x00,0x00,0x00,0x00,
    0x00,0x00,0x00,0x00,0x00,0x00,0x00,0x00,0x00,0x00,0x00,0x00,0x00,0x00,0x00,0x00,
    0x00,0x00,0x00,0x00,0x00,0x00,0x00,0x00,0x20,0x00,0x00,0x00,0x00,0x00,0x20,0x00,
    0x41,0x00,0x20,0x00,0x00,0x00,0x00,0x00,0x00,0x00,0x00,0x00,0x61,0x08,0xa2,0x10,
    0x20,0x00,0x00,0x00,0x20,0x00,0x20,0x00,0x00,0x00,0x00,0x00,0x00,0x00,0x00,0x00,
    0x00,0x00,0x00,0x00,0x00,0x00,0x00,0x00,0x00,0x00,0x20,0x00,0x00,0x00,0x00,0x00,
    0x00,0x00,0x00,0x00,0x00,0x00,0x20,0x00,0x20,0x00,0x00,0x00,0x00,0x00,0x00,0x00,
    0x00,0x00,0x20,0x00,0x00,0x00,0x00,0x00,0x00,0x00,0x00,0x00,0x00,0x00,0x00,0x00,
    0x00,0x00,0x00,0x00,0x00,0x00,0x00,0x00,0x00,0x00,0x00,0x00,0x00,0x00,0x00,0x00,
    0x00,0x00,0x00,0x00,0x00,0x00,0x00,0x00,0x21,0x00,0x21,0x00,0x21,0x00,0x00,0x00,
    0x00,0x00,0x20,0x00,0x21,0x00,0x21,0x00,0x21,0x00,0x21,0x00,0x21,0x00,0x21,0x00,
    0x21,0x00,0x00,0x00,0x00,0x00,0x00,0x00,0x21,0x00,0x00,0x00,0x21,0x00,0x00,0x00,
    0x00,0x00,0x21,0x00,0x00,0x00,0x21,0x00,0x21,0x00,0x00,0x00,0x00,0x00,0x00,0x00,
    0x00,0x00,0x00,0x00,0x00,0x00,0x00,0x00,0x00,0x00,0x00,0x00,0x00,0x00,0x00,0x00,
    0x00,0x00,0x00,0x00,0x21,0x00,0x00,0x00,0x00,0x00,0x00,0x00,0x00,0x00,0x00,0x00,
    0x00,0x00,0x00,0x00,0x00,0x00,0x00,0x00,0x00,0x00,0x00,0x00,0x00,0x00,0x00,0x00,
    0x00,0x00,0x00,0x00,0x00,0x00,0x00,0x00,0x00,0x00,0x00,0x00,0x00,0x00,0x00,0x00,
    0x00,0x00,0x00,0x00,0x20,0x00,0x21,0x00,0x21,0x00,0x41,0x00,0x41,0x00,0x41,0x00,
    0x20,0x00,0x21,0x00,0x21,0x00,0x21,0x00,0x00,0x00,0x00,0x00,0x00,0x00,0x00,0x00,
    0x00,0x00,0x41,0x00,0x41,0x08,0x41,0x08,0x41,0x00,0x41,0x08,0x21,0x00,0x20,0x00,
    0x20,0x00,0x00,0x00,0x00,0x00,0x20,0x00,0x21,0x00,0x20,0x00,0x00,0x00,0x00,0x00,
    0x85,0x29,0xef,0x73,0x50,0x7c,0x51,0x84,0xcf,0x73,0x45,0x29,0x00,0x00,0x21,0x00,
    0x00,0x00,0x00,0x00,0x00,0x00,0x00,0x00,0x00,0x00,0x00,0x00,0x00,0x00,0x00,0x00,
    0x00,0x00,0x00,0x00,0x00,0x00,0x00,0x00,0x00,0x00,0x00,0x00,0x00,0x00,0x00,0x00,
    0x00,0x00,0x00,0x00,0x00,0x00,0x00,0x00,0x00,0x00,0x00,0x00,0x20,0x00,0x00,0x00,
    0x00,0x00,0x00,0x00,0x00,0x00,0x00,0x00,0x20,0x00,0x41,0x08,0x41,0x00,0x21,0x00,
    0x21,0x00,0x20,0x00,0x00,0x00,0x00,0x00,0x00,0x00,0x00,0x00,0x20,0x00,0x20,0x00,
    0x20,0x00,0x20,0x00,0x20,0x00,0x00,0x00,0x00,0x00,0x00,0x00,0x00,0x00,0x00,0x00,
    0x00,0x00,0x00,0x00,0x00,0x00,0x00,0x00,0x00,0x00,0x00,0x00,0x00,0x00,0x00,0x00,
    0x00,0x00,0x00,0x00,0x00,0x00,0x00,0x00,0x00,0x00,0x00,0x00,0x20,0x00,0x00,0x00,
    0x00,0x00,0x00,0x00,0x00,0x00,0x00,0x00,0x00,0x00,0x00,0x00,0x20,0x00,0x00,0x00,
    0x00,0x00,0x00,0x00,0x00,0x00,0x00,0x00,0x00,0x00,0x00,0x00,0x21,0x00,0x21,0x00,
    0x21,0x00,0x21,0x00,0x21,0x00,0x00,0x00,0x00,0x00,0x21,0x00,0x21,0x00,0x21,0x00,
    0x21,0x00,0x21,0x00,0x21,0x00,0x21,0x00,0x20,0x00,0x00,0x00,0x00,0x00,0x00,0x00,
    0x21,0x00,0x20,0x00,0x20,0x00,0x21,0x00,0x20,0x00,0x21,0x00,0x21,0x00,0x21,0x00,
    0x21,0x00,0x00,0x00,0x00,0x00,0x00,0x00,0x00,0x00,0x00,0x00,0x20,0x00,0x00,0x00,
    0x00,0x00,0x00,0x00,0x20,0x00,0x00,0x00,0x00,0x00,0x00,0x00,0x20,0x00,0x00,0x00,
    0x00,0x00,0x00,0x00,0x00,0x00,0x00,0x00,0x00,0x00,0x00,0x00,0x00,0x00,0x00,0x00,
    0x00,0x00,0x00,0x00,0x00,0x00,0x00,0x00,0x00,0x00,0x00,0x00,0x00,0x00,0x00,0x00,
    0x00,0x00,0x00,0x00,0x00,0x00,0x00,0x00,0x00,0x00,0x20,0x00,0x21,0x00,0x21,0x00,
    0x21,0x00,0x21,0x00,0x21,0x00,0x21,0x00,0x21,0x00,0x21,0x00,0x21,0x00,0x21,0x00,
    0x20,0x00,0x00,0x00,0x00,0x00,0x00,0x00,0x00,0x00,0x41,0x00,0x41,0x00,0x41,0x00,
    0x41,0x08,0x41,0x08,0x21,0x00,0x41,0x00,0x20,0x00,0x00,0x00,0x00,0x00,0x00,0x00,
    0x00,0x00,0x00,0x00,0x41,0x00,0x82,0x08,0x00,0x00,0x20,0x00,0xa2,0x10,0x82,0x08,
    0x00,0x00,0x00,0x00,0x00,0x00,0x00,0x00,0x00,0x00,0x00,0x00,0x00,0x00,0x00,0x00,
    0x00,0x00,0x00,0x00,0x00,0x00,0x00,0x00,0x00,0x00,0x00,0x00,0x00,0x00,0x00,0x00,
    0x00,0x00,0x00,0x00,0x00,0x00,0x00,0x00,0x20,0x00,0x20,0x00,0x20,0x00,0x00,0x00,
    0x20,0x00,0x20,0x00,0x00,0x00,0x00,0x00,0x00,0x00,0x00,0x00,0x00,0x00,0x00,0x00,
    0x00,0x00,0x21,0x00,0x41,0x00,0x21,0x00,0x41,0x00,0x21,0x00,0x21,0x00,0x21,0x00,
    0x20,0x00,0x20,0x00,0x20,0x00,0x20,0x00,0x20,0x00,0x40,0x00,0x20,0x00,0x00,0x00,
    0x00,0x00,0x00,0x00,0x00,0x00,0x00,0x00,0x00,0x00,0x00,0x00,0x00,0x00,0x00,0x00,
    0x00,0x00,0x00,0x00,0x20,0x00,0x00,0x00,0x00,0x00,0x00,0x00,0x00,0x00,0x00,0x00,
    0x20,0x00,0x00,0x00,0x00,0x00,0x00,0x00,0x00,0x00,0x00,0x00,0x00,0x00,0x00,0x00,
    0x00,0x00,0x00,0x00,0x20,0x00,0x00,0x00,0x00,0x00,0x00,0x00,0x00,0x00,0x00,0x00,
    0x00,0x00,0x00,0x00,0x21,0x00,0x21,0x00,0x21,0x00,0x21,0x00,0x00,0x00,0x00,0x00,
    0x20,0x00,0x21,0x00,0x21,0x00,0x21,0x00,0x21,0x00,0x21,0x00,0x21,0x00,0x21,0x00,
    0x20,0x00,0x00,0x00,0x00,0x00,0x21,0x00,0x21,0x00,0x21,0x00,0x21,0x00,0x21,0x00,
    0x21,0x00,0x21,0x00,0x21,0x00,0x21,0x00,0x21,0x00,0x00,0x00,0x00,0x00,0x00,0x00,
    0x00,0x00,0x00,0x00,0x00,0x00,0x00,0x00,0x00,0x00,0x20,0x00,0x20,0x00,0x00,0x00,
    0x00,0x00,0x00,0x00,0x20,0x00,0x00,0x00,0x00,0x00,0x00,0x00,0x00,0x00,0x00,0x00,
    0x00,0x00,0x00,0x00,0x00,0x00,0x00,0x00,0x00,0x00,0x00,0x00,0x00,0x00,0x00,0x00,
    0x00,0x00,0x00,0x00,0x00,0x00,0x00,0x00,0x00,0x00,0x00,0x00,0x00,0x00,0x00,0x00,
    0x00,0x00,0x20,0x00,0x21,0x00,0x21,0x00,0x21,0x00,0x21,0x00,0x21,0x00,0x21,0x00,
    0x21,0x00,0x21,0x00,0x21,0x00,0x21,0x00,0x21,0x00,0x00,0x00,0x00,0x00,0x00,0x00,
    0x00,0x00,0x20,0x00,0x41,0x00,0x41,0x00,0x41,0x08,0x41,0x08,0x41,0x00,0x41,0x08,
    0x41,0x00,0x21,0x00,0x00,0x00,0x00,0x00,0x00,0x00,0x20,0x00,0x20,0x00,0x00,0x00,
    0x82,0x08,0x24,0x21,0x00,0x00,0x00,0x00,0x00,0x00,0x20,0x00,0x00,0x00,0x00,0x00,
    0x00,0x00,0x00,0x00,0x00,0x00,0x00,0x00,0x20,0x00,0x20,0x00,0x20,0x00,0x20,0x00,
    0x21,0x00,0x20,0x00,0x20,0x00,0x20,0x00,0x00,0x00,0x20,0x00,0x00,0x00,0x00,0x00,
    0x00,0x00,0x20,0x00,0x20,0x00,0x00,0x00,0x00,0x00,0x00,0x00,0x00,0x00,0x00,0x00,
    0x00,0x00,0x00,0x00,0x20,0x00,0x20,0x00,0x00,0x00,0x00,0x00,0x21,0x00,0x41,0x08,
    0x21,0x00,0x21,0x00,0x21,0x00,0x41,0x00,0x40,0x00,0x40,0x00,0x20,0x00,0x20,0x00,
    0x20,0x00,0x20,0x00,0x20,0x00,0x00,0x00,0x00,0x00,0x00,0x00,0x00,0x00,0x00,0x00,
    0x00,0x00,0x00,0x00,0x00,0x00,0x00,0x00,0x00,0x00,0x00,0x00,0x00,0x00,0x00,0x00,
    0x00,0x00,0x00,0x00,0x00,0x00,0x00,0x00,0x00,0x00,0x00,0x00,0x00,0x00,0x20,0x00,
    0x00,0x00,0x00,0x00,0x00,0x00,0x00,0x00,0x00,0x00,0x00,0x00,0x00,0x00,0x00,0x00,
    0x21,0x00,0x20,0x00,0x20,0x00,0x20,0x00,0x00,0x00,0x00,0x00,0x21,0x00,0x21,0x00,
    0x21,0x00,0x21,0x00,0x00,0x00,0x00,0x00,0x21,0x00,0x21,0x00,0x21,0x00,0x21,0x00,
    0x21,0x00,0x21,0x00,0x21,0x00,0x21,0x00,0x00,0x00,0x00,0x00,0x00,0x00,0x21,0x00,
    0x21,0x00,0x21,0x00,0x21,0x00,0x21,0x00,0x21,0x00,0x21,0x00,0x21,0x00,0x21,0x00,
    0x20,0x00,0x00,0x00,0x00,0x00,0x20,0x00,0x00,0x00,0x00,0x00,0x00,0x00,0x00,0x00,
    0x00,0x00,0x20,0x00,0x00,0x00,0x00,0x00,0x00,0x00,0x00,0x00,0x00,0x00,0x00,0x00,
    0x00,0x00,0x00,0x00,0x00,0x00,0x00,0x00,0x00,0x00,0x00,0x00,0x00,0x00,0x00,0x00,
    0x00,0x00,0x00,0x00,0x00,0x00,0x00,0x00,0x00,0x00,0x00,0x00,0x00,0x00,0x00,0x00,
    0x00,0x00,0x00,0x00,0x00,0x00,0x00,0x00,0x00,0x00,0x20,0x00,0x21,0x00,0x21,0x00,
    0x21,0x00,0x21,0x00,0x21,0x00,0x21,0x00,0x21,0x00,0x21,0x00,0x21,0x00,0x21,0x00,
    0x21,0x00,0x00,0x00,0x00,0x00,0x00,0x00,0x00,0x00,0x00,0x00,0x41,0x00,0x41,0x00,
    0x41,0x00,0x21,0x00,0x41,0x00,0x41,0x00,0x21,0x00,0x41,0x00,0x21,0x00,0x20,0x00,
    0x00,0x00,0x20,0x00,0x20,0x00,0x00,0x00,0xe3,0x18,0x8a,0x4a,0x20,0x00,0x20,0x00,
    0x00,0x00,0x00,0x00,0x00,0x00,0x00,0x00,0x00,0x00,0x00,0x00,0x20,0x00,0x41,0x00,
    0x21,0x00,0x20,0x00,0x21,0x00,0x20,0x00,0x20,0x00,0x20,0x00,0x20,0x00,0x00,0x00,
    0x00,0x00,0x00,0x00,0x00,0x00,0x00,0x00,0x00,0x00,0x00,0x00,0x00,0x00,0x20,0x00,
    0x00,0x00,0x00,0x00,0x00,0x00,0x20,0x00,0x00,0x00,0x00,0x00,0x20,0x00,0x20,0x00,
    0x00,0x00,0x00,0x00,0x00,0x00,0x21,0x00,0x41,0x00,0x41,0x00,0x41,0x00,0x21,0x00,
    0x40,0x00,0x40,0x00,0x40,0x00,0x20,0x00,0x40,0x00,0x20,0x00,0x20,0x00,0x00,0x00,
    0x00,0x00,0x00,0x00,0x00,0x00,0x00,0x00,0x00,0x00,0x00,0x00,0x00,0x00,0x00,0x00,
    0x00,0x00,0x20,0x00,0x00,0x00,0x00,0x00,0x00,0x00,0x00,0x00,0x00,0x00,0x00,0x00,
    0x00,0x00,0x00,0x00,0x00,0x00,0x00,0x00,0x00,0x00,0x21,0x00,0x20,0x00,0x20,0x00,
    0x21,0x00,0x41,0x08,0x00,0x00,0x00,0x00,0x00,0x00,0x00,0x00,0x00,0x00,0x20,0x00,
    0x00,0x00,0x20,0x00,0x21,0x00,0x21,0x00,0x20,0x00,0x00,0x00,0x00,0x00,0x20,0x00,
    0x21,0x00,0x21,0x00,0x21,0x00,0x21,0x00,0x21,0x00,0x21,0x00,0x21,0x00,0x21,0x00,
    0x00,0x00,0x00,0x00,0x00,0x00,0x21,0x00,0x21,0x00,0x21,0x00,0x21,0x00,0x21,0x00,
    0x21,0x00,0x41,0x00,0x41,0x00,0x21,0x00,0x00,0x00,0x00,0x00,0x00,0x00,0x00,0x00,
    0x00,0x00,0x00,0x00,0x00,0x00,0x20,0x00,0x20,0x00,0x00,0x00,0x00,0x00,0x20,0x00,
    0x00,0x00,0x00,0x00,0x00,0x00,0x00,0x00,0x00,0x00,0x00,0x00,0x00,0x00,0x00,0x00,
    0x00,0x00,0x00,0x00,0x00,0x00,0x00,0x00,0x00,0x00,0x00,0x00,0x00,0x00,0x00,0x00,
    0x00,0x00,0x00,0x00,0x00,0x00,0x00,0x00,0x00,0x00,0x00,0x00,0x00,0x00,0x00,0x00,
    0x00,0x00,0x21,0x00,0x21,0x00,0x21,0x00,0x21,0x00,0x21,0x00,0x21,0x00,0x21,0x00,
    0x21,0x00,0x21,0x00,0x21,0x00,0x21,0x00,0x21,0x00,0x20,0x00,0x00,0x00,0x00,0x00,
    0x00,0x00,0x00,0x00,0x20,0x00,0x41,0x00,0x41,0x00,0x21,0x00,0x41,0x08,0x41,0x08,
    0x41,0x00,0x41,0x00,0x41,0x00,0x41,0x08,0x21,0x00,0x20,0x00,0x00,0x00,0x41,0x00,
    0x65,0x29,0x66,0x29,0x41,0x00,0x00,0x00,0x00,0x00,0x00,0x00,0x00,0x00,0x00,0x00,
    0x00,0x00,0x00,0x00,0x21,0x00,0x21,0x00,0x20,0x00,0x20,0x00,0x20,0x00,0x20,0x00,
    0x20,0x00,0x20,0x00,0x00,0x00,0x41,0x00,0x00,0x00,0x00,0x00,0x00,0x00,0x20,0x00,
    0x00,0x00,0x20,0x00,0x20,0x00,0x00,0x00,0x00,0x00,0x00,0x00,0x00,0x00,0x20,0x00,
    0x00,0x00,0x00,0x00,0x00,0x00,0x20,0x00,0x00,0x00,0x00,0x00,0x00,0x00,0x00,0x00,
    0x21,0x00,0x41,0x08,0x41,0x00,0x41,0x08,0x41,0x00,0x40,0x00,0x40,0x00,0x40,0x00,
    0x40,0x00,0x20,0x00,0x41,0x00,0x20,0x00,0x00,0x00,0x00,0x00,0x00,0x00,0x00,0x00,
    0x00,0x00,0x00,0x00,0x00,0x00,0x20,0x00,0x20,0x00,0x20,0x00,0x00,0x00,0x00,0x00,
    0x00,0x00,0x00,0x00,0x00,0x00,0x00,0x00,0x00,0x00,0x00,0x00,0x00,0x00,0x00,0x00,
    0x00,0x00,0x00,0x00,0x00,0x00,0x00,0x00,0x21,0x00,0x61,0x08,0x82,0x10,0x25,0x21,
    0x24,0x21,0xe4,0x18,0x82,0x08,0x00,0x00,0x21,0x00,0x41,0x00,0x21,0x00,0x21,0x00,
    0x20,0x00,0x21,0x00,0x20,0x00,0x21,0x00,0x21,0x00,0x21,0x00,0x21,0x00,0x21,0x00,
    0x20,0x00,0x20,0x00,0x21,0x00,0x00,0x00,0x00,0x00,0x00,0x00,0x20,0x00,0x21,0x00,
    0x21,0x00,0x21,0x00,0x21,0x00,0x20,0x00,0x21,0x00,0x41,0x00,0x21,0x00,0x21,0x00,
    0x00,0x00,0x00,0x00,0x00,0x00,0x00,0x00,0x00,0x00,0x00,0x00,0x00,0x00,0x00,0x00,
    0x20,0x00,0x20,0x00,0x00,0x00,0x20,0x00,0x00,0x00,0x20,0x00,0x00,0x00,0x00,0x00,
    0x00,0x00,0x00,0x00,0x00,0x00,0x00,0x00,0x00,0x00,0x00,0x00,0x00,0x00,0x00,0x00,
    0x00,0x00,0x00,0x00,0x00,0x00,0x00,0x00,0x00,0x00,0x00,0x00,0x00,0x00,0x00,0x00,
    0x00,0x00,0x00,0x00,0x00,0x00,0x00,0x00,0x00,0x00,0x21,0x00,0x41,0x00,0x21,0x00,
    0x21,0x00,0x21,0x00,0x21,0x00,0x21,0x00,0x21,0x00,0x21,0x00,0x21,0x00,0x21,0x00,
    0x21,0x00,0x21,0x00,0x00,0x00,0x00,0x00,0x00,0x00,0x00,0x00,0x00,0x00,0x41,0x00,
    0x41,0x00,0x41,0x00,0x41,0x00,0x41,0x00,0x41,0x00,0x41,0x08,0x21,0x00,0x41,0x08,
    0x20,0x00,0x20,0x00,0x41,0x00,0x82,0x08,0x45,0x21,0x45,0x21,0x20,0x00,0x20,0x00,
    0x00,0x00,0x00,0x00,0x00,0x00,0x00,0x00,0x00,0x00,0x20,0x00,0x20,0x00,0x20,0x00,
    0x20,0x00,0x20,0x00,0x20,0x00,0x20,0x00,0x20,0x00,0x20,0x00,0x00,0x00,0x41,0x00,
    0x00,0x00,0x20,0x00,0x20,0x00,0x00,0x00,0x00,0x00,0x41,0x00,0x21,0x00,0x00,0x00,
    0x00,0x00,0x00,0x00,0x00,0x00,0x00,0x00,0x20,0x00,0x00,0x00,0x00,0x00,0x00,0x00,
    0x20,0x00,0x00,0x00,0x00,0x00,0x20,0x00,0x00,0x00,0x21,0x00,0x41,0x08,0x41,0x08,
    0x41,0x00,0x40,0x00,0x40,0x00,0x40,0x00,0x41,0x00,0x20,0x00,0x40,0x00,0x20,0x00,
    0x00,0x00,0x00,0x00,0x00,0x00,0x00,0x00,0x00,0x00,0x00,0x00,0x00,0x00,0x20,0x00,
    0x20,0x00,0x00,0x00,0x00,0x00,0x00,0x00,0x00,0x00,0x00,0x00,0x00,0x00,0x00,0x00,
    0x00,0x00,0x00,0x00,0x00,0x00,0x00,0x00,0x00,0x00,0x00,0x00,0x00,0x00,0x00,0x00,
    0x00,0x00,0x00,0x00,0x20,0x00,0x82,0x08,0xc3,0x10,0xa7,0x31,0x86,0x29,0x82,0x08,
    0xe4,0x18,0x66,0x29,0xc3,0x10,0x61,0x08,0x00,0x00,0x00,0x00,0x00,0x00,0x41,0x00,
    0x21,0x00,0x21,0x00,0x21,0x00,0x21,0x00,0x21,0x00,0x21,0x00,0x21,0x00,0x00,0x00,
    0x00,0x00,0x00,0x00,0x21,0x00,0x21,0x00,0x21,0x00,0x21,0x00,0x00,0x00,0x21,0x00,
    0x41,0x00,0x41,0x00,0x21,0x00,0x20,0x00,0x00,0x00,0x00,0x00,0x00,0x00,0x00,0x00,
    0x20,0x00,0x20,0x00,0x20,0x00,0x20,0x00,0x00,0x00,0x20,0x00,0x20,0x00,0x00,0x00,
    0x00,0x00,0x20,0x00,0x00,0x00,0x00,0x00,0x00,0x00,0x00,0x00,0x00,0x00,0x00,0x00,
    0x00,0x00,0x00,0x00,0x00,0x00,0x00,0x00,0x00,0x00,0x00,0x00,0x00,0x00,0x00,0x00,
    0x00,0x00,0x00,0x00,0x00,0x00,0x00,0x00,0x00,0x00,0x00,0x00,0x00,0x00,0x00,0x00,
    0x00,0x00,0x41,0x00,0x41,0x00,0x41,0x00,0x21,0x00,0x21,0x00,0x21,0x00,0x21,0x00,
    0x21,0x00,0x21,0x00,0x21,0x00,0x21,0x00,0x21,0x00,0x41,0x00,0x20,0x00,0x00,0x00,
    0x00,0x00,0x00,0x00,0x00,0x00,0x21,0x00,0x41,0x00,0x21,0x00,0x21,0x00,0x41,0x00,
    0x21,0x00,0x21,0x00,0x41,0x08,0x21,0x00,0x20,0x00,0x20,0x00,0x20,0x00,0x61,0x08,
    0xa6,0x31,0x41,0x00,0x20,0x00,0x00,0x00,0x00,0x00,0x00,0x00,0x00,0x00,0x00,0x00,
    0x20,0x00,0x20,0x00,0x20,0x00,0x20,0x00,0x20,0x00,0x20,0x00,0x20,0x00,0x20,0x00,
    0x20,0x00,0x21,0x00,0x20,0x00,0x00,0x00,0x20,0x00,0x00,0x00,0x00,0x00,0x00,0x00,
    0x20,0x00,0x00,0x00,0x00,0x00,0x00,0x00,0x20,0x00,0x20,0x00,0x20,0x00,0x20,0x00,
    0x20,0x00,0x20,0x00,0x00,0x00,0x00,0x00,0x21,0x00,0x20,0x00,0x00,0x00,0x20,0x00,
    0x00,0x00,0x00,0x00,0x20,0x00,0x41,0x08,0x41,0x08,0x41,0x08,0x41,0x08,0x41,0x08,
    0x41,0x08,0x41,0x08,0x41,0x08,0x20,0x00,0x00,0x00,0x00,0x00,0x00,0x00,0x00,0x00,
    0x00,0x00,0x00,0x00,0x20,0x00,0x00,0x00,0x20,0x00,0x00,0x00,0x00,0x00,0x00,0x00,
    0x00,0x00,0x00,0x00,0x00,0x00,0x00,0x00,0x00,0x00,0x00,0x00,0x00,0x00,0x00,0x00,
    0x00,0x00,0x00,0x00,0x00,0x00,0x00,0x00,0x20,0x00,0x00,0x00,0x00,0x00,0x00,0x00,
    0x00,0x00,0x00,0x00,0x00,0x00,0x21,0x00,0x21,0x00,0x21,0x00,0x62,0x08,0xa3,0x10,
    0x00,0x00,0xc3,0x10,0x41,0x00,0x20,0x00,0x21,0x00,0x21,0x00,0x21,0x00,0x21,0x00,
    0x21,0x00,0x21,0x00,0x00,0x00,0x00,0x00,0x20,0x00,0x20,0x00,0x21,0x00,0x21,0x00,
    0x21,0x00,0x21,0x00,0x00,0x00,0x21,0x00,0x41,0x00,0x21,0x00,0x21,0x00,0x00,0x00,
    0x00,0x00,0x00,0x00,0x00,0x00,0x20,0x00,0x20,0x00,0x20,0x00,0x20,0x00,0x20,0x00,
    0x00,0x00,0x00,0x00,0x21,0x00,0x00,0x00,0x20,0x00,0x00,0x00,0x00,0x00,0x20,0x00,
    0x00,0x00,0x00,0x00,0x00,0x00,0x00,0x00,0x00,0x00,0x00,0x00,0x00,0x00,0x00,0x00,
    0x00,0x00,0x00,0x00,0x00,0x00,0x00,0x00,0x00,0x00,0x00,0x00,0x00,0x00,0x00,0x00,
    0x00,0x00,0x00,0x00,0x00,0x00,0x00,0x00,0x20,0x00,0x21,0x00,0x21,0x00,0x21,0x00,
    0x41,0x00,0x41,0x00,0x41,0x00,0x41,0x00,0x21,0x00,0x21,0x00,0x21,0x00,0x21,0x00,
    0x21,0x00,0x21,0x00,0x20,0x00,0x00,0x00,0x00,0x00,0x00,0x00,0x00,0x00,0x21,0x00,
    0x41,0x00,0x41,0x00,0x41,0x00,0x41,0x00,0x41,0x00,0x21,0x00,0x21,0x00,0x00,0x00,
    0x20,0x00,0x20,0x00,0x41,0x00,0x40,0x00,0x00,0x00,0x20,0x00,0x20,0x00,0x20,0x00,
    0x00,0x00,0x00,0x00,0x00,0x00,0x00,0x00,0x20,0x00,0x20,0x00,0x20,0x00,0x20,0x00,
    0x20,0x00,0x20,0x00,0x20,0x00,0x20,0x00,0x00,0x00,0x20,0x00,0x00,0x00,0x00,0x00,
    0x21,0x00,0x00,0x00,0x00,0x00,0x20,0x00,0x00,0x00,0x00,0x00,0x00,0x00,0x00,0x00,
    0x20,0x00,0x00,0x00,0x41,0x08,0x20,0x00,0x20,0x00,0x20,0x00,0x00,0x00,0x00,0x00,
    0x21,0x00,0x21,0x00,0x20,0x00,0x21,0x00,0x20,0x00,0x00,0x00,0x00,0x00,0x00,0x00,
    0x20,0x00,0x20,0x00,0x20,0x00,0x20,0x00,0x40,0x00,0x41,0x00,0x41,0x08,0x41,0x00,
    0x00,0x00,0x00,0x00,0x00,0x00,0x00,0x00,0x00,0x00,0x20,0x00,0x00,0x00,0x20,0x00,
    0x00,0x00,0x00,0x00,0x00,0x00,0x00,0x00,0x00,0x00,0x00,0x00,0x00,0x00,0x20,0x00,
    0x00,0x00,0x00,0x00,0x00,0x00,0x00,0x00,0x00,0x00,0x00,0x00,0x00,0x00,0x00,0x00,
    0x00,0x00,0x00,0x00,0x00,0x00,0x20,0x00,0x21,0x00,0x20,0x00,0x21,0x00,0x00,0x00,
    0x00,0x00,0x21,0x00,0x00,0x00,0x00,0x00,0x00,0x00,0xc3,0x10,0x41,0x00,0x21,0x00,
    0x21,0x00,0x21,0x00,0x21,0x00,0x21,0x00,0x21,0x00,0x20,0x00,0x00,0x00,0x00,0x00,
    0x00,0x00,0x61,0x00,0x21,0x00,0x20,0x00,0x21,0x00,0x00,0x00,0x21,0x00,0x21,0x00,
    0x41,0x00,0x21,0x00,0x20,0x00,0x00,0x00,0x00,0x00,0x00,0x00,0x00,0x00,0x20,0x00,
    0x20,0x00,0x20,0x00,0x20,0x00,0x20,0x00,0x00,0x00,0x00,0x00,0x20,0x00,0x20,0x00,
    0x20,0x00,0x00,0x00,0x00,0x00,0x20,0x00,0x00,0x00,0x00,0x00,0x00,0x00,0x00,0x00,
    0x00,0x00,0x00,0x00,0x00,0x00,0x00,0x00,0x00,0x00,0x00,0x00,0x00,0x00,0x00,0x00,
    0x00,0x00,0x00,0x00,0x00,0x00,0x00,0x00,0x00,0x00,0x00,0x00,0x00,0x00,0x00,0x00,
    0x21,0x00,0x41,0x00,0x21,0x00,0x21,0x00,0x41,0x00,0x41,0x00,0x41,0x00,0x41,0x00,
    0x21,0x00,0x21,0x00,0x21,0x00,0x21,0x00,0x21,0x00,0x20,0x00,0x20,0x00,0x00,0x00,
    0x00,0x00,0x00,0x00,0x00,0x00,0x00,0x00,0x41,0x00,0x21,0x00,0x21,0x00,0x41,0x00,
    0x21,0x00,0x41,0x08,0x20,0x00,0x00,0x00,0x00,0x00,0x20,0x00,0x20,0x00,0x41,0x00,
    0x41,0x00,0x21,0x00,0x20,0x00,0x00,0x00,0x00,0x00,0x00,0x00,0x00,0x00,0x00,0x00,
    0x20,0x00,0x21,0x00,0x20,0x00,0x00,0x00,0x00,0x00,0x00,0x00,0x00,0x00,0x20,0x00,
    0x21,0x00,0x00,0x00,0x20,0x00,0x20,0x00,0x20,0x00,0x00,0x00,0x00,0x00,0x00,0x00,
    0x00,0x00,0x00,0x00,0x00,0x00,0x00,0x00,0x20,0x00,0x00,0x00,0x00,0x00,0x00,0x00,
    0x00,0x00,0x00,0x00,0x00,0x00,0x00,0x00,0x00,0x00,0x20,0x00,0x20,0x00,0x21,0x00,
    0x20,0x00,0x00,0x00,0x00,0x00,0x00,0x00,0x00,0x00,0x00,0x00,0x00,0x00,0x00,0x00,
    0x00,0x00,0x00,0x00,0x00,0x00,0x20,0x00,0x00,0x00,0x00,0x00,0x00,0x00,0x00,0x00,
    0x20,0x00,0x00,0x00,0x21,0x00,0x00,0x00,0x00,0x00,0x00,0x00,0x00,0x00,0x00,0x00,
    0x00,0x00,0x20,0x00,0x20,0x00,0x00,0x00,0x00,0x00,0x00,0x00,0x20,0x00,0x21,0x00,
    0x20,0x00,0x20,0x00,0x20,0x00,0x00,0x00,0x20,0x00,0x20,0x00,0x20,0x00,0x20,0x00,
    0x20,0x00,0x00,0x00,0x20,0x00,0x21,0x00,0x21,0x00,0x21,0x00,0x21,0x00,0x00,0x00,
    0x00,0x00,0x00,0x00,0x21,0x00,0x21,0x00,0x21,0x00,0x21,0x00,0x21,0x00,0x21,0x00,
    0x41,0x00,0x61,0x08,0x20,0x00,0x41,0x00,0x62,0x08,0xa6,0x29,0x66,0x21,0xc3,0x10,
    0x21,0x00,0x20,0x00,0x21,0x00,0x41,0x00,0x21,0x00,0x21,0x00,0x00,0x00,0x00,0x00,
    0x00,0x00,0x20,0x00,0x20,0x00,0x00,0x00,0x20,0x00,0x20,0x00,0x20,0x00,0x20,0x00,
    0x00,0x00,0x20,0x00,0x20,0x00,0x20,0x00,0x00,0x00,0x00,0x00,0x00,0x00,0x00,0x00,
    0x20,0x00,0x20,0x00,0x20,0x00,0x00,0x00,0x00,0x00,0x00,0x00,0x00,0x00,0x00,0x00,
    0x00,0x00,0x00,0x00,0x00,0x00,0x00,0x00,0x00,0x00,0x00,0x00,0x00,0x00,0x00,0x00,
    0x00,0x00,0x00,0x00,0x00,0x00,0x00,0x00,0x21,0x00,0x41,0x00,0x41,0x00,0x41,0x00,
    0x41,0x00,0x41,0x00,0x41,0x00,0x41,0x00,0x21,0x00,0x21,0x00,0x21,0x00,0x21,0x00,
    0x41,0x00,0x41,0x00,0x41,0x00,0x20,0x00,0x00,0x00,0x00,0x00,0x00,0x00,0x00,0x00,
    0x20,0x00,0x41,0x00,0x41,0x00,0x41,0x00,0x41,0x00,0x41,0x08,0x21,0x00,0x00,0x00,
    0x00,0x00,0x21,0x00,0x41,0x00,0x21,0x00,0x20,0x00,0x20,0x00,0x00,0x00,0x00,0x00,
    0x00,0x00,0x00,0x00,0x00,0x00,0x20,0x00,0x00,0x00,0x20,0x00,0x20,0x00,0x21,0x00,
    0x41,0x00,0x41,0x00,0x20,0x00,0x21,0x00,0x20,0x00,0x21,0x00,0x00,0x00,0x20,0x00,
    0x21,0x00,0x00,0x00,0x00,0x00,0x20,0x00,0x00,0x00,0x20,0x00,0x21,0x00,0x20,0x00,
    0x20,0x00,0x00,0x00,0x00,0x00,0x00,0x00,0x00,0x00,0x00,0x00,0x00,0x00,0x00,0x00,
    0x00,0x00,0x20,0x00,0x20,0x00,0x20,0x00,0x20,0x00,0x00,0x00,0x00,0x00,0x00,0x00,
    0x20,0x00,0x20,0x00,0x20,0x00,0x00,0x00,0x00,0x00,0x00,0x00,0x00,0x00,0x00,0x00,
    0x00,0x00,0x00,0x00,0x00,0x00,0x00,0x00,0x00,0x00,0x20,0x00,0x20,0x00,0x00,0x00,
    0x00,0x00,0x00,0x00,0x00,0x00,0x20,0x00,0x00,0x00,0x20,0x00,0x20,0x00,0x00,0x00,
    0x00,0x00,0x00,0x00,0x20,0x00,0x20,0x00,0x20,0x00,0x20,0x00,0x20,0x00,0x00,0x00,
    0x20,0x00,0x20,0x00,0x20,0x00,0x20,0x00,0x20,0x00,0x21,0x00,0x21,0x00,0x21,0x00,
    0x21,0x00,0x20,0x00,0x00,0x00,0x00,0x00,0x00,0x00,0x21,0x00,0x21,0x00,0x21,0x00,
    0x21,0x00,0x21,0x00,0x21,0x00,0x21,0x00,0x21,0x00,0x21,0x00,0x00,0x00,0xc3,0x10,
    0x25,0x19,0xc3,0x10,0xe3,0x10,0xa3,0x08,0x61,0x08,0x41,0x00,0x21,0x00,0x41,0x00,
    0x21,0x00,0x21,0x00,0x00,0x00,0x00,0x00,0x20,0x00,0x20,0x00,0x20,0x00,0x00,0x00,
    0x20,0x00,0x20,0x00,0x20,0x00,0x20,0x00,0x20,0x00,0x00,0x00,0x20,0x00,0x20,0x00,
    0x00,0x00,0x00,0x00,0x00,0x00,0x00,0x00,0x20,0x00,0x20,0x00,0x00,0x00,0x00,0x00,
    0x00,0x00,0x00,0x00,0x00,0x00,0x00,0x00,0x00,0x00,0x00,0x00,0x00,0x00,0x00,0x00,
    0x00,0x00,0x00,0x00,0x00,0x00,0x00,0x00,0x00,0x00,0x00,0x00,0x00,0x00,0x00,0x00,
    0x21,0x00,0x41,0x00,0x41,0x00,0x41,0x00,0x41,0x00,0x41,0x00,0x41,0x00,0x41,0x00,
    0x21,0x00,0x21,0x00,0x21,0x00,0x21,0x00,0x41,0x00,0x41,0x00,0x41,0x00,0x21,0x00,
    0x00,0x00,0x00,0x00,0x00,0x00,0x00,0x00,0x00,0x00,0x41,0x00,0x21,0x00,0x21,0x00,
    0x41,0x00,0x20,0x00,0x21,0x00,0x20,0x00,0x21,0x00,0x41,0x00,0x41,0x00,0x41,0x00,
    0x20,0x00,0x00,0x00,0x00,0x00,0x00,0x00,0x00,0x00,0x21,0x00,0x00,0x00,0x66,0x29,
    0x45,0x29,0x00,0x00,0x41,0x00,0x21,0x00,0x20,0x00,0x00,0x00,0x00,0x00,0x00,0x00,
    0x00,0x00,0x00,0x00,0x00,0x00,0x20,0x00,0x20,0x00,0x00,0x00,0x20,0x00,0x20,0x00,
    0x20,0x00,0x20,0x00,0x00,0x00,0x00,0x00,0x20,0x00,0x20,0x00,0x20,0x00,0x20,0x00,
    0x00,0x00,0x21,0x00,0x41,0x08,0x21,0x00,0x20,0x00,0x20,0x00,0x21,0x00,0x20,0x00,
    0x20,0x00,0x20,0x00,0x20,0x00,0x00,0x00,0x00,0x00,0x00,0x00,0x00,0x00,0x00,0x00,
    0x00,0x00,0x00,0x00,0x00,0x00,0x00,0x00,0x00,0x00,0x00,0x00,0x00,0x00,0x00,0x00,
    0x21,0x00,0x21,0x00,0x00,0x00,0x00,0x00,0x00,0x00,0x00,0x00,0x00,0x00,0x20,0x00,
    0x00,0x00,0x20,0x00,0x00,0x00,0x00,0x00,0x00,0x00,0x20,0x00,0x20,0x00,0x20,0x00,
    0x20,0x00,0x20,0x00,0x20,0x00,0x20,0x00,0x20,0x00,0x20,0x00,0x20,0x00,0x20,0x00,
    0x00,0x00,0x21,0x00,0x21,0x00,0x21,0x00,0x21,0x00,0x20,0x00,0x00,0x00,0x00,0x00,
    0x21,0x00,0x21,0x00,0x21,0x00,0x21,0x00,0x21,0x00,0x21,0x00,0x21,0x00,0x21,0x00,
    0x00,0x00,0x00,0x00,0x00,0x00,0x61,0x08,0xa6,0x29,0xc7,0x31,0xe3,0x10,0x82,0x08,
    0x45,0x21,0xa2,0x10,0x21,0x00,0x41,0x00,0x41,0x00,0x20,0x00,0x00,0x00,0x00,0x00,
    0x20,0x00,0x00,0x00,0x20,0x00,0x20,0x00,0x00,0x00,0x21,0x00,0x21,0x00,0x00,0x00,
    0x20,0x00,0x00,0x00,0x20,0x00,0x20,0x00,0x00,0x00,0x00,0x00,0x00,0x00,0x00,0x00,
    0x20,0x00,0x00,0x00,0x44,0x29,0x44,0x21,0x00,0x00,0x00,0x00,0x00,0x00,0x00,0x00,
    0x00,0x00,0x00,0x00,0x00,0x00,0x00,0x00,0x00,0x00,0x00,0x00,0x00,0x00,0x00,0x00,
    0x00,0x00,0x00,0x00,0x00,0x00,0x20,0x00,0x21,0x00,0x41,0x00,0x41,0x00,0x41,0x00,
    0x41,0x00,0x41,0x00,0x41,0x00,0x41,0x00,0x21,0x00,0x21,0x00,0x21,0x00,0x21,0x00,
    0x41,0x00,0x21,0x00,0x21,0x00,0x20,0x00,0x00,0x00,0x00,0x00,0x00,0x00,0x00,0x00,
    0x00,0x00,0x20,0x00,0x20,0x00,0x41,0x00,0x41,0x00,0x41,0x00,0x82,0x08,0x61,0x08,
    0x21,0x00,0x00,0x00,0x00,0x00,0x00,0x00,0x21,0x00,0x20,0x00,0x20,0x00,0x20,0x00,
    0x00,0x00,0x20,0x00,0x00,0x00,0xe4,0x18,0xa3,0x10,0x00,0x00,0x00,0x00,0x00,0x00,
    0x00,0x00,0x00,0x00,0x00,0x00,0x00,0x00,0x00,0x00,0x00,0x00,0x41,0x00,0x20,0x00,
    0x00,0x00,0x20,0x00,0x20,0x00,0x00,0x00,0x00,0x00,0xe4,0x18,0xa7,0x31,0x41,0x08,
    0x00,0x00,0x00,0x00,0x00,0x00,0x00,0x00,0x00,0x00,0x20,0x00,0x20,0x00,0x20,0x00,
    0x21,0x00,0x20,0x00,0x21,0x00,0x21,0x00,0x21,0x00,0x20,0x00,0x20,0x00,0x00,0x00,
    0x00,0x00,0x00,0x00,0x20,0x00,0x20,0x00,0x00,0x00,0x00,0x00,0x00,0x00,0x00,0x00,
    0x00,0x00,0x00,0x00,0x00,0x00,0x00,0x00,0x20,0x00,0x00,0x00,0x00,0x00,0x00,0x00,
    0x00,0x00,0x00,0x00,0x20,0x00,0x20,0x00,0x20,0x00,0x21,0x00,0x20,0x00,0x00,0x00,
    0x00,0x00,0x20,0x00,0x20,0x00,0x20,0x00,0x21,0x00,0x00,0x00,0x00,0x00,0x20,0x00,
    0x20,0x00,0x20,0x00,0x20,0x00,0x20,0x00,0x20,0x00,0x21,0x00,0x21,0x00,0x21,0x00,
    0x21,0x00,0x00,0x00,0x00,0x00,0x21,0x00,0x21,0x00,0x21,0x00,0x21,0x00,0x21,0x00,
    0x21,0x00,0x21,0x00,0x21,0x00,0x21,0x00,0x00,0x00,0x20,0x00,0x21,0x00,0x21,0x00,
    0xc3,0x10,0x65,0x21,0xe4,0x10,0x21,0x00,0x21,0x00,0x21,0x00,0x41,0x00,0x21,0x00,
    0x41,0x00,0x00,0x00,0x20,0x00,0x20,0x00,0x20,0x00,0x00,0x00,0x20,0x00,0x20,0x00,
    0x00,0x00,0x21,0x00,0x21,0x00,0x00,0x00,0x00,0x00,0x20,0x00,0x20,0x00,0x20,0x00,
    0x00,0x00,0x00,0x00,0x00,0x00,0x21,0x00,0x00,0x00,0xa6,0x31,0x70,0x8c,0x2e,0x84,
    0xa5,0x31,0x00,0x00,0x00,0x00,0x00,0x00,0x00,0x00,0x00,0x00,0x00,0x00,0x00,0x00,
    0x00,0x00,0x00,0x00,0x00,0x00,0x00,0x00,0x00,0x00,0x00,0x00,0x00,0x00,0x20,0x00,
    0x21,0x00,0x41,0x00,0x41,0x00,0x41,0x00,0x41,0x00,0x41,0x00,0x41,0x00,0x41,0x00,
    0x21,0x00,0x21,0x00,0x21,0x00,0x21,0x00,0x41,0x00,0x21,0x00,0x20,0x00,0x00,0x00,
    0x00,0x00,0x00,0x00,0x00,0x00,0x00,0x00,0x00,0x00,0x00,0x00,0x00,0x00,0x20,0x00,
    0x41,0x00,0x21,0x00,0x20,0x00,0x41,0x00,0x86,0x29,0xe8,0x39,0x29,0x3a,0xc3,0x10,
    0x00,0x00,0x00,0x00,0x00,0x00,0x20,0x00,0x20,0x00,0x00,0x00,0x20,0x00,0xe3,0x18,
    0x00,0x00,0x00,0x00,0x00,0x00,0x00,0x00,0x00,0x00,0x00,0x00,0x20,0x00,0x00,0x00,
    0x20,0x00,0x21,0x00,0x62,0x08,0x20,0x00,0x00,0x00,0x20,0x00,0x00,0x00,0x20,0x00,
    0x41,0x00,0x21,0x00,0x24,0x21,0x28,0x42,0x86,0x29,0x82,0x08,0x00,0x00,0x00,0x00,
    0x00,0x00,0x00,0x00,0x00,0x00,0x00,0x00,0x00,0x00,0x21,0x00,0x41,0x00,0x41,0x00,
    0x41,0x00,0x20,0x00,0x20,0x00,0x20,0x00,0x20,0x00,0x20,0x00,0x20,0x00,0x20,0x00,
    0x00,0x00,0x20,0x00,0x00,0x00,0x00,0x00,0x00,0x00,0x00,0x00,0x00,0x00,0x00,0x00,
    0x00,0x00,0x00,0x00,0x00,0x00,0x00,0x00,0x00,0x00,0x20,0x00,0x00,0x00,0x20,0x00,
    0x21,0x00,0x00,0x00,0x00,0x00,0x20,0x00,0x20,0x00,0x20,0x00,0x20,0x00,0x21,0x00,
    0x20,0x00,0x00,0x00,0x20,0x00,0x21,0x00,0x20,0x00,0x00,0x00,0x20,0x00,0x20,0x00,
    0x21,0x00,0x21,0x00,0x21,0x00,0x21,0x00,0x20,0x00,0x00,0x00,0x00,0x00,0x21,0x00,
    0x21,0x00,0x21,0x00,0x21,0x00,0x21,0x00,0x21,0x00,0x21,0x00,0x21,0x00,0x20,0x00,
    0x00,0x00,0x00,0x00,0x21,0x00,0x21,0x00,0x00,0x00,0x00,0x00,0x00,0x00,0x00,0x00,
    0x21,0x00,0x41,0x00,0x21,0x00,0x21,0x00,0x20,0x00,0x00,0x00,0x20,0x00,0x00,0x00,
    0x21,0x00,0x21,0x00,0x20,0x00,0x20,0x00,0x20,0x00,0x21,0x00,0x00,0x00,0x20,0x00,
    0x20,0x00,0x00,0x00,0x00,0x00,0x00,0x00,0x00,0x00,0x00,0x00,0x00,0x00,0x21,0x00,
    0x00,0x00,0x89,0x4a,0x70,0x8c,0x0e,0x7c,0xc9,0x52,0x00,0x00,0x00,0x00,0x00,0x00,
    0x00,0x00,0x00,0x00,0x00,0x00,0x00,0x00,0x00,0x00,0x00,0x00,0x00,0x00,0x00,0x00,
    0x00,0x00,0x00,0x00,0x00,0x00,0x21,0x00,0x21,0x00,0x41,0x00,0x41,0x00,0x41,0x00,
    0x41,0x00,0x41,0x00,0x41,0x00,0x41,0x00,0x41,0x00,0x41,0x00,0x41,0x00,0x41,0x00,
    0x41,0x00,0x21,0x00,0x20,0x00,0x00,0x00,0x00,0x00,0x00,0x00,0x00,0x00,0x00,0x00,
    0x00,0x00,0x00,0x00,0x20,0x00,0x61,0x08,0x41,0x00,0x00,0x00,0x20,0x00,0x41,0x00,
    0xc3,0x10,0x69,0x42,0xb2,0x8c,0xef,0x73,0x04,0x19,0xa2,0x10,0x82,0x08,0x20,0x00,
    0x20,0x00,0x00,0x00,0x20,0x00,0x62,0x08,0x00,0x00,0x00,0x00,0x20,0x00,0x00,0x00,
    0x00,0x00,0x00,0x00,0x61,0x08,0x21,0x00,0x00,0x00,0x62,0x08,0xa3,0x10,0x20,0x00,
    0x20,0x00,0x00,0x00,0x00,0x00,0x00,0x00,0x41,0x00,0x20,0x00,0x00,0x00,0x82,0x08,
    0xa6,0x31,0xe7,0x39,0xc3,0x10,0xe3,0x18,0xa2,0x10,0x82,0x08,0x41,0x00,0x00,0x00,
    0x00,0x00,0x21,0x00,0x41,0x00,0x41,0x00,0x41,0x00,0x41,0x00,0x21,0x00,0x41,0x00,
    0x41,0x00,0x21,0x00,0x20,0x00,0x20,0x00,0x20,0x00,0x20,0x00,0x00,0x00,0x00,0x00,
    0x00,0x00,0x20,0x00,0x20,0x00,0x00,0x00,0x00,0x00,0x00,0x00,0x00,0x00,0x00,0x00,
    0x00,0x00,0x20,0x00,0x00,0x00,0x20,0x00,0x20,0x00,0x00,0x00,0x00,0x00,0x21,0x00,
    0x20,0x00,0x21,0x00,0x21,0x00,0x00,0x00,0x00,0x00,0x20,0x00,0x20,0x00,0x00,0x00,
    0x20,0x00,0x20,0x00,0x00,0x00,0x20,0x00,0x21,0x00,0x21,0x00,0x21,0x00,0x21,0x00,
    0x00,0x00,0x00,0x00,0x21,0x00,0x21,0x00,0x21,0x00,0x21,0x00,0x21,0x00,0x21,0x00,
    0x21,0x00,0x21,0x00,0x21,0x00,0x20,0x00,0x00,0x00,0x20,0x00,0x20,0x00,0x21,0x00,
    0x21,0x00,0x21,0x00,0x00,0x00,0x20,0x00,0x41,0x00,0x41,0x00,0x21,0x00,0x21,0x00,
    0x00,0x00,0x00,0x00,0x20,0x00,0x00,0x00,0x00,0x00,0x20,0x00,0x00,0x00,0x00,0x00,
    0x20,0x00,0x20,0x00,0x00,0x00,0x21,0x00,0x00,0x00,0x62,0x08,0x04,0x19,0x00,0x00,
    0x00,0x00,0x00,0x00,0x20,0x00,0x20,0x00,0x00,0x00,0xc2,0x18,0xee,0x7b,0xed,0x7b,
    0x64,0x29,0x00,0x00,0x00,0x00,0x00,0x00,0x00,0x00,0x00,0x00,0x00,0x00,0x00,0x00,
    0x00,0x00,0x00,0x00,0x00,0x00,0x00,0x00,0x00,0x00,0x00,0x00,0x00,0x00,0x41,0x00,
    0x21,0x00,0x41,0x00,0x41,0x00,0x41,0x00,0x41,0x00,0x41,0x00,0x41,0x00,0x41,0x00,
    0x41,0x00,0x41,0x00,0x41,0x00,0x41,0x00,0x41,0x00,0x21,0x00,0x20,0x00,0x00,0x00,
    0x00,0x00,0x00,0x00,0x00,0x00,0x00,0x00,0x00,0x00,0x00,0x00,0x41,0x00,0x41,0x00,
    0x20,0x00,0x00,0x00,0x00,0x00,0x41,0x00,0x41,0x00,0xc2,0x08,0x45,0x21,0x24,0x21,
    0xc3,0x10,0x62,0x08,0x41,0x08,0x00,0x00,0x20,0x00,0x00,0x00,0x00,0x00,0x00,0x00,
    0x00,0x00,0x00,0x00,0x20,0x00,0x20,0x00,0x20,0x00,0x20,0x00,0x41,0x00,0x20,0x00,
    0x20,0x00,0x41,0x08,0x41,0x00,0x00,0x00,0x00,0x00,0x00,0x00,0x20,0x00,0x00,0x00,
    0x61,0x08,0x82,0x08,0x41,0x00,0xe3,0x18,0x20,0x00,0x00,0x00,0x41,0x00,0x41,0x08,
    0x66,0x29,0xc7,0x31,0xa3,0x10,0xa2,0x10,0x21,0x00,0x41,0x00,0x61,0x08,0x41,0x00,
    0x41,0x00,0x61,0x08,0x41,0x00,0x41,0x00,0x41,0x00,0x41,0x00,0x21,0x00,0x21,0x00,
    0x21,0x00,0x20,0x00,0x20,0x00,0x00,0x00,0x20,0x00,0x20,0x00,0x20,0x00,0x00,0x00,
    0x00,0x00,0x00,0x00,0x00,0x00,0x00,0x00,0x20,0x00,0x20,0x00,0x20,0x00,0x00,0x00,
    0x00,0x00,0x00,0x00,0x20,0x00,0x20,0x00,0x00,0x00,0x21,0x00,0x21,0x00,0x00,0x00,
    0x00,0x00,0x20,0x00,0x20,0x00,0x00,0x00,0x00,0x00,0x00,0x00,0x00,0x00,0x21,0x00,
    0x21,0x00,0x21,0x00,0x21,0x00,0x00,0x00,0x00,0x00,0x20,0x00,0x21,0x00,0x21,0x00,
    0x21,0x00,0x21,0x00,0x21,0x00,0x21,0x00,0x21,0x00,0x21,0x00,0x00,0x00,0x00,0x00,
    0x01,0x00,0x21,0x00,0x20,0x00,0x21,0x00,0x21,0x00,0x20,0x00,0x00,0x00,0x21,0x00,
    0x21,0x00,0x21,0x00,0x21,0x00,0x00,0x00,0x20,0x00,0x20,0x00,0x20,0x00,0x20,0x00,
    0x00,0x00,0x20,0x00,0x20,0x00,0x20,0x00,0x20,0x00,0x20,0x00,0x20,0x00,0x21,0x00,
    0x00,0x00,0x28,0x42,0x69,0x4a,0x00,0x00,0x00,0x00,0x00,0x00,0x21,0x00,0x00,0x00,
    0x20,0x00,0x00,0x00,0xa5,0x31,0x48,0x42,0x00,0x00,0x00,0x00,0x00,0x00,0x00,0x00,
    0x00,0x00,0x00,0x00,0x00,0x00,0x00,0x00,0x00,0x00,0x00,0x00,0x00,0x00,0x00,0x00,
    0x00,0x00,0x00,0x00,0x20,0x00,0x41,0x00,0x21,0x00,0x41,0x00,0x41,0x00,0x41,0x00,
    0x41,0x00,0x41,0x00,0x41,0x00,0x41,0x00,0x41,0x00,0x41,0x00,0x41,0x00,0x41,0x00,
    0x41,0x00,0x21,0x00,0x20,0x00,0x00,0x00,0x20,0x00,0x00,0x00,0x00,0x00,0x00,0x00,
    0x00,0x00,0x00,0x00,0x82,0x08,0xa2,0x10,0x20,0x00,0x20,0x00,0x00,0x00,0x20,0x00,
    0x21,0x00,0xa6,0x29,0xeb,0x52,0x04,0x19,0x41,0x00,0x00,0x00,0x20,0x00,0x41,0x00,
    0x00,0x00,0x00,0x00,0x00,0x00,0x20,0x00,0x20,0x00,0x21,0x00,0x00,0x00,0x41,0x00,
    0x61,0x08,0x00,0x00,0x21,0x00,0x00,0x00,0x00,0x00,0x21,0x00,0x20,0x00,0x00,0x00,
    0x20,0x00,0x20,0x00,0x00,0x00,0x00,0x00,0x20,0x00,0x61,0x08,0x20,0x00,0x20,0x00,
    0x41,0x00,0x41,0x00,0x41,0x00,0x20,0x00,0x41,0x08,0x41,0x00,0x00,0x00,0x41,0x00,
    0x20,0x00,0x41,0x00,0x61,0x08,0x41,0x00,0x61,0x08,0x61,0x08,0x41,0x00,0x41,0x00,
    0x41,0x00,0x21,0x00,0x41,0x00,0x21,0x00,0x21,0x00,0x21,0x00,0x20,0x00,0x00,0x00,
    0x00,0x00,0x00,0x00,0x20,0x00,0x00,0x00,0x00,0x00,0x00,0x00,0x20,0x00,0x20,0x00,
    0x00,0x00,0x20,0x00,0x20,0x00,0x00,0x00,0x00,0x00,0x00,0x00,0x21,0x00,0x21,0x00,
    0x20,0x00,0x21,0x00,0x20,0x00,0x00,0x00,0x20,0x00,0x00,0x00,0x20,0x00,0x21,0x00,
    0x00,0x00,0x00,0x00,0x21,0x00,0x21,0x00,0x21,0x00,0x21,0x00,0x21,0x00,0x00,0x00,
    0x00,0x00,0x41,0x00,0x21,0x00,0x21,0x00,0x21,0x00,0x21,0x00,0x21,0x00,0x21,0x00,
    0x21,0x00,0x21,0x00,0x00,0x00,0x00,0x00,0x21,0x00,0x21,0x00,0x21,0x00,0x21,0x00,
    0x21,0x00,0x00,0x00,0x20,0x00,0x21,0x00,0x21,0x00,0x21,0x00,0x21,0x00,0x00,0x00,
    0x20,0x00,0x20,0x00,0x00,0x00,0x21,0x00,0x20,0x00,0x20,0x00,0x20,0x00,0x20,0x00,
    0x20,0x00,0x20,0x00,0x20,0x00,0x21,0x00,0x00,0x00,0xa2,0x10,0x41,0x08,0x00,0x00,
    0x00,0x00,0x20,0x00,0x20,0x00,0x00,0x00,0x21,0x00,0x00,0x00,0xa6,0x31,0xa6,0x31,
    0x00,0x00,0x20,0x00,0x00,0x00,0x00,0x00,0x00,0x00,0x00,0x00,0x00,0x00,0x00,0x00,
    0x00,0x00,0x00,0x00,0x00,0x00,0x00,0x00,0x00,0x00,0x00,0x00,0x21,0x00,0x41,0x00,
    0x21,0x00,0x41,0x00,0x41,0x00,0x41,0x00,0x41,0x00,0x41,0x00,0x41,0x00,0x41,0x00,
    0x41,0x00,0x41,0x00,0x41,0x00,0x41,0x00,0x41,0x00,0x41,0x00,0x20,0x00,0x21,0x00,
    0x21,0x00,0x20,0x00,0x00,0x00,0x00,0x00,0x00,0x00,0x00,0x00,0x82,0x08,0x82,0x08,
    0x20,0x00,0x20,0x00,0x00,0x00,0x00,0x00,0x20,0x00,0xc7,0x29,0x28,0x3a,0x82,0x08,
    0x41,0x00,0x00,0x00,0x41,0x00,0x61,0x08,0x00,0x00,0x00,0x00,0x20,0x00,0x20,0x00,
    0x00,0x00,0x20,0x00,0x20,0x00,0x00,0x00,0x21,0x00,0x20,0x00,0x20,0x00,0x00,0x00,
    0x21,0x00,0x62,0x08,0x00,0x00,0x00,0x00,0x00,0x00,0x00,0x00,0x00,0x00,0x61,0x08,
    0x82,0x08,0x61,0x08,0x62,0x08,0x62,0x08,0xa2,0x08,0x61,0x08,0x61,0x00,0x41,0x00,
    0x20,0x00,0x41,0x00,0x41,0x00,0x20,0x00,0x20,0x00,0x41,0x00,0x61,0x00,0x41,0x00,
    0x82,0x08,0x41,0x00,0x41,0x00,0x41,0x00,0x41,0x00,0x21,0x00,0x41,0x00,0x21,0x00,
    0x20,0x00,0x21,0x00,0x20,0x00,0x00,0x00,0x00,0x00,0x00,0x00,0x00,0x00,0x00,0x00,
    0x00,0x00,0x20,0x00,0x21,0x00,0x21,0x00,0x21,0x00,0x21,0x00,0x00,0x00,0x00,0x00,
    0x00,0x00,0x20,0x00,0x20,0x00,0x00,0x00,0x20,0x00,0x20,0x00,0x00,0x00,0x20,0x00,
    0x21,0x00,0x00,0x00,0x20,0x00,0x21,0x00,0x00,0x00,0x21,0x00,0x21,0x00,0x21,0x00,
    0x21,0x00,0x20,0x00,0x20,0x00,0x00,0x00,0x21,0x00,0x41,0x00,0x21,0x00,0x21,0x00,
    0x21,0x00,0x21,0x00,0x21,0x00,0x21,0x00,0x21,0x00,0x00,0x00,0x00,0x00,0x00,0x00,
    0x21,0x00,0x21,0x00,0x21,0x00,0x21,0x00,0x21,0x00,0x20,0x00,0x21,0x00,0x21,0x00,
    0x21,0x00,0x21,0x00,0x20,0x00,0x20,0x00,0x20,0x00,0x20,0x00,0x00,0x00,0x20,0x00,
    0x00,0x00,0x20,0x00,0x20,0x00,0x20,0x00,0x20,0x00,0x20,0x00,0x20,0x00,0x20,0x00,
    0x20,0x00,0x00,0x00,0x00,0x00,0x00,0x00,0x00,0x00,0x21,0x00,0x00,0x00,0x00,0x00,
    0x00,0x00,0x00,0x00,0x65,0x29,0xa6,0x31,0x00,0x00,0x00,0x00,0x00,0x00,0x00,0x00,
    0x00,0x00,0x00,0x00,0x00,0x00,0x00,0x00,0x00,0x00,0x00,0x00,0x00,0x00,0x00,0x00,
    0x00,0x00,0x00,0x00,0x41,0x00,0x41,0x00,0x21,0x00,0x41,0x00,0x41,0x00,0x41,0x00,
    0x41,0x00,0x41,0x00,0x41,0x00,0x41,0x00,0x41,0x00,0x41,0x00,0x41,0x00,0x41,0x00,
    0x41,0x00,0x40,0x00,0x20,0x00,0x41,0x00,0x41,0x00,0x21,0x00,0x00,0x00,0x20,0x00,
    0x20,0x00,0x20,0x00,0x21,0x00,0x82,0x08,0x41,0x00,0x00,0x00,0x20,0x00,0x00,0x00,
    0x62,0x00,0x0c,0x53,0x6a,0x42,0x00,0x00,0x00,0x00,0x00,0x00,0x00,0x00,0x00,0x00,
    0x20,0x00,0x20,0x00,0x20,0x00,0x20,0x00,0x20,0x00,0x00,0x00,0x00,0x00,0x00,0x00,
    0x00,0x00,0x00,0x00,0x00,0x00,0x41,0x00,0xc3,0x10,0xc3,0x10,0xa2,0x10,0x24,0x21,
    0xc3,0x10,0xa2,0x10,0x82,0x08,0x82,0x08,0xa2,0x10,0x62,0x08,0x41,0x00,0x61,0x08,
    0x62,0x08,0x41,0x00,0x61,0x08,0x41,0x00,0x41,0x00,0x21,0x00,0x20,0x00,0x21,0x00,
    0x21,0x00,0x41,0x00,0x41,0x00,0x41,0x00,0x82,0x08,0x41,0x00,0x41,0x00,0x61,0x08,
    0x41,0x00,0x41,0x00,0x41,0x00,0x41,0x00,0x41,0x00,0x21,0x00,0x00,0x00,0x00,0x00,
    0x00,0x00,0x00,0x00,0x00,0x00,0x00,0x00,0x00,0x00,0x21,0x00,0x21,0x00,0x21,0x00,
    0x21,0x00,0x00,0x00,0x00,0x00,0x00,0x00,0x21,0x00,0x21,0x00,0x21,0x00,0x00,0x00,
    0x20,0x00,0x20,0x00,0x20,0x00,0x21,0x00,0x20,0x00,0x20,0x00,0x21,0x00,0x00,0x00,
    0x20,0x00,0x21,0x00,0x21,0x00,0x21,0x00,0x21,0x00,0x00,0x00,0x00,0x00,0x20,0x00,
    0x21,0x00,0x21,0x00,0x21,0x00,0x21,0x00,0x41,0x00,0x21,0x00,0x21,0x00,0x21,0x00,
    0x21,0x00,0x00,0x00,0x00,0x00,0x20,0x00,0x21,0x00,0x21,0x00,0x21,0x00,0x21,0x00,
    0x00,0x00,0x21,0x00,0x21,0x00,0x21,0x00,0x21,0x00,0x21,0x00,0x00,0x00,0x20,0x00,
    0x00,0x00,0x20,0x00,0x20,0x00,0x00,0x00,0x00,0x00,0x20,0x00,0x20,0x00,0x20,0x00,
    0x20,0x00,0x20,0x00,0x20,0x00,0x20,0x00,0x20,0x00,0x20,0x00,0x00,0x00,0x00,0x00,
    0x00,0x00,0x21,0x00,0x00,0x00,0x00,0x00,0x20,0x00,0x00,0x00,0x45,0x29,0x86,0x31,
    0x00,0x00,0x00,0x00,0x00,0x00,0x00,0x00,0x00,0x00,0x00,0x00,0x00,0x00,0x00,0x00,
    0x00,0x00,0x00,0x00,0x00,0x00,0x00,0x00,0x00,0x00,0x00,0x00,0x41,0x00,0x41,0x00,
    0x41,0x00,0x41,0x00,0x41,0x00,0x41,0x00,0x41,0x00,0x41,0x00,0x41,0x00,0x41,0x00,
    0x41,0x00,0x41,0x00,0x41,0x00,0x41,0x00,0x21,0x00,0x20,0x00,0x41,0x00,0x41,0x00,
    0x41,0x00,0x20,0x00,0x41,0x00,0x21,0x00,0x00,0x00,0x00,0x00,0x20,0x00,0x61,0x08,
    0xa2,0x10,0x41,0x00,0x00,0x00,0x20,0x00,0xa2,0x08,0xcb,0x4a,0x25,0x19,0x00,0x00,
    0x00,0x00,0x00,0x00,0x00,0x00,0x20,0x00,0x20,0x00,0x20,0x00,0x00,0x00,0x00,0x00,
    0x00,0x00,0x61,0x08,0x82,0x08,0xe3,0x18,0x24,0x21,0xe4,0x18,0x45,0x21,0x45,0x21,
    0x45,0x21,0xc3,0x10,0x62,0x08,0x82,0x08,0x61,0x08,0x41,0x00,0x41,0x00,0x21,0x00,
    0x20,0x00,0x41,0x00,0x21,0x00,0x41,0x00,0x82,0x08,0x41,0x00,0x61,0x08,0x41,0x00,
    0x41,0x00,0x41,0x00,0x41,0x00,0x41,0x00,0x20,0x00,0x21,0x00,0x20,0x00,0x61,0x08,
    0x61,0x08,0x61,0x00,0x61,0x08,0x61,0x08,0x41,0x00,0x41,0x00,0x41,0x00,0x41,0x00,
    0x41,0x00,0x21,0x00,0x00,0x00,0x00,0x00,0x00,0x00,0x00,0x00,0x00,0x00,0x00,0x00,
    0x21,0x00,0x21,0x00,0x21,0x00,0x21,0x00,0x20,0x00,0x00,0x00,0x00,0x00,0x20,0x00,
    0x20,0x00,0x21,0x00,0x21,0x00,0x21,0x00,0x00,0x00,0x00,0x00,0x20,0x00,0x20,0x00,
    0x20,0x00,0x21,0x00,0x21,0x00,0x20,0x00,0x21,0x00,0x21,0x00,0x21,0x00,0x21,0x00,
    0x00,0x00,0x00,0x00,0x00,0x00,0x21,0x00,0x41,0x00,0x21,0x00,0x21,0x00,0x21,0x00,
    0x21,0x00,0x21,0x00,0x21,0x00,0x41,0x00,0x00,0x00,0x00,0x00,0x20,0x00,0x21,0x00,
    0x21,0x00,0x21,0x00,0x21,0x00,0x21,0x00,0x00,0x00,0x21,0x00,0x21,0x00,0x21,0x00,
    0x41,0x00,0x20,0x00,0x20,0x00,0x00,0x00,0x00,0x00,0x20,0x00,0x20,0x00,0x00,0x00,
    0x00,0x00,0x20,0x00,0x20,0x00,0x20,0x00,0x20,0x00,0x20,0x00,0x20,0x00,0x20,0x00,
    0x21,0x00,0x00,0x00,0x00,0x00,0x00,0x00,0x21,0x00,0x20,0x00,0x00,0x00,0x00,0x00,
    0x20,0x00,0x00,0x00,0x25,0x21,0x86,0x31,0x00,0x00,0x00,0x00,0x00,0x00,0x00,0x00,
    0x00,0x00,0x00,0x00,0x00,0x00,0x00,0x00,0x00,0x00,0x00,0x00,0x00,0x00,0x00,0x00,
    0x00,0x00,0x20,0x00,0x41,0x00,0x41,0x00,0x41,0x00,0x41,0x00,0x41,0x00,0x41,0x00,
    0x41,0x00,0x41,0x00,0x21,0x00,0x21,0x00,0x41,0x00,0x41,0x00,0x41,0x00,0x41,0x00,
    0x20,0x00,0x20,0x00,0x41,0x00,0x41,0x00,0x41,0x00,0x21,0x00,0x20,0x00,0x00,0x00,
    0x00,0x00,0x00,0x00,0x20,0x00,0x20,0x00,0x82,0x08,0x24,0x21,0x24,0x21,0x20,0x00,
    0xe3,0x10,0x8a,0x42,0x45,0x21,0x00,0x00,0x00,0x00,0x00,0x00,0x00,0x00,0x00,0x00,
    0x00,0x00,0x00,0x00,0x00,0x00,0x41,0x00,0xa2,0x10,0x65,0x29,0x45,0x21,0xe3,0x18,
    0xa2,0x10,0x61,0x08,0x41,0x08,0x41,0x08,0x20,0x00,0x20,0x00,0x20,0x00,0x20,0x00,
    0x21,0x00,0x41,0x00,0x41,0x00,0x41,0x00,0x41,0x00,0x41,0x00,0x21,0x00,0x41,0x00,
    0x61,0x08,0x41,0x00,0x41,0x00,0x41,0x00,0x41,0x00,0x41,0x00,0x41,0x00,0x41,0x00,
    0x20,0x00,0x21,0x00,0x41,0x00,0x82,0x08,0x61,0x00,0x61,0x08,0x82,0x08,0x41,0x00,
    0x41,0x00,0x41,0x00,0x41,0x00,0x41,0x00,0x41,0x00,0x21,0x00,0x00,0x00,0x00,0x00,
    0x00,0x00,0x00,0x00,0x00,0x00,0x00,0x00,0x21,0x00,0x21,0x00,0x21,0x00,0x21,0x00,
    0x00,0x00,0x00,0x00,0x00,0x00,0x20,0x00,0x21,0x00,0x21,0x00,0x21,0x00,0x21,0x00,
    0x00,0x00,0x20,0x00,0x21,0x00,0x20,0x00,0x20,0x00,0x20,0x00,0x00,0x00,0x21,0x00,
    0x21,0x00,0x21,0x00,0x21,0x00,0x00,0x00,0x00,0x00,0x00,0x00,0x21,0x00,0x21,0x00,
    0x21,0x00,0x21,0x00,0x21,0x00,0x21,0x00,0x21,0x00,0x21,0x00,0x21,0x00,0x21,0x00,
    0x00,0x00,0x00,0x00,0x21,0x00,0x21,0x00,0x21,0x00,0x21,0x00,0x21,0x00,0x21,0x00,
    0x21,0x00,0x21,0x00,0x21,0x00,0x21,0x00,0x21,0x00,0x20,0x00,0x00,0x00,0x00,0x00,
    0x20,0x00,0x20,0x00,0x20,0x00,0x20,0x00,0x00,0x00,0x20,0x00,0x20,0x00,0x20,0x00,
    0x20,0x00,0x20,0x00,0x20,0x00,0x20,0x00,0x21,0x00,0x00,0x00,0x00,0x00,0x00,0x00,
    0x41,0x08,0x00,0x00,0x00,0x00,0x00,0x00,0x20,0x00,0x00,0x00,0x45,0x21,0x86,0x31,
    0x00,0x00,0x00,0x00,0x00,0x00,0x00,0x00,0x00,0x00,0x00,0x00,0x00,0x00,0x00,0x00,
    0x00,0x00,0x00,0x00,0x00,0x00,0x00,0x00,0x00,0x00,0x21,0x00,0x41,0x00,0x41,0x00,
    0x41,0x00,0x41,0x00,0x41,0x00,0x41,0x00,0x41,0x00,0x41,0x00,0x41,0x00,0x41,0x00,
    0x41,0x00,0x41,0x00,0x41,0x00,0x41,0x00,0x21,0x00,0x41,0x00,0x41,0x08,0x41,0x08,
    0x21,0x00,0x00,0x00,0x00,0x00,0x00,0x00,0x00,0x00,0x00,0x00,0x41,0x00,0x21,0x00,
    0x41,0x00,0x61,0x00,0x08,0x3a,0x0b,0x53,0x8a,0x42,0xe7,0x31,0x86,0x21,0x41,0x00,
    0x20,0x00,0x20,0x00,0x41,0x00,0x61,0x08,0xa2,0x10,0xa2,0x10,0x82,0x08,0x41,0x00,
    0x41,0x00,0x00,0x00,0x00,0x00,0x00,0x00,0x20,0x00,0x20,0x00,0x41,0x00,0x41,0x00,
    0x41,0x00,0x41,0x00,0x41,0x00,0x41,0x00,0x41,0x00,0x41,0x00,0x41,0x00,0x41,0x00,
    0x21,0x00,0x41,0x00,0x41,0x00,0x41,0x00,0x61,0x08,0x61,0x08,0x41,0x00,0x41,0x00,
    0x41,0x00,0x41,0x00,0x41,0x00,0x41,0x00,0x20,0x00,0x20,0x00,0x61,0x00,0xa2,0x08,
    0x61,0x00,0x61,0x08,0x62,0x08,0x41,0x00,0x41,0x00,0x41,0x00,0x41,0x00,0x61,0x00,
    0x41,0x00,0x21,0x00,0x00,0x00,0x00,0x00,0x00,0x00,0x00,0x00,0x00,0x00,0x00,0x00,
    0x21,0x00,0x21,0x00,0x20,0x00,0x00,0x00,0x00,0x00,0x20,0x00,0x21,0x00,0x21,0x00,
    0x21,0x00,0x21,0x00,0x20,0x00,0x20,0x00,0x21,0x00,0x21,0x00,0x20,0x00,0x20,0x00,
    0x20,0x00,0x20,0x00,0x20,0x00,0x21,0x00,0x21,0x00,0x21,0x00,0x21,0x00,0x00,0x00,
    0x00,0x00,0x00,0x00,0x41,0x00,0x41,0x00,0x21,0x00,0x21,0x00,0x21,0x00,0x21,0x00,
    0x21,0x00,0x21,0x00,0x41,0x00,0x00,0x00,0x00,0x00,0x00,0x00,0x21,0x00,0x21,0x00,
    0x21,0x00,0x21,0x00,0x20,0x00,0x21,0x00,0x21,0x00,0x21,0x00,0x21,0x00,0x21,0x00,
    0x20,0x00,0x20,0x00,0x20,0x00,0x20,0x00,0x20,0x00,0x20,0x00,0x20,0x00,0x20,0x00,
    0x20,0x00,0x20,0x00,0x20,0x00,0x20,0x00,0x21,0x00,0x20,0x00,0x20,0x00,0x41,0x00,
    0x20,0x00,0x00,0x00,0x00,0x00,0x20,0x00,0x41,0x00,0x00,0x00,0x00,0x00,0x00,0x00,
    0x00,0x00,0x00,0x00,0xe4,0x18,0x45,0x29,0x00,0x00,0x00,0x00,0x00,0x00,0x00,0x00,
    0x00,0x00,0x00,0x00,0x00,0x00,0x00,0x00,0x00,0x00,0x00,0x00,0x00,0x00,0x00,0x00,
    0x00,0x00,0x21,0x00,0x41,0x00,0x41,0x00,0x41,0x00,0x41,0x00,0x41,0x00,0x41,0x00,
    0x41,0x00,0x41,0x00,0x41,0x00,0x41,0x00,0x41,0x00,0x41,0x00,0x41,0x00,0x21,0x00,
    0x21,0x00,0x41,0x08,0x61,0x08,0x20,0x00,0x00,0x00,0x00,0x00,0x00,0x00,0x20,0x00,
    0x20,0x00,0x41,0x00,0x61,0x08,0x61,0x00,0x82,0x08,0x20,0x00,0x00,0x00,0x24,0x21,
    0xca,0x4a,0x2c,0x5b,0x49,0x42,0xe3,0x18,0xe3,0x18,0x04,0x19,0x66,0x29,0x86,0x29,
    0x24,0x21,0xa3,0x10,0x61,0x08,0x41,0x00,0x41,0x00,0x41,0x00,0x41,0x00,0x41,0x00,
    0x41,0x00,0x41,0x00,0x41,0x00,0x41,0x00,0x41,0x00,0x41,0x00,0x41,0x00,0x41,0x00,
    0x21,0x00,0x41,0x00,0x41,0x00,0x41,0x00,0x21,0x00,0x41,0x00,0x20,0x00,0x41,0x00,
    0x41,0x00,0x41,0x00,0x41,0x00,0x41,0x00,0x41,0x00,0x41,0x00,0x41,0x00,0x20,0x00,
    0x20,0x00,0x20,0x00,0x82,0x08,0x82,0x08,0x82,0x08,0x61,0x08,0x41,0x00,0x41,0x00,
    0x41,0x00,0x41,0x00,0x41,0x00,0x61,0x00,0x41,0x00,0x21,0x00,0x00,0x00,0x00,0x00,
    0x00,0x00,0x00,0x00,0x00,0x00,0x00,0x00,0x21,0x00,0x21,0x00,0x20,0x00,0x00,0x00,
    0x00,0x00,0x21,0x00,0x21,0x00,0x21,0x00,0x21,0x00,0x21,0x00,0x00,0x00,0x20,0x00,
    0x21,0x00,0x21,0x00,0x20,0x00,0x20,0x00,0x00,0x00,0x00,0x00,0x21,0x00,0x21,0x00,
    0x21,0x00,0x21,0x00,0x20,0x00,0x00,0x00,0x20,0x00,0x21,0x00,0x21,0x00,0x21,0x00,
    0x21,0x00,0x21,0x00,0x21,0x00,0x21,0x00,0x21,0x00,0x41,0x00,0x20,0x00,0x00,0x00,
    0x00,0x00,0x21,0x00,0x21,0x00,0x21,0x00,0x21,0x00,0x21,0x00,0x20,0x00,0x21,0x00,
    0x21,0x00,0x21,0x00,0x21,0x00,0x21,0x00,0x20,0x00,0x20,0x00,0x20,0x00,0x20,0x00,
    0x20,0x00,0x20,0x00,0x20,0x00,0x20,0x00,0x20,0x00,0x20,0x00,0x20,0x00,0x20,0x00,
    0x21,0x00,0x00,0x00,0x20,0x00,0x21,0x00,0x00,0x00,0x00,0x00,0x00,0x00,0x41,0x00,
    0x20,0x00,0x00,0x00,0x00,0x00,0x00,0x00,0x00,0x00,0x00,0x00,0xc3,0x10,0x24,0x21,
    0x00,0x00,0x00,0x00,0x00,0x00,0x00,0x00,0x00,0x00,0x00,0x00,0x00,0x00,0x00,0x00,
    0x00,0x00,0x00,0x00,0x00,0x00,0x00,0x00,0x20,0x00,0x41,0x00,0x41,0x00,0x41,0x00,
    0x41,0x00,0x41,0x00,0x41,0x00,0x41,0x00,0x41,0x00,0x41,0x00,0x41,0x00,0x41,0x00,
    0x41,0x00,0x41,0x00,0x41,0x00,0x20,0x00,0x41,0x08,0x41,0x08,0x00,0x00,0x00,0x00,
    0x20,0x00,0x00,0x00,0x00,0x00,0x20,0x00,0x20,0x00,0x61,0x00,0x82,0x08,0xa2,0x10,
    0xe3,0x18,0xe3,0x10,0xc3,0x10,0xc3,0x10,0x61,0x00,0x81,0x08,0x61,0x00,0x61,0x00,
    0x62,0x08,0xa2,0x08,0x82,0x08,0x61,0x00,0x21,0x00,0x21,0x00,0x21,0x00,0x41,0x00,
    0x41,0x00,0x41,0x00,0x41,0x00,0x41,0x00,0x41,0x00,0x41,0x00,0x41,0x00,0x41,0x00,
    0x41,0x00,0x41,0x00,0x41,0x00,0x41,0x00,0x41,0x00,0x41,0x00,0x41,0x00,0x41,0x00,
    0x21,0x00,0x21,0x00,0x20,0x00,0x41,0x00,0x41,0x00,0x41,0x00,0x41,0x00,0x41,0x00,
    0x41,0x00,0x41,0x00,0x21,0x00,0x20,0x00,0x20,0x00,0x41,0x00,0xe3,0x18,0x61,0x00,
    0x61,0x08,0x61,0x08,0x61,0x08,0x41,0x00,0x41,0x00,0x41,0x00,0x41,0x00,0x41,0x00,
    0x41,0x00,0x21,0x00,0x00,0x00,0x00,0x00,0x00,0x00,0x00,0x00,0x00,0x00,0x00,0x00,
    0x21,0x00,0x20,0x00,0x00,0x00,0x00,0x00,0x20,0x00,0x21,0x00,0x21,0x00,0x21,0x00,
    0x21,0x00,0x20,0x00,0x00,0x00,0x21,0x00,0x21,0x00,0x20,0x00,0x20,0x00,0x20,0x00,
    0x20,0x00,0x21,0x00,0x21,0x00,0x21,0x00,0x21,0x00,0x21,0x00,0x00,0x00,0x00,0x00,
    0x21,0x00,0x41,0x00,0x41,0x00,0x21,0x00,0x21,0x00,0x21,0x00,0x21,0x00,0x21,0x00,
    0x41,0x00,0x21,0x00,0x00,0x00,0x21,0x00,0x20,0x00,0x21,0x00,0x21,0x00,0x21,0x00,
    0x21,0x00,0x00,0x00,0x21,0x00,0x21,0x00,0x21,0x00,0x21,0x00,0x21,0x00,0x00,0x00,
    0x20,0x00,0x20,0x00,0x20,0x00,0x20,0x00,0x20,0x00,0x20,0x00,0x20,0x00,0x20,0x00,
    0x20,0x00,0x20,0x00,0x20,0x00,0x20,0x00,0x21,0x00,0x21,0x00,0x21,0x00,0x00,0x00,
    0x00,0x00,0x00,0x00,0x20,0x00,0x21,0x00,0x20,0x00,0x00,0x00,0x00,0x00,0x00,0x00,
    0x00,0x00,0x00,0x00,0xc3,0x18,0x45,0x29,0x00,0x00,0x00,0x00,0x00,0x00,0x00,0x00,
    0x00,0x00,0x00,0x00,0x00,0x00,0x00,0x00,0x00,0x00,0x00,0x00,0x00,0x00,0x00,0x00,
    0x21,0x00,0x41,0x00,0x41,0x00,0x41,0x00,0x41,0x00,0x41,0x00,0x41,0x00,0x41,0x00,
    0x41,0x00,0x41,0x00,0x41,0x00,0x41,0x00,0x41,0x00,0x41,0x00,0x41,0x00,0x41,0x00,
    0x61,0x08,0x00,0x00,0x00,0x00,0x00,0x00,0x00,0x00,0x41,0x00,0x82,0x08,0x04,0x19,
    0xa6,0x29,0x65,0x21,0x24,0x19,0x04,0x19,0x82,0x08,0x41,0x08,0x61,0x08,0x41,0x00,
    0x61,0x00,0x61,0x00,0x61,0x00,0x41,0x00,0x41,0x00,0x41,0x00,0x21,0x00,0x41,0x00,
    0x41,0x00,0x41,0x00,0x41,0x00,0x41,0x00,0x41,0x00,0x41,0x00,0x41,0x00,0x41,0x00,
    0x41,0x00,0x41,0x00,0x41,0x00,0x41,0x00,0x41,0x00,0x41,0x00,0x41,0x00,0x41,0x00,
    0x41,0x00,0x41,0x00,0x41,0x00,0x41,0x00,0x21,0x00,0x21,0x00,0x21,0x00,0x41,0x00,
    0x61,0x08,0x41,0x00,0x41,0x00,0x41,0x00,0x41,0x00,0x41,0x00,0x21,0x00,0x20,0x00,
    0x00,0x00,0xa2,0x10,0xc3,0x10,0x82,0x08,0x82,0x08,0x61,0x08,0x41,0x00,0x41,0x00,
    0x61,0x08,0x41,0x00,0x61,0x00,0x41,0x00,0x41,0x00,0x21,0x00,0x00,0x00,0x00,0x00,
    0x00,0x00,0x00,0x00,0x00,0x00,0x00,0x00,0x21,0x00,0x00,0x00,0x00,0x00,0x21,0x00,
    0x21,0x00,0x21,0x00,0x21,0x00,0x21,0x00,0x20,0x00,0x20,0x00,0x21,0x00,0x21,0x00,
    0x21,0x00,0x20,0x00,0x20,0x00,0x20,0x00,0x21,0x00,0x21,0x00,0x21,0x00,0x21,0x00,
    0x21,0x00,0x00,0x00,0x00,0x00,0x21,0x00,0x41,0x00,0x41,0x00,0x41,0x00,0x41,0x00,
    0x21,0x00,0x21,0x00,0x21,0x00,0x41,0x00,0x41,0x00,0x00,0x00,0x20,0x00,0x21,0x00,
    0x21,0x00,0x21,0x00,0x21,0x00,0x21,0x00,0x20,0x00,0x00,0x00,0x21,0x00,0x21,0x00,
    0x21,0x00,0x21,0x00,0x21,0x00,0x00,0x00,0x20,0x00,0x20,0x00,0x20,0x00,0x20,0x00,
    0x20,0x00,0x20,0x00,0x20,0x00,0x20,0x00,0x20,0x00,0x20,0x00,0x20,0x00,0x20,0x00,
    0x21,0x00,0x21,0x00,0x20,0x00,0x00,0x00,0x00,0x00,0x00,0x00,0x41,0x00,0x20,0x00,
    0x20,0x00,0x00,0x00,0x00,0x00,0x00,0x00,0x00,0x00,0x00,0x00,0xa3,0x10,0x45,0x29,
    0x00,0x00,0x00,0x00,0x00,0x00,0x00,0x00,0x00,0x00,0x00,0x00,0x00,0x00,0x00,0x00,
    0x00,0x00,0x00,0x00,0x00,0x00,0x20,0x00,0x41,0x00,0x41,0x00,0x41,0x00,0x41,0x00,
    0x41,0x00,0x41,0x00,0x41,0x00,0x41,0x00,0x41,0x00,0x41,0x00,0x41,0x00,0x41,0x00,
    0x41,0x00,0x41,0x00,0x21,0x00,0x41,0x00,0x21,0x00,0x20,0x00,0x62,0x08,0xe4,0x18,
    0xe3,0x10,0x24,0x21,0x45,0x21,0x45,0x21,0x24,0x19,0x82,0x08,0x41,0x00,0x20,0x00,
    0x41,0x00,0x41,0x00,0x41,0x00,0x61,0x08,0x61,0x00,0x41,0x00,0x61,0x00,0x41,0x00,
    0x41,0x08,0x41,0x00,0x41,0x00,0x41,0x00,0x41,0x00,0x41,0x00,0x41,0x00,0x41,0x00,
    0x41,0x00,0x41,0x00,0x41,0x00,0x41,0x00,0x41,0x00,0x41,0x00,0x41,0x00,0x41,0x00,
    0x41,0x00,0x41,0x00,0x41,0x00,0x41,0x00,0x41,0x00,0x41,0x00,0x41,0x00,0x41,0x00,
    0x21,0x00,0x41,0x00,0x41,0x00,0x41,0x00,0x41,0x00,0x41,0x00,0x41,0x00,0x41,0x00,
    0x41,0x00,0x41,0x00,0x21,0x00,0x20,0x00,0x20,0x00,0x24,0x21,0xa2,0x08,0xa2,0x08,
    0x82,0x08,0x82,0x08,0x61,0x08,0x61,0x08,0x61,0x08,0x41,0x00,0x41,0x00,0x41,0x00,
    0x41,0x00,0x21,0x00,0x00,0x00,0x00,0x00,0x00,0x00,0x00,0x00,0x00,0x00,0x00,0x00,
    0x00,0x00,0x00,0x00,0x00,0x00,0x21,0x00,0x21,0x00,0x21,0x00,0x21,0x00,0x21,0x00,
    0x20,0x00,0x21,0x00,0x21,0x00,0x21,0x00,0x21,0x00,0x21,0x00,0x00,0x00,0x21,0x00,
    0x21,0x00,0x21,0x00,0x21,0x00,0x21,0x00,0x00,0x00,0x00,0x00,0x00,0x00,0x41,0x00,
    0x41,0x00,0x41,0x00,0x41,0x00,0x41,0x00,0x41,0x00,0x21,0x00,0x21,0x00,0x41,0x00,
    0x00,0x00,0x00,0x00,0x00,0x00,0x21,0x00,0x21,0x00,0x20,0x00,0x21,0x00,0x20,0x00,
    0x00,0x00,0x21,0x00,0x21,0x00,0x21,0x00,0x21,0x00,0x21,0x00,0x20,0x00,0x20,0x00,
    0x20,0x00,0x20,0x00,0x20,0x00,0x20,0x00,0x20,0x00,0x20,0x00,0x20,0x00,0x20,0x00,
    0x20,0x00,0x20,0x00,0x21,0x00,0x21,0x00,0x21,0x00,0x20,0x00,0x00,0x00,0x00,0x00,
    0x00,0x00,0x20,0x00,0x21,0x00,0x20,0x00,0x20,0x00,0x00,0x00,0x00,0x00,0x00,0x00,
    0x00,0x00,0x00,0x00,0x82,0x10,0x45,0x29,0x00,0x00,0x00,0x00,0x00,0x00,0x00,0x00,
    0x00,0x00,0x00,0x00,0x00,0x00,0x00,0x00,0x00,0x00,0x00,0x00,0x00,0x00,0x20,0x00,
    0x41,0x00,0x41,0x00,0x41,0x00,0x41,0x00,0x41,0x00,0x41,0x00,0x41,0x00,0x41,0x00,
    0x41,0x00,0x41,0x00,0x61,0x08,0x62,0x08,0x62,0x08,0x61,0x08,0x62,0x08,0x61,0x08,
    0x62,0x08,0x62,0x08,0x82,0x08,0x82,0x08,0x62,0x08,0x41,0x00,0x41,0x00,0x21,0x00,
    0x21,0x00,0x41,0x00,0x61,0x00,0x62,0x08,0x61,0x08,0x61,0x08,0x61,0x08,0x41,0x00,
    0x41,0x00,0x41,0x00,0x41,0x00,0x41,0x00,0x41,0x00,0x41,0x00,0x41,0x00,0x41,0x00,
    0x41,0x00,0x41,0x00,0x41,0x00,0x41,0x00,0x41,0x00,0x41,0x00,0x41,0x00,0x41,0x00,
    0x41,0x00,0x41,0x00,0x41,0x00,0x41,0x00,0x41,0x00,0x41,0x00,0x41,0x00,0x41,0x00,
    0x41,0x00,0x41,0x00,0x41,0x00,0x41,0x00,0x41,0x00,0x41,0x00,0x41,0x00,0x41,0x00,
    0x41,0x00,0x61,0x08,0x41,0x00,0x41,0x00,0x41,0x00,0x61,0x08,0x20,0x00,0x00,0x00,
    0x82,0x08,0xe4,0x10,0x82,0x08,0xa2,0x08,0x82,0x08,0x41,0x00,0x41,0x00,0x61,0x08,
    0x62,0x08,0x41,0x00,0x61,0x00,0x41,0x00,0x41,0x00,0x20,0x00,0x00,0x00,0x00,0x00,
    0x00,0x00,0x00,0x00,0x00,0x00,0x00,0x00,0x00,0x00,0x00,0x00,0x20,0x00,0x41,0x00,
    0x41,0x00,0x21,0x00,0x21,0x00,0x20,0x00,0x21,0x00,0x21,0x00,0x21,0x00,0x21,0x00,
    0x00,0x00,0x00,0x00,0x20,0x00,0x41,0x00,0x21,0x00,0x21,0x00,0x41,0x00,0x21,0x00,
    0x00,0x00,0x00,0x00,0x21,0x00,0x41,0x00,0x41,0x00,0x41,0x00,0x41,0x00,0x41,0x00,
    0x21,0x00,0x21,0x00,0x41,0x00,0x21,0x00,0x00,0x00,0x00,0x00,0x21,0x00,0x21,0x00,
    0x21,0x00,0x21,0x00,0x21,0x00,0x00,0x00,0x20,0x00,0x21,0x00,0x21,0x00,0x21,0x00,
    0x21,0x00,0x20,0x00,0x00,0x00,0x20,0x00,0x20,0x00,0x20,0x00,0x20,0x00,0x20,0x00,
    0x20,0x00,0x20,0x00,0x20,0x00,0x20,0x00,0x20,0x00,0x20,0x00,0x21,0x00,0x21,0x00,
    0x21,0x00,0x20,0x00,0x00,0x00,0x00,0x00,0x00,0x00,0x41,0x08,0x00,0x00,0x20,0x00,
    0x00,0x00,0x00,0x00,0x00,0x00,0x00,0x00,0x00,0x00,0x00,0x00,0x82,0x10,0x45,0x29,
    0x00,0x00,0x00,0x00,0x00,0x00,0x00,0x00,0x00,0x00,0x00,0x00,0x00,0x00,0x00,0x00,
    0x00,0x00,0x00,0x00,0x00,0x00,0x20,0x00,0x41,0x00,0x41,0x00,0x41,0x00,0x41,0x00,
    0x41,0x00,0x41,0x00,0x41,0x00,0x41,0x00,0x41,0x00,0x41,0x00,0x41,0x00,0x41,0x00,
    0x41,0x00,0x41,0x00,0x41,0x00,0x41,0x00,0x41,0x00,0x41,0x00,0x41,0x00,0x41,0x00,
    0x41,0x00,0x61,0x08,0x62,0x08,0x61,0x08,0x61,0x08,0x61,0x08,0x61,0x08,0x61,0x08,
    0x62,0x08,0x62,0x08,0x62,0x08,0x62,0x08,0x41,0x00,0x41,0x00,0x41,0x00,0x41,0x00,
    0x62,0x08,0x61,0x08,0x41,0x00,0x41,0x00,0x61,0x08,0x41,0x00,0x61,0x08,0x61,0x00,
    0x41,0x00,0x41,0x00,0x41,0x00,0x41,0x00,0x41,0x00,0x41,0x00,0x41,0x00,0x41,0x00,
    0x41,0x00,0x41,0x00,0x41,0x00,0x41,0x00,0x41,0x00,0x41,0x00,0x41,0x00,0x41,0x00,
    0x41,0x00,0x41,0x00,0x41,0x00,0x41,0x00,0x41,0x00,0x62,0x08,0x61,0x08,0x41,0x00,
    0x21,0x00,0x41,0x00,0x00,0x00,0x00,0x00,0xe3,0x10,0xc3,0x10,0x82,0x08,0x82,0x08,
    0x82,0x08,0x62,0x08,0x62,0x08,0x61,0x00,0x61,0x00,0x41,0x00,0x41,0x00,0x41,0x00,
    0x41,0x00,0x20,0x00,0x00,0x00,0x00,0x00,0x00,0x00,0x00,0x00,0x00,0x00,0x00,0x00,
    0x00,0x00,0x20,0x00,0x41,0x00,0x20,0x00,0x21,0x00,0x20,0x00,0x20,0x00,0x21,0x00,
    0x21,0x00,0x21,0x00,0x21,0x00,0x21,0x00,0x00,0x00,0x00,0x00,0x41,0x00,0x41,0x00,
    0x21,0x00,0x21,0x00,0x21,0x00,0x00,0x00,0x00,0x00,0x21,0x00,0x41,0x00,0x41,0x00,
    0x41,0x00,0x41,0x00,0x41,0x00,0x41,0x00,0x21,0x00,0x21,0x00,0x41,0x00,0x00,0x00,
    0x00,0x00,0x00,0x00,0x21,0x00,0x21,0x00,0x21,0x00,0x21,0x00,0x20,0x00,0x00,0x00,
    0x21,0x00,0x21,0x00,0x21,0x00,0x41,0x00,0x21,0x00,0x00,0x00,0x00,0x00,0x20,0x00,
    0x20,0x00,0x20,0x00,0x20,0x00,0x20,0x00,0x20,0x00,0x20,0x00,0x20,0x00,0x20,0x00,
    0x20,0x00,0x20,0x00,0x21,0x00,0x21,0x00,0x20,0x00,0x00,0x00,0x00,0x00,0x00,0x00,
    0x21,0x00,0x21,0x00,0x00,0x00,0x20,0x00,0x00,0x00,0x00,0x00,0x00,0x00,0x00,0x00,
    0x00,0x00,0x00,0x00,0x82,0x10,0x65,0x29,0x00,0x00,0x00,0x00,0x00,0x00,0x00,0x00,
    0x00,0x00,0x00,0x00,0x00,0x00,0x00,0x00,0x00,0x00,0x00,0x00,0x00,0x00,0x41,0x00,
    0x41,0x00,0x41,0x00,0x41,0x00,0x41,0x00,0x41,0x00,0x41,0x00,0x41,0x00,0x41,0x00,
    0x41,0x00,0x41,0x00,0x41,0x00,0x41,0x00,0x62,0x08,0x62,0x08,0x62,0x08,0x62,0x08,
    0x62,0x08,0x62,0x08,0x62,0x08,0x62,0x08,0x62,0x08,0x62,0x08,0x62,0x08,0x62,0x08,
    0x62,0x08,0x62,0x08,0x62,0x08,0x62,0x08,0x62,0x08,0x62,0x08,0x62,0x08,0x62,0x08,
    0x62,0x08,0x62,0x08,0x62,0x08,0x62,0x08,0x62,0x08,0x62,0x08,0x62,0x08,0x62,0x08,
    0x62,0x08,0x61,0x08,0x62,0x08,0x62,0x08,0x61,0x08,0x41,0x00,0x41,0x00,0x62,0x08,
    0x41,0x00,0x41,0x00,0x41,0x00,0x41,0x00,0x41,0x00,0x41,0x00,0x41,0x00,0x41,0x00,
    0x41,0x00,0x41,0x00,0x41,0x00,0x41,0x00,0x41,0x00,0x41,0x00,0x61,0x08,0x61,0x08,
    0x41,0x00,0x82,0x08,0x61,0x08,0x41,0x00,0x61,0x08,0x20,0x00,0x20,0x00,0x41,0x00,
    0x45,0x21,0xa2,0x08,0x82,0x08,0xa2,0x08,0x62,0x08,0x62,0x08,0x62,0x08,0x41,0x00,
    0x61,0x00,0x62,0x08,0x41,0x00,0x41,0x00,0x41,0x00,0x20,0x00,0x00,0x00,0x00,0x00,
    0x00,0x00,0x00,0x00,0x00,0x00,0x00,0x00,0x20,0x00,0x20,0x00,0x20,0x00,0x20,0x00,
    0x21,0x00,0x20,0x00,0x20,0x00,0x21,0x00,0x21,0x00,0x21,0x00,0x21,0x00,0x20,0x00,
    0x20,0x00,0x41,0x00,0x41,0x00,0x21,0x00,0x41,0x00,0x21,0x00,0x00,0x00,0x00,0x00,
    0x21,0x00,0x41,0x00,0x41,0x00,0x41,0x00,0x41,0x00,0x41,0x00,0x41,0x00,0x41,0x00,
    0x41,0x00,0x41,0x00,0x00,0x00,0x00,0x00,0x20,0x00,0x21,0x00,0x21,0x00,0x21,0x00,
    0x21,0x00,0x21,0x00,0x21,0x00,0x21,0x00,0x21,0x00,0x21,0x00,0x21,0x00,0x21,0x00,
    0x20,0x00,0x20,0x00,0x20,0x00,0x20,0x00,0x20,0x00,0x20,0x00,0x20,0x00,0x20,0x00,
    0x20,0x00,0x20,0x00,0x20,0x00,0x20,0x00,0x20,0x00,0x21,0x00,0x21,0x00,0x21,0x00,
    0x00,0x00,0x00,0x00,0x00,0x00,0x00,0x00,0x41,0x00,0x00,0x00,0x20,0x00,0x00,0x00,
    0x00,0x00,0x00,0x00,0x20,0x00,0x21,0x00,0x00,0x00,0x00,0x00,0x82,0x10,0x86,0x31,
    0x00,0x00,0x00,0x00,0x00,0x00,0x00,0x00,0x00,0x00,0x00,0x00,0x00,0x00,0x00,0x00,
    0x00,0x00,0x00,0x00,0x20,0x00,0x21,0x00,0x41,0x00,0x41,0x00,0x41,0x00,0x41,0x00,
    0x41,0x00,0x61,0x08,0x61,0x08,0x61,0x08,0x62,0x08,0x62,0x08,0x62,0x08,0x82,0x08,
    0x62,0x08,0x62,0x08,0x62,0x08,0x62,0x08,0x82,0x08,0x62,0x08,0x62,0x08,0x82,0x08,
    0x82,0x08,0x62,0x08,0x82,0x08,0x82,0x08,0x82,0x08,0x62,0x08,0x62,0x08,0x62,0x08,
    0x82,0x08,0x62,0x08,0x82,0x08,0x82,0x08,0x82,0x08,0x82,0x08,0x82,0x08,0x82,0x08,
    0x82,0x08,0x82,0x08,0x82,0x08,0x62,0x08,0x62,0x08,0x62,0x08,0x62,0x08,0x62,0x08,
    0x62,0x08,0x62,0x08,0x62,0x08,0x41,0x00,0x61,0x08,0x61,0x08,0x41,0x00,0x41,0x00,
    0x41,0x00,0x41,0x00,0x41,0x00,0x41,0x00,0x41,0x00,0x41,0x00,0x41,0x00,0x41,0x00,
    0x41,0x00,0x61,0x08,0x61,0x08,0x61,0x08,0x61,0x08,0x41,0x00,0x41,0x00,0x41,0x00,
    0x41,0x00,0x21,0x00,0x00,0x00,0xc3,0x10,0x24,0x19,0xa2,0x08,0xc3,0x10,0xa2,0x08,
    0x82,0x08,0x62,0x08,0x41,0x00,0x62,0x08,0x82,0x08,0x41,0x00,0x61,0x00,0x41,0x00,
    0x41,0x00,0x20,0x00,0x00,0x00,0x00,0x00,0x00,0x00,0x00,0x00,0x00,0x00,0x00,0x00,
    0x20,0x00,0x20,0x00,0x20,0x00,0x20,0x00,0x21,0x00,0x21,0x00,0x21,0x00,0x21,0x00,
    0x21,0x00,0x21,0x00,0x21,0x00,0x20,0x00,0x21,0x00,0x41,0x00,0x21,0x00,0x41,0x00,
    0x41,0x00,0x20,0x00,0x00,0x00,0x21,0x00,0x41,0x00,0x41,0x00,0x41,0x00,0x41,0x00,
    0x41,0x00,0x41,0x00,0x21,0x00,0x41,0x00,0x41,0x00,0x20,0x00,0x20,0x00,0x00,0x00,
    0x21,0x00,0x21,0x00,0x21,0x00,0x21,0x00,0x21,0x00,0x21,0x00,0x21,0x00,0x21,0x00,
    0x21,0x00,0x21,0x00,0x21,0x00,0x21,0x00,0x20,0x00,0x20,0x00,0x20,0x00,0x20,0x00,
    0x20,0x00,0x20,0x00,0x20,0x00,0x20,0x00,0x20,0x00,0x20,0x00,0x20,0x00,0x21,0x00,
    0x21,0x00,0x21,0x00,0x20,0x00,0x20,0x00,0x00,0x00,0x00,0x00,0x00,0x00,0x20,0x00,
    0x21,0x00,0x00,0x00,0x20,0x00,0x00,0x00,0x00,0x00,0x00,0x00,0x41,0x08,0x20,0x00,
    0x20,0x00,0x00,0x00,0x82,0x10,0xa6,0x31,0x00,0x00,0x00,0x00,0x00,0x00,0x00,0x00,
    0x00,0x00,0x00,0x00,0x20,0x00,0x21,0x00,0x21,0x00,0x41,0x00,0x41,0x08,0x41,0x08,
    0x61,0x08,0x62,0x08,0x62,0x08,0x62,0x08,0x62,0x08,0x62,0x08,0x62,0x08,0x62,0x08,
    0x82,0x08,0x82,0x08,0x82,0x08,0x82,0x08,0x82,0x08,0x82,0x08,0x82,0x08,0x82,0x08,
    0x82,0x08,0x82,0x08,0x82,0x08,0x82,0x08,0x82,0x08,0x82,0x08,0x82,0x08,0x82,0x08,
    0x82,0x08,0x82,0x08,0x82,0x08,0x82,0x08,0x82,0x08,0x82,0x08,0x82,0x08,0x82,0x08,
    0x82,0x08,0x82,0x08,0x82,0x08,0x82,0x08,0xa3,0x10,0xa2,0x08,0x82,0x08,0x82,0x08,
    0x82,0x08,0x82,0x08,0x82,0x08,0x62,0x08,0x62,0x08,0x62,0x08,0x62,0x08,0x62,0x08,
    0x61,0x08,0x61,0x08,0x41,0x00,0x41,0x00,0x41,0x00,0x41,0x00,0x41,0x00,0x41,0x00,
    0x61,0x08,0x41,0x08,0x61,0x08,0x41,0x00,0x41,0x00,0x61,0x08,0x62,0x08,0x61,0x08,
    0x61,0x08,0x41,0x00,0x41,0x00,0x41,0x00,0x41,0x00,0x21,0x00,0x20,0x00,0x45,0x21,
    0xa2,0x08,0xa2,0x08,0xa2,0x08,0x82,0x08,0x82,0x08,0x62,0x08,0x62,0x08,0x62,0x08,
    0x62,0x08,0x41,0x00,0x62,0x08,0x41,0x00,0x41,0x00,0x00,0x00,0x00,0x00,0x00,0x00,
    0x00,0x00,0x00,0x00,0x00,0x00,0x00,0x00,0x20,0x00,0x20,0x00,0x20,0x00,0x20,0x00,
    0x21,0x00,0x21,0x00,0x21,0x00,0x21,0x00,0x21,0x00,0x21,0x00,0x20,0x00,0x21,0x00,
    0x41,0x00,0x41,0x00,0x41,0x00,0x41,0x00,0x21,0x00,0x00,0x00,0x00,0x00,0x41,0x00,
    0x41,0x00,0x41,0x00,0x41,0x00,0x41,0x00,0x41,0x00,0x41,0x00,0x41,0x00,0x41,0x00,
    0x21,0x00,0x00,0x00,0x00,0x00,0x21,0x00,0x21,0x00,0x21,0x00,0x21,0x00,0x21,0x00,
    0x21,0x00,0x21,0x00,0x21,0x00,0x21,0x00,0x21,0x00,0x21,0x00,0x21,0x00,0x21,0x00,
    0x20,0x00,0x20,0x00,0x20,0x00,0x20,0x00,0x20,0x00,0x20,0x00,0x20,0x00,0x20,0x00,
    0x20,0x00,0x20,0x00,0x21,0x00,0x21,0x00,0x21,0x00,0x21,0x00,0x20,0x00,0x00,0x00,
    0x00,0x00,0x00,0x00,0x00,0x00,0x41,0x08,0x20,0x00,0x00,0x00,0x00,0x00,0x00,0x00,
    0x00,0x00,0x21,0x00,0x82,0x08,0x00,0x00,0x00,0x00,0x00,0x00,0x82,0x08,0xa6,0x31,
    0x00,0x00,0xa2,0x10,0xe3,0x18,0xc3,0x10,0x82,0x08,0x61,0x08,0x61,0x08,0x62,0x08,
    0x61,0x08,0x61,0x08,0x62,0x08,0x62,0x08,0x82,0x08,0x82,0x08,0x82,0x08,0x82,0x08,
    0x82,0x08,0x82,0x08,0x82,0x08,0x82,0x08,0x82,0x08,0x82,0x08,0x82,0x08,0xa2,0x08,
    0x82,0x08,0x82,0x08,0xa2,0x08,0x82,0x08,0xa2,0x08,0xa2,0x08,0xa3,0x08,0xa3,0x08,
    0xc3,0x10,0xa3,0x08,0xa2,0x08,0xa2,0x08,0xa2,0x08,0xa3,0x08,0xa2,0x08,0xa2,0x08,
    0xa2,0x08,0xa3,0x08,0xa3,0x08,0xa2,0x08,0xa3,0x10,0xa3,0x10,0xa3,0x10,0xa3,0x10,
    0xa2,0x08,0xa2,0x08,0xa2,0x08,0x82,0x08,0x82,0x08,0x82,0x08,0x82,0x08,0x62,0x08,
    0x82,0x08,0x62,0x08,0x62,0x08,0x62,0x08,0x61,0x08,0x61,0x08,0x61,0x08,0x61,0x00,
    0x61,0x00,0x61,0x08,0x61,0x08,0x61,0x08,0x61,0x08,0x61,0x08,0x61,0x08,0x41,0x00,
    0x61,0x08,0x82,0x08,0x61,0x08,0x61,0x08,0x61,0x08,0x61,0x08,0x41,0x00,0x41,0x00,
    0x41,0x00,0x20,0x00,0x82,0x08,0x45,0x21,0x62,0x08,0xa2,0x08,0xa2,0x08,0xa2,0x08,
    0x62,0x00,0x62,0x08,0x61,0x00,0x61,0x00,0x62,0x08,0x41,0x00,0x62,0x08,0x41,0x00,
    0x41,0x00,0x00,0x00,0x00,0x00,0x00,0x00,0x00,0x00,0x00,0x00,0x00,0x00,0x00,0x00,
    0x20,0x00,0x20,0x00,0x20,0x00,0x20,0x00,0x21,0x00,0x21,0x00,0x21,0x00,0x21,0x00,
    0x21,0x00,0x20,0x00,0x21,0x00,0x41,0x00,0x41,0x00,0x41,0x00,0x41,0x00,0x21,0x00,
    0x00,0x00,0x00,0x00,0x41,0x00,0x61,0x00,0x61,0x00,0x41,0x00,0x41,0x00,0x41,0x00,
    0x41,0x00,0x41,0x00,0x41,0x00,0x21,0x00,0x00,0x00,0x20,0x00,0x00,0x00,0x21,0x00,
    0x21,0x00,0x21,0x00,0x21,0x00,0x21,0x00,0x21,0x00,0x21,0x00,0x21,0x00,0x21,0x00,
    0x21,0x00,0x21,0x00,0x21,0x00,0x20,0x00,0x20,0x00,0x20,0x00,0x20,0x00,0x20,0x00,
    0x20,0x00,0x20,0x00,0x20,0x00,0x20,0x00,0x21,0x00,0x21,0x00,0x21,0x00,0x21,0x00,
    0x21,0x00,0x21,0x00,0x20,0x00,0x00,0x00,0x00,0x00,0x00,0x00,0x21,0x00,0x41,0x08,
    0x00,0x00,0x00,0x00,0x00,0x00,0x00,0x00,0x00,0x00,0x82,0x08,0x21,0x00,0x20,0x00,
    0x20,0x00,0x41,0x08,0x62,0x08,0xa2,0x10,0xa2,0x10,0x04,0x19,0xe3,0x18,0xa2,0x08,
    0x82,0x08,0x82,0x08,0x82,0x08,0x82,0x08,0x82,0x08,0xa2,0x08,0xa2,0x08,0xa2,0x08,
    0xa2,0x08,0xa2,0x08,0xa3,0x10,0xa2,0x08,0x82,0x08,0xa2,0x08,0xa3,0x10,0xa3,0x10,
    0xa2,0x08,0xa3,0x10,0xa3,0x10,0xc3,0x10,0xa3,0x10,0xa2,0x08,0xc3,0x10,0xa3,0x10,
    0xc3,0x10,0xc3,0x10,0xc3,0x10,0xc3,0x10,0xc3,0x10,0xc3,0x10,0xa3,0x08,0xa3,0x08,
    0xa3,0x08,0xc3,0x10,0xc3,0x10,0xc3,0x10,0xa3,0x08,0xa3,0x08,0xa3,0x08,0xa3,0x08,
    0xa3,0x10,0x82,0x08,0xa2,0x08,0xa3,0x10,0x82,0x08,0xa2,0x08,0xa2,0x08,0x82,0x08,
    0xa2,0x08,0x82,0x08,0x82,0x08,0x82,0x08,0x82,0x08,0x82,0x08,0x82,0x08,0x82,0x08,
    0x82,0x08,0x82,0x08,0x82,0x08,0x61,0x08,0x61,0x08,0x61,0x08,0x82,0x08,0x82,0x08,
    0x61,0x08,0x61,0x08,0x82,0x08,0x62,0x08,0x82,0x08,0xa2,0x10,0x61,0x08,0x61,0x08,
    0x61,0x08,0x61,0x08,0x41,0x00,0x41,0x00,0x41,0x00,0x00,0x00,0x04,0x19,0xe3,0x18,
    0x82,0x08,0xa3,0x08,0x82,0x08,0x62,0x08,0x82,0x08,0x82,0x08,0x62,0x08,0x62,0x08,
    0x62,0x08,0x61,0x00,0x62,0x08,0x41,0x00,0x41,0x00,0x00,0x00,0x00,0x00,0x00,0x00,
    0x00,0x00,0x00,0x00,0x00,0x00,0x00,0x00,0x21,0x00,0x20,0x00,0x00,0x00,0x20,0x00,
    0x21,0x00,0x21,0x00,0x21,0x00,0x21,0x00,0x00,0x00,0x21,0x00,0x41,0x00,0x41,0x00,
    0x41,0x00,0x41,0x00,0x21,0x00,0x00,0x00,0x00,0x00,0x21,0x00,0x62,0x08,0x61,0x00,
    0x41,0x00,0x41,0x00,0x41,0x00,0x41,0x00,0x41,0x00,0x41,0x00,0x41,0x00,0x20,0x00,
    0x20,0x00,0x20,0x00,0x21,0x00,0x21,0x00,0x21,0x00,0x21,0x00,0x21,0x00,0x21,0x00,
    0x21,0x00,0x21,0x00,0x21,0x00,0x21,0x00,0x21,0x00,0x21,0x00,0x20,0x00,0x20,0x00,
    0x20,0x00,0x20,0x00,0x20,0x00,0x20,0x00,0x20,0x00,0x20,0x00,0x20,0x00,0x20,0x00,
    0x20,0x00,0x21,0x00,0x21,0x00,0x21,0x00,0x21,0x00,0x21,0x00,0x00,0x00,0x00,0x00,
    0x00,0x00,0x00,0x00,0x41,0x08,0x21,0x00,0x00,0x00,0x00,0x00,0x20,0x00,0x20,0x00,
    0x21,0x00,0x61,0x08,0x41,0x08,0x62,0x08,0xa2,0x08,0x82,0x08,0x82,0x08,0x82,0x08,
    0x82,0x08,0x82,0x08,0x82,0x08,0xa2,0x08,0xa2,0x08,0xa2,0x08,0xa2,0x08,0xc2,0x08,
    0xa2,0x08,0xc3,0x10,0xc3,0x08,0xc2,0x08,0xa3,0x10,0xa3,0x10,0xa3,0x10,0xa3,0x10,
    0xa3,0x10,0xa3,0x10,0xa3,0x10,0xc3,0x10,0xc3,0x10,0xc3,0x10,0xc3,0x10,0xc3,0x10,
    0xc3,0x10,0xc3,0x10,0xc3,0x10,0xc3,0x10,0xc3,0x10,0xe3,0x10,0xc3,0x10,0xe3,0x10,
    0xe3,0x10,0xe3,0x10,0xe3,0x10,0xc3,0x10,0xe3,0x10,0xc3,0x10,0xe3,0x10,0xc3,0x10,
    0xa3,0x08,0xc3,0x10,0xe3,0x10,0xc3,0x10,0xa3,0x10,0xc3,0x10,0xc3,0x10,0xa3,0x10,
    0xa3,0x10,0xc3,0x10,0xc3,0x10,0xa3,0x10,0xc3,0x10,0xa2,0x08,0xa3,0x10,0x82,0x08,
    0xa2,0x08,0xa2,0x08,0x82,0x08,0x82,0x08,0xa2,0x08,0xa2,0x08,0x82,0x08,0x82,0x08,
    0x82,0x08,0x61,0x00,0x82,0x08,0x82,0x08,0x82,0x08,0x61,0x08,0x62,0x08,0x82,0x08,
    0x82,0x08,0x82,0x08,0x62,0x08,0x61,0x08,0x61,0x08,0x41,0x00,0x41,0x00,0x41,0x00,
    0x41,0x00,0x41,0x00,0x45,0x21,0x82,0x08,0xc3,0x10,0xa3,0x08,0x82,0x08,0x82,0x08,
    0x62,0x08,0x82,0x08,0x82,0x08,0x61,0x00,0x41,0x00,0x41,0x00,0x41,0x00,0x41,0x00,
    0x41,0x00,0x00,0x00,0x00,0x00,0x00,0x00,0x00,0x00,0x00,0x00,0x00,0x00,0x00,0x00,
    0x20,0x00,0x20,0x00,0x20,0x00,0x21,0x00,0x20,0x00,0x20,0x00,0x21,0x00,0x00,0x00,
    0x20,0x00,0x41,0x00,0x41,0x00,0x41,0x00,0x41,0x00,0x21,0x00,0x20,0x00,0x00,0x00,
    0x20,0x00,0x62,0x08,0x62,0x08,0x41,0x00,0x41,0x00,0x41,0x00,0x41,0x00,0x41,0x00,
    0x41,0x00,0x41,0x00,0x21,0x00,0x21,0x00,0x21,0x00,0x20,0x00,0x21,0x00,0x21,0x00,
    0x21,0x00,0x21,0x00,0x20,0x00,0x21,0x00,0x21,0x00,0x21,0x00,0x21,0x00,0x21,0x00,
    0x21,0x00,0x21,0x00,0x20,0x00,0x20,0x00,0x21,0x00,0x21,0x00,0x21,0x00,0x21,0x00,
    0x21,0x00,0x21,0x00,0x21,0x00,0x21,0x00,0x21,0x00,0x21,0x00,0x20,0x00,0x21,0x00,
    0x41,0x00,0x20,0x00,0x00,0x00,0x00,0x00,0x00,0x00,0x21,0x00,0x41,0x00,0x41,0x00,
    0x41,0x00,0x61,0x08,0x62,0x08,0x62,0x08,0x82,0x08,0x82,0x08,0x82,0x08,0xa3,0x08,
    0xc3,0x10,0xc3,0x10,0xa3,0x10,0xa3,0x08,0xc3,0x10,0xa3,0x08,0xc3,0x10,0xc3,0x10,
    0xc3,0x10,0xc3,0x10,0xc3,0x10,0xc3,0x10,0xc3,0x10,0xe3,0x10,0xe3,0x10,0xe3,0x10,
    0xc3,0x10,0xc3,0x10,0xc3,0x10,0xe3,0x10,0xe4,0x10,0xc3,0x10,0xe3,0x10,0xe3,0x10,
    0xe4,0x10,0xe4,0x10,0xe4,0x10,0x04,0x11,0x04,0x11,0x04,0x19,0x04,0x11,0x04,0x11,
    0x04,0x19,0x24,0x19,0x04,0x11,0x04,0x11,0x04,0x11,0x24,0x19,0x04,0x19,0xe4,0x10,
    0x04,0x11,0xe4,0x10,0x04,0x11,0xe4,0x10,0xe3,0x10,0x04,0x19,0xe4,0x10,0x04,0x11,
    0x04,0x11,0x04,0x19,0x04,0x19,0x04,0x11,0xe4,0x10,0xc3,0x10,0xe4,0x10,0xc3,0x10,
    0xc3,0x10,0xe3,0x10,0xe3,0x10,0xc3,0x10,0xc3,0x10,0xc3,0x10,0xa3,0x08,0xa3,0x08,
    0xa2,0x08,0xa2,0x08,0x82,0x08,0x82,0x08,0x82,0x08,0xa2,0x08,0xa2,0x08,0xa2,0x08,
    0x82,0x08,0x62,0x08,0x82,0x08,0xa2,0x08,0x82,0x08,0x82,0x08,0x82,0x08,0x82,0x08,
    0x41,0x08,0x62,0x08,0x41,0x00,0x82,0x08,0x21,0x00,0xc3,0x10,0x25,0x19,0xa2,0x08,
    0xc3,0x10,0x82,0x08,0xa2,0x08,0x82,0x08,0x82,0x08,0x82,0x08,0x61,0x00,0x41,0x00,
    0x62,0x08,0x62,0x08,0x41,0x00,0x41,0x00,0x21,0x00,0x00,0x00,0x00,0x00,0x00,0x00,
    0x00,0x00,0x00,0x00,0x00,0x00,0x00,0x00,0x00,0x00,0x20,0x00,0x21,0x00,0x21,0x00,
    0x21,0x00,0x21,0x00,0x00,0x00,0x20,0x00,0x41,0x00,0x61,0x00,0x41,0x00,0x41,0x00,
    0x41,0x00,0x00,0x00,0x21,0x00,0x20,0x00,0x61,0x08,0x82,0x08,0x61,0x00,0x41,0x00,
    0x41,0x00,0x41,0x00,0x41,0x00,0x41,0x00,0x41,0x00,0x20,0x00,0x00,0x00,0x20,0x00,
    0x21,0x00,0x21,0x00,0x21,0x00,0x21,0x00,0x21,0x00,0x21,0x00,0x21,0x00,0x21,0x00,
    0x41,0x00,0x21,0x00,0x41,0x00,0x21,0x00,0x20,0x00,0x20,0x00,0x20,0x00,0x20,0x00,
    0x20,0x00,0x21,0x00,0x21,0x00,0x20,0x00,0x21,0x00,0x20,0x00,0x20,0x00,0x00,0x00,
    0x00,0x00,0x20,0x00,0x21,0x00,0x41,0x00,0x82,0x08,0x21,0x00,0x41,0x00,0x62,0x08,
    0x62,0x08,0x82,0x08,0x82,0x08,0x82,0x08,0x82,0x08,0xa3,0x10,0xa3,0x10,0xc3,0x10,
    0xa3,0x08,0xa3,0x08,0xc3,0x08,0xc3,0x10,0xe3,0x10,0xc3,0x10,0xc3,0x10,0xc3,0x10,
    0xc3,0x10,0xe3,0x10,0xe3,0x10,0xc3,0x10,0xc3,0x10,0xe3,0x10,0xe4,0x10,0xe4,0x10,
    0xe4,0x10,0x04,0x11,0x04,0x11,0x04,0x11,0x04,0x11,0x04,0x11,0x04,0x11,0x04,0x11,
    0x24,0x19,0x04,0x19,0x24,0x19,0x04,0x19,0x24,0x19,0x24,0x19,0x25,0x19,0x25,0x19,
    0x25,0x19,0x25,0x19,0x25,0x19,0x25,0x19,0x24,0x19,0x04,0x11,0x45,0x19,0x45,0x19,
    0x45,0x19,0x45,0x19,0x45,0x19,0x45,0x19,0x24,0x19,0x25,0x19,0x25,0x19,0x25,0x19,
    0x24,0x19,0x04,0x19,0x25,0x19,0x45,0x19,0x24,0x19,0x24,0x19,0x24,0x19,0x04,0x19,
    0x04,0x19,0x04,0x19,0x04,0x19,0x04,0x19,0x04,0x11,0x25,0x19,0x04,0x11,0xe3,0x10,
    0x04,0x19,0xc3,0x10,0xc3,0x10,0xc3,0x10,0xa3,0x10,0xa2,0x08,0xa3,0x10,0x82,0x08,
    0x82,0x08,0xc3,0x10,0xa3,0x10,0xa3,0x10,0xa2,0x08,0x82,0x08,0x82,0x08,0x82,0x08,
    0x82,0x08,0x82,0x08,0x82,0x08,0x82,0x08,0x62,0x08,0x41,0x00,0x41,0x00,0x62,0x08,
    0x00,0x00,0x45,0x21,0xe3,0x10,0xc3,0x10,0xc3,0x10,0xa2,0x08,0xa3,0x08,0x82,0x08,
    0x62,0x08,0x61,0x00,0x61,0x00,0x62,0x00,0x62,0x08,0x41,0x00,0x41,0x00,0x41,0x00,
    0x21,0x00,0x00,0x00,0x00,0x00,0x00,0x00,0x00,0x00,0x00,0x00,0x00,0x00,0x00,0x00,
    0x20,0x00,0x21,0x00,0x21,0x00,0x21,0x00,0x21,0x00,0x20,0x00,0x00,0x00,0x41,0x00,
    0x62,0x08,0x41,0x00,0x41,0x00,0x41,0x00,0x20,0x00,0x21,0x00,0x00,0x00,0x61,0x08,
    0x82,0x08,0x62,0x08,0x61,0x00,0x62,0x08,0x61,0x00,0x41,0x00,0x41,0x00,0x41,0x00,
    0x21,0x00,0x20,0x00,0x00,0x00,0x00,0x00,0x21,0x00,0x21,0x00,0x21,0x00,0x21,0x00,
    0x21,0x00,0x21,0x00,0x21,0x00,0x41,0x00,0x41,0x00,0x21,0x00,0x41,0x00,0x21,0x00,
    0x21,0x00,0x21,0x00,0x21,0x00,0x21,0x00,0x20,0x00,0x21,0x00,0x21,0x00,0x00,0x00,
    0x20,0x00,0x21,0x00,0x21,0x00,0x21,0x00,0x41,0x00,0x41,0x00,0x62,0x08,0x62,0x08,
    0x82,0x08,0x82,0x08,0x82,0x08,0xa3,0x10,0xa2,0x08,0xa3,0x10,0xa3,0x10,0xc3,0x10,
    0xc3,0x10,0xc3,0x10,0xc3,0x10,0xc3,0x10,0xe3,0x10,0xe4,0x10,0xe3,0x10,0xe3,0x10,
    0xe4,0x10,0xe4,0x10,0x04,0x19,0x04,0x19,0xe4,0x10,0xe4,0x10,0xe4,0x10,0x04,0x19,
    0x04,0x19,0x04,0x19,0x24,0x19,0x24,0x19,0x24,0x19,0x24,0x19,0x25,0x19,0x25,0x19,
    0x45,0x19,0x45,0x19,0x45,0x19,0x25,0x19,0x25,0x19,0x45,0x19,0x66,0x21,0x45,0x19,
    0x45,0x19,0x65,0x19,0x65,0x19,0x65,0x19,0x45,0x19,0x66,0x21,0x65,0x19,0x66,0x21,
    0x66,0x21,0x66,0x21,0x66,0x21,0x86,0x21,0x66,0x21,0x65,0x19,0x66,0x21,0x66,0x21,
    0x66,0x21,0x65,0x21,0x66,0x21,0x65,0x21,0x65,0x21,0x45,0x19,0x65,0x21,0x65,0x21,
    0x45,0x19,0x65,0x21,0x65,0x21,0x45,0x19,0x45,0x19,0x45,0x21,0x25,0x21,0x24,0x19,
    0x04,0x19,0x04,0x19,0x24,0x19,0x24,0x19,0x24,0x19,0x04,0x19,0xe4,0x10,0xe4,0x10,
    0xc3,0x10,0xa3,0x10,0xa2,0x08,0xc3,0x10,0xa3,0x10,0xa2,0x08,0xa3,0x10,0xa3,0x10,
    0xa2,0x08,0xa3,0x10,0xa2,0x08,0x82,0x08,0x82,0x08,0x82,0x08,0x82,0x08,0x62,0x08,
    0x62,0x08,0x41,0x00,0x82,0x08,0x62,0x08,0x62,0x08,0x45,0x21,0xa2,0x08,0xe3,0x10,
    0xc3,0x10,0xa3,0x08,0xa2,0x08,0x82,0x08,0x82,0x08,0x62,0x08,0x62,0x08,0x62,0x08,
    0x82,0x08,0x62,0x08,0x61,0x08,0x61,0x08,0x21,0x00,0x00,0x00,0x00,0x00,0x00,0x00,
    0x00,0x00,0x00,0x00,0x00,0x00,0x00,0x00,0x21,0x00,0x21,0x00,0x21,0x00,0x21,0x00,
    0x20,0x00,0x00,0x00,0x41,0x00,0x62,0x08,0x41,0x00,0x62,0x08,0x41,0x00,0x20,0x00,
    0x20,0x00,0x00,0x00,0x41,0x08,0x82,0x08,0x62,0x08,0x62,0x08,0x62,0x08,0x61,0x00,
    0x61,0x00,0x61,0x00,0x41,0x00,0x41,0x00,0x21,0x00,0x21,0x00,0x20,0x00,0x21,0x00,
    0x21,0x00,0x21,0x00,0x21,0x00,0x21,0x00,0x21,0x00,0x21,0x00,0x41,0x00,0x41,0x00,
    0x21,0x00,0x21,0x00,0x21,0x00,0x00,0x00,0x00,0x00,0x00,0x00,0x00,0x00,0x21,0x00,
    0x20,0x00,0x21,0x00,0x41,0x00,0x41,0x00,0x41,0x00,0x61,0x08,0x82,0x08,0x82,0x08,
    0x82,0x08,0xa2,0x08,0xa3,0x10,0xa2,0x08,0xc3,0x10,0xc3,0x10,0xc3,0x10,0xc3,0x10,
    0xe3,0x10,0xe4,0x10,0xe4,0x10,0xe4,0x10,0xe4,0x18,0xe4,0x18,0xe4,0x18,0xe4,0x10,
    0x04,0x19,0x04,0x19,0x04,0x19,0x24,0x19,0x24,0x19,0x45,0x19,0x45,0x19,0x25,0x19,
    0x24,0x19,0x25,0x19,0x25,0x19,0x25,0x19,0x45,0x19,0x45,0x19,0x45,0x21,0x45,0x21,
    0x66,0x21,0x66,0x21,0x66,0x21,0x66,0x21,0x66,0x21,0x86,0x21,0x86,0x21,0xa6,0x21,
    0x86,0x21,0x86,0x21,0xa7,0x29,0xa7,0x21,0xa7,0x21,0xa7,0x21,0xa7,0x21,0xa7,0x21,
    0xc7,0x21,0xc7,0x29,0xc7,0x29,0xc7,0x29,0xa7,0x21,0xa7,0x21,0xa7,0x21,0xa7,0x29,
    0xa7,0x21,0xc7,0x29,0xa7,0x21,0xc7,0x29,0xc7,0x29,0xa6,0x21,0xa7,0x29,0x86,0x21,
    0x86,0x21,0xa6,0x21,0x86,0x21,0xc7,0x29,0xa6,0x21,0x86,0x21,0x86,0x21,0x86,0x21,
    0x65,0x21,0x65,0x21,0x65,0x21,0x45,0x21,0x45,0x21,0x24,0x19,0x25,0x19,0x24,0x19,
    0x24,0x19,0x04,0x19,0xe3,0x10,0x04,0x19,0xc3,0x10,0xe3,0x10,0xc3,0x10,0xc3,0x10,
    0xc3,0x10,0xa3,0x10,0xa3,0x10,0xa3,0x10,0x82,0x08,0xa2,0x08,0xa2,0x08,0xa3,0x10,
    0xa2,0x08,0x82,0x08,0xa2,0x08,0x62,0x08,0x41,0x00,0x82,0x08,0xc3,0x10,0x61,0x00,
    0xe3,0x10,0x04,0x19,0xa2,0x08,0xc3,0x08,0xc3,0x10,0xa3,0x08,0xa2,0x08,0x82,0x08,
    0x62,0x08,0x82,0x08,0x62,0x08,0x62,0x08,0x62,0x08,0x61,0x00,0x61,0x08,0x61,0x08,
    0x21,0x00,0x00,0x00,0x00,0x00,0x00,0x00,0x00,0x00,0x00,0x00,0x00,0x00,0x00,0x00,
    0x21,0x00,0x20,0x00,0x41,0x00,0x21,0x00,0x00,0x00,0x41,0x00,0x62,0x08,0x61,0x00,
    0x61,0x08,0x61,0x08,0x21,0x00,0x20,0x00,0x00,0x00,0x41,0x00,0xa2,0x08,0x82,0x08,
    0x62,0x08,0x62,0x08,0x62,0x08,0x62,0x08,0x61,0x00,0x41,0x00,0x41,0x00,0x21,0x00,
    0x20,0x00,0x20,0x00,0x21,0x00,0x21,0x00,0x21,0x00,0x21,0x00,0x21,0x00,0x21,0x00,
    0x21,0x00,0x21,0x00,0x41,0x00,0x21,0x00,0x41,0x00,0x21,0x00,0x21,0x00,0x41,0x00,
    0x41,0x00,0x41,0x00,0x62,0x08,0x82,0x08,0x62,0x08,0x62,0x08,0x82,0x08,0xa2,0x08,
    0xa3,0x08,0xa3,0x08,0xc3,0x10,0xc3,0x10,0xc3,0x10,0xe3,0x10,0xe4,0x10,0xe3,0x10,
    0xe4,0x10,0x04,0x19,0x04,0x19,0x04,0x11,0x04,0x19,0x04,0x19,0x24,0x19,0x24,0x19,
    0x04,0x19,0x04,0x19,0x25,0x19,0x25,0x19,0x45,0x19,0x45,0x21,0x65,0x21,0x66,0x21,
    0x66,0x21,0x66,0x21,0x86,0x21,0x66,0x21,0x66,0x21,0x86,0x21,0x66,0x21,0x66,0x21,
    0x66,0x21,0x86,0x21,0x86,0x21,0x87,0x21,0xa7,0x21,0xa7,0x21,0xc7,0x29,0xc7,0x29,
    0xe8,0x29,0xe8,0x29,0xe8,0x29,0xe8,0x29,0xc7,0x29,0xe8,0x29,0x08,0x2a,0xe8,0x29,
    0xe8,0x29,0xe8,0x29,0x08,0x2a,0x08,0x2a,0xe8,0x29,0xc7,0x21,0xe8,0x29,0x08,0x2a,
    0xe8,0x29,0x08,0x2a,0x08,0x2a,0x08,0x2a,0x08,0x2a,0x08,0x32,0xe8,0x29,0xe8,0x29,
    0xe7,0x29,0xc7,0x29,0xc7,0x29,0xc7,0x29,0xc7,0x29,0xa7,0x21,0x08,0x2a,0xe7,0x29,
    0xa6,0x21,0xa6,0x21,0xa6,0x21,0xa6,0x21,0x86,0x21,0x86,0x21,0x86,0x29,0x86,0x21,
    0x66,0x21,0x86,0x21,0x25,0x19,0x45,0x21,0x25,0x19,0x04,0x19,0xe3,0x10,0xe3,0x10,
    0xe3,0x10,0xe4,0x18,0xe4,0x18,0xc3,0x10,0xc3,0x10,0xa3,0x10,0x82,0x08,0x82,0x08,
    0xa2,0x08,0xa2,0x08,0xa3,0x10,0xa3,0x10,0xc3,0x10,0xc3,0x10,0x82,0x08,0x62,0x00,
    0x61,0x00,0xc3,0x10,0x82,0x08,0x82,0x08,0xa6,0x29,0xe3,0x10,0xc3,0x08,0xc3,0x08,
    0xc3,0x10,0xa3,0x08,0x82,0x08,0xc3,0x10,0x62,0x08,0x62,0x08,0x82,0x08,0x62,0x08,
    0x41,0x00,0x62,0x08,0x62,0x08,0x41,0x00,0x20,0x00,0x00,0x00,0x00,0x00,0x00,0x00,
    0x00,0x00,0x00,0x00,0x00,0x00,0x00,0x00,0x21,0x00,0x21,0x00,0x21,0x00,0x00,0x00,
    0x41,0x00,0x82,0x08,0x41,0x00,0x41,0x00,0x62,0x08,0x41,0x00,0x00,0x00,0x00,0x00,
    0x21,0x00,0xa2,0x08,0xa3,0x10,0x82,0x08,0x82,0x08,0x62,0x08,0x62,0x08,0x62,0x08,
    0x62,0x08,0x61,0x00,0x21,0x00,0x00,0x00,0x21,0x00,0x21,0x00,0x41,0x00,0x41,0x00,
    0x21,0x00,0x21,0x00,0x20,0x00,0x00,0x00,0x21,0x00,0x41,0x00,0x41,0x00,0x41,0x00,
    0x41,0x00,0x61,0x08,0x62,0x08,0x82,0x08,0x82,0x08,0x82,0x08,0x82,0x08,0xa3,0x08,
    0xa3,0x10,0xa3,0x10,0xc3,0x10,0xc3,0x10,0xc3,0x10,0xe3,0x10,0xe4,0x10,0x04,0x19,
    0x04,0x19,0x04,0x19,0x04,0x19,0x04,0x19,0x25,0x19,0x25,0x19,0x45,0x19,0x45,0x19,
    0x45,0x19,0x45,0x21,0x45,0x21,0x46,0x21,0x45,0x21,0x45,0x21,0x66,0x21,0x86,0x21,
    0x86,0x21,0x86,0x21,0xa6,0x21,0xa6,0x21,0xa7,0x21,0xc7,0x29,0xc7,0x29,0xc7,0x29,
    0xc7,0x29,0xc7,0x29,0xc7,0x29,0xc7,0x29,0xe8,0x29,0x08,0x2a,0x08,0x2a,0x08,0x32,
    0x29,0x32,0x29,0x32,0x29,0x32,0x29,0x32,0x49,0x32,0x29,0x32,0x29,0x32,0x29,0x32,
    0x29,0x32,0x69,0x32,0x49,0x32,0x49,0x32,0x69,0x32,0x49,0x32,0x69,0x32,0x49,0x32,
    0x49,0x32,0x69,0x32,0x49,0x32,0x49,0x32,0x49,0x32,0x6a,0x3a,0x49,0x32,0x6a,0x3a,
    0x69,0x32,0x49,0x32,0x49,0x32,0x29,0x32,0x29,0x32,0x29,0x32,0x08,0x2a,0x08,0x2a,
    0x08,0x2a,0x08,0x2a,0x49,0x32,0x08,0x2a,0xe7,0x29,0xe7,0x29,0xe7,0x29,0xc7,0x29,
    0xa6,0x29,0xa6,0x29,0x86,0x21,0x66,0x21,0x86,0x21,0x65,0x21,0x45,0x21,0x45,0x19,
    0x25,0x19,0x04,0x19,0xe4,0x10,0xc3,0x10,0xe4,0x18,0xc3,0x10,0xa3,0x10,0xa3,0x10,
    0xa2,0x08,0xa2,0x08,0xc3,0x10,0x82,0x08,0xa2,0x08,0xa3,0x08,0xe3,0x10,0xe4,0x10,
    0x04,0x19,0xe4,0x10,0x62,0x00,0x61,0x00,0xa2,0x08,0xc3,0x10,0x82,0x08,0x04,0x19,
    0xc7,0x29,0xa2,0x08,0xc3,0x10,0xa3,0x08,0xa3,0x08,0x82,0x08,0x82,0x08,0xa3,0x08,
    0x82,0x08,0x61,0x00,0x62,0x08,0x82,0x08,0x62,0x08,0x62,0x08,0x61,0x08,0x41,0x00,
    0x20,0x00,0x00,0x00,0x00,0x00,0x00,0x00,0x00,0x00,0x00,0x00,0x00,0x00,0x00,0x00,
    0x21,0x00,0x20,0x00,0x00,0x00,0x41,0x00,0x82,0x08,0x62,0x08,0x61,0x00,0x62,0x08,
    0x41,0x00,0x00,0x00,0x00,0x00,0x21,0x00,0xa3,0x10,0xc3,0x10,0x82,0x08,0x82,0x08,
    0x82,0x08,0x62,0x08,0x62,0x08,0x62,0x08,0x62,0x08,0x41,0x00,0x00,0x00,0x20,0x00,
    0x20,0x00,0x21,0x00,0x21,0x00,0x21,0x00,0x21,0x00,0x21,0x00,0x41,0x00,0x41,0x00,
    0x62,0x08,0x82,0x08,0x82,0x08,0x82,0x08,0x82,0x08,0xa3,0x10,0xa3,0x10,0xa3,0x10,
    0xa3,0x10,0xc3,0x10,0xc3,0x10,0xc3,0x10,0xe4,0x10,0xe4,0x18,0xe4,0x18,0xe4,0x18,
    0x04,0x19,0x24,0x19,0x25,0x19,0x45,0x19,0x45,0x21,0x45,0x19,0x45,0x21,0x65,0x21,
    0x45,0x21,0x45,0x21,0x66,0x21,0x66,0x21,0x86,0x21,0x86,0x21,0x86,0x21,0x86,0x29,
    0xa7,0x29,0xa6,0x21,0xa7,0x29,0xc7,0x29,0xe7,0x29,0xe8,0x29,0xe8,0x29,0xe8,0x29,
    0x08,0x2a,0x29,0x32,0x29,0x32,0x29,0x32,0x49,0x32,0x49,0x32,0x29,0x32,0x49,0x32,
    0x6a,0x3a,0x6a,0x3a,0x6a,0x3a,0x6a,0x3a,0x6a,0x3a,0x8a,0x3a,0x6a,0x3a,0x6a,0x3a,
    0x8a,0x3a,0x8a,0x3a,0x8a,0x3a,0xab,0x3a,0xab,0x3a,0xab,0x3a,0x8a,0x3a,0xab,0x3a,
    0xab,0x3a,0xab,0x3a,0xab,0x3a,0xab,0x3a,0xab,0x3a,0xcb,0x3a,0xab,0x3a,0x8a,0x3a,
    0x8a,0x3a,0x8a,0x3a,0x8a,0x3a,0x6a,0x3a,0x8a,0x3a,0x6a,0x32,0x6a,0x3a,0x49,0x32,
    0x49,0x32,0x49,0x32,0x49,0x32,0x49,0x32,0x49,0x32,0x49,0x32,0x49,0x32,0x29,0x32,
    0x28,0x32,0x08,0x32,0xe7,0x29,0xe7,0x29,0xa6,0x21,0xa6,0x21,0xa6,0x21,0xa6,0x21,
    0x86,0x29,0x45,0x21,0x45,0x21,0x24,0x19,0x04,0x19,0xe3,0x10,0xc3,0x10,0xc3,0x10,
    0xe4,0x18,0xc3,0x10,0xa3,0x10,0xa3,0x10,0x82,0x08,0xa3,0x10,0xc3,0x10,0xa3,0x10,
    0xe4,0x10,0xe4,0x10,0x04,0x19,0x45,0x21,0x24,0x19,0xa3,0x08,0x82,0x08,0x41,0x00,
    0xe3,0x10,0x04,0x11,0x82,0x08,0x86,0x29,0x24,0x19,0xa2,0x08,0xc3,0x10,0xa2,0x08,
    0xc3,0x10,0xa2,0x08,0x82,0x08,0xc3,0x10,0x82,0x08,0x82,0x08,0x62,0x08,0x61,0x00,
    0x82,0x08,0x62,0x08,0x61,0x08,0x61,0x08,0x20,0x00,0x00,0x00,0x00,0x00,0x00,0x00,
    0x00,0x00,0x00,0x00,0x00,0x00,0x00,0x00,0x21,0x00,0x00,0x00,0x41,0x00,0x82,0x08,
    0x62,0x08,0x61,0x00,0x62,0x08,0x41,0x00,0x00,0x00,0x00,0x00,0x21,0x00,0xc3,0x10,
    0xe3,0x10,0xa2,0x08,0x82,0x08,0x82,0x08,0x82,0x08,0x82,0x08,0x62,0x08,0x62,0x08,
    0x41,0x00,0x00,0x00,0x00,0x00,0x21,0x00,0x21,0x00,0x41,0x00,0x41,0x00,0x62,0x08,
    0x82,0x08,0x82,0x08,0xa2,0x10,0xa3,0x10,0xa3,0x10,0xa3,0x10,0xc3,0x10,0xc3,0x10,
    0xc3,0x10,0xc3,0x10,0xc3,0x10,0xe4,0x18,0xe4,0x18,0xe4,0x18,0xe4,0x18,0x04,0x19,
    0x25,0x19,0x25,0x19,0x25,0x21,0x45,0x21,0x45,0x19,0x45,0x21,0x65,0x21,0x66,0x21,
    0x86,0x21,0x86,0x21,0x86,0x21,0x86,0x29,0xa7,0x29,0x86,0x29,0xa7,0x29,0xc7,0x29,
    0xc7,0x29,0xc7,0x29,0xc7,0x29,0xe8,0x31,0x08,0x32,0x29,0x32,0x08,0x32,0x29,0x32,
    0x49,0x32,0x49,0x32,0x69,0x3a,0x6a,0x3a,0x6a,0x3a,0x8a,0x3a,0x8a,0x3a,0x8b,0x3a,
    0xab,0x3a,0xab,0x3a,0x8b,0x3a,0x8b,0x3a,0xab,0x3a,0xab,0x3a,0xcb,0x42,0xcb,0x42,
    0xcb,0x42,0xcb,0x42,0xcb,0x42,0xcb,0x42,0xec,0x42,0xcb,0x42,0xeb,0x42,0xec,0x42,
    0xec,0x42,0xec,0x42,0xcb,0x42,0xec,0x42,0xec,0x42,0xec,0x42,0xcb,0x3a,0xec,0x42,
    0xcb,0x3a,0xcb,0x3a,0xab,0x3a,0xcb,0x3a,0xab,0x3a,0xab,0x3a,0xab,0x3a,0xab,0x3a,
    0xab,0x3a,0xab,0x3a,0x8a,0x3a,0x8a,0x3a,0x8a,0x3a,0x8a,0x3a,0x6a,0x32,0x6a,0x32,
    0x6a,0x32,0x49,0x32,0x49,0x32,0x29,0x32,0x08,0x2a,0x07,0x2a,0xc7,0x29,0xc7,0x21,
    0xa6,0x21,0xa6,0x21,0x86,0x21,0x65,0x21,0x45,0x19,0x24,0x19,0x04,0x19,0x04,0x11,
    0xc3,0x10,0xa3,0x08,0xa2,0x08,0xc3,0x10,0xc3,0x10,0xc3,0x10,0xa2,0x08,0x82,0x08,
    0x82,0x08,0xa3,0x10,0xa3,0x10,0xe3,0x10,0x24,0x19,0x45,0x21,0x24,0x19,0x45,0x21,
    0x04,0x19,0x82,0x08,0x61,0x00,0x62,0x00,0x04,0x19,0x24,0x19,0xe3,0x10,0xe7,0x31,
    0x82,0x08,0xc3,0x08,0xc3,0x08,0xc3,0x10,0xa2,0x08,0xc3,0x10,0x82,0x08,0x82,0x08,
    0x62,0x08,0x82,0x08,0x62,0x08,0x82,0x08,0x62,0x08,0x41,0x00,0x82,0x08,0x61,0x08,
    0x00,0x00,0x00,0x00,0x00,0x00,0x00,0x00,0x00,0x00,0x00,0x00,0x00,0x00,0x00,0x00,
    0x00,0x00,0x61,0x08,0xc3,0x08,0x82,0x08,0x62,0x00,0x82,0x08,0x41,0x00,0x00,0x00,
    0x00,0x00,0x00,0x00,0xc3,0x10,0x04,0x19,0xe3,0x10,0xa2,0x08,0xa3,0x10,0xa2,0x08,
    0x82,0x08,0x82,0x08,0x62,0x08,0x62,0x08,0x41,0x00,0x62,0x08,0x82,0x08,0x82,0x08,
    0x82,0x08,0xa3,0x10,0xa2,0x10,0xc3,0x10,0xc3,0x10,0xc3,0x10,0xe3,0x18,0xe3,0x10,
    0xe4,0x10,0x04,0x11,0x04,0x19,0x04,0x11,0x04,0x19,0x04,0x19,0x25,0x19,0x25,0x19,
    0x25,0x19,0x25,0x19,0x45,0x21,0x45,0x21,0x66,0x21,0x66,0x21,0x66,0x21,0x86,0x21,
    0x86,0x21,0x86,0x21,0xa7,0x29,0xa7,0x29,0xc7,0x29,0xc7,0x29,0xe7,0x29,0xe8,0x29,
    0xe8,0x31,0xe8,0x31,0xe8,0x31,0x08,0x32,0x49,0x3a,0x49,0x3a,0x49,0x3a,0x6a,0x3a,
    0x6a,0x3a,0x8a,0x3a,0x8a,0x3a,0xab,0x3a,0xab,0x3a,0xab,0x3a,0xcb,0x42,0xcb,0x42,
    0xcc,0x42,0xec,0x42,0xec,0x42,0xec,0x42,0xec,0x42,0xec,0x4a,0xec,0x4a,0xec,0x42,
    0xec,0x42,0x0c,0x43,0x0c,0x43,0x0c,0x43,0x2d,0x4b,0x2d,0x4b,0x2d,0x4b,0x2d,0x4b,
    0x2c,0x43,0x2c,0x43,0x2c,0x43,0x2c,0x43,0x2c,0x43,0x2c,0x43,0x2c,0x43,0x2c,0x43,
    0x2c,0x4b,0x2c,0x4b,0x0c,0x43,0x2c,0x43,0x0c,0x43,0xeb,0x42,0xeb,0x42,0xeb,0x42,
    0xcb,0x42,0xcb,0x42,0xcb,0x3a,0xcb,0x3a,0xcb,0x3a,0xab,0x3a,0xaa,0x3a,0xaa,0x3a,
    0x8a,0x3a,0x8a,0x3a,0x8a,0x32,0x49,0x32,0x49,0x32,0x49,0x32,0x29,0x32,0x29,0x32,
    0x08,0x32,0xe7,0x29,0xa6,0x21,0xa7,0x29,0xa6,0x21,0x86,0x21,0x65,0x21,0x45,0x19,
    0x24,0x19,0x04,0x19,0xe4,0x18,0xe4,0x18,0xa3,0x10,0xa2,0x08,0xa2,0x08,0x82,0x08,
    0x82,0x08,0x82,0x08,0x82,0x08,0xa3,0x08,0xa3,0x08,0xc3,0x10,0x04,0x19,0x24,0x19,
    0x45,0x21,0x65,0x21,0x86,0x21,0x65,0x21,0xc3,0x10,0x62,0x00,0x41,0x00,0xc3,0x10,
    0x24,0x19,0xe3,0x10,0x86,0x21,0x86,0x29,0x82,0x08,0xc3,0x10,0xa2,0x08,0xa3,0x10,
    0xa3,0x10,0xa3,0x10,0x82,0x08,0x82,0x08,0xa2,0x08,0xa3,0x10,0x82,0x08,0x82,0x08,
    0x62,0x00,0x62,0x00,0x41,0x00,0x41,0x00,0x00,0x00,0x00,0x00,0x00,0x00,0x00,0x00,
    0x00,0x00,0x00,0x00,0x00,0x00,0x00,0x00,0x82,0x08,0xc3,0x10,0xa3,0x08,0xa2,0x08,
    0xa2,0x08,0x61,0x00,0x00,0x00,0x00,0x00,0x21,0x00,0xc3,0x10,0x24,0x19,0xe3,0x10,
    0xa2,0x08,0x82,0x08,0x82,0x08,0x62,0x08,0x82,0x08,0x82,0x08,0xa3,0x08,0xa3,0x08,
    0xa3,0x10,0xc3,0x10,0xc3,0x10,0xc3,0x10,0xe3,0x10,0xc3,0x10,0x04,0x19,0xe4,0x18,
    0xe4,0x18,0xe4,0x18,0x04,0x19,0x04,0x19,0x24,0x19,0x25,0x19,0x45,0x21,0x45,0x21,
    0x45,0x21,0x45,0x21,0x65,0x21,0x66,0x21,0x86,0x21,0x86,0x21,0xa6,0x29,0xa7,0x29,
    0xa7,0x29,0xa7,0x29,0xa7,0x29,0xc8,0x29,0xc8,0x29,0xc8,0x29,0xe8,0x29,0xe8,0x31,
    0x09,0x32,0x29,0x32,0x29,0x3a,0x49,0x3a,0x6a,0x3a,0x6a,0x3a,0x6a,0x3a,0x8a,0x3a,
    0xab,0x3a,0xab,0x3a,0xab,0x3a,0xcb,0x42,0xcb,0x42,0xcb,0x42,0x0c,0x4b,0x0c,0x43,
    0x0c,0x43,0x0c,0x4b,0x2c,0x4b,0x2c,0x4b,0x2d,0x4b,0x2d,0x4b,0x4d,0x4b,0x4d,0x4b,
    0x2d,0x4b,0x4d,0x4b,0x4d,0x4b,0x2d,0x4b,0x4d,0x4b,0x4d,0x4b,0x4d,0x4b,0x6d,0x4b,
    0x4d,0x4b,0x6d,0x4b,0x6d,0x4b,0x6d,0x4b,0x6d,0x4b,0x6d,0x4b,0x6d,0x4b,0x6d,0x4b,
    0x4d,0x4b,0x4d,0x4b,0x4d,0x4b,0x4d,0x4b,0x2c,0x4b,0x2c,0x43,0x2c,0x43,0x2c,0x43,
    0x2c,0x43,0x2c,0x43,0x0c,0x43,0x0c,0x43,0xec,0x42,0xeb,0x42,0xcb,0x42,0xcb,0x42,
    0xcb,0x3a,0xaa,0x3a,0xcb,0x3a,0x8a,0x3a,0x8a,0x32,0x8a,0x3a,0x8a,0x3a,0x6a,0x3a,
    0x49,0x32,0x49,0x32,0x28,0x32,0x08,0x2a,0x08,0x32,0xa6,0x21,0xa6,0x21,0xa6,0x21,
    0x86,0x21,0x66,0x21,0x45,0x19,0x25,0x19,0x04,0x19,0xc3,0x10,0xc3,0x10,0xa3,0x10,
    0xa3,0x10,0xa3,0x10,0xa3,0x10,0xa3,0x10,0x82,0x08,0x82,0x08,0x82,0x08,0xa3,0x10,
    0xc3,0x10,0x04,0x19,0x25,0x19,0x45,0x21,0x66,0x21,0x66,0x21,0x65,0x21,0x24,0x19,
    0xa3,0x08,0x82,0x08,0x41,0x00,0x25,0x21,0x45,0x19,0x04,0x11,0x08,0x32,0xe4,0x10,
    0xc3,0x08,0xe3,0x10,0xc3,0x10,0xc3,0x10,0xa3,0x10,0xa2,0x08,0x82,0x08,0x62,0x08,
    0xc3,0x10,0x82,0x08,0x62,0x08,0x82,0x08,0x82,0x08,0x82,0x08,0x41,0x00,0x21,0x00,
    0x00,0x00,0x00,0x00,0x00,0x00,0x00,0x00,0x00,0x00,0x00,0x00,0x00,0x00,0x00,0x00,
    0x04,0x19,0xe4,0x10,0xa2,0x08,0xa2,0x08,0x61,0x00,0x00,0x00,0x21,0x00,0x21,0x00,
    0x62,0x08,0xa3,0x10,0x82,0x08,0x82,0x00,0x82,0x08,0xa3,0x08,0xa3,0x10,0xc3,0x10,
    0xc4,0x10,0xc3,0x10,0xe4,0x10,0xc3,0x10,0xe4,0x18,0x04,0x19,0xe4,0x18,0x04,0x19,
    0x04,0x19,0x04,0x19,0x24,0x19,0x25,0x19,0x45,0x19,0x45,0x21,0x65,0x21,0x65,0x21,
    0x66,0x21,0x66,0x29,0x87,0x29,0x87,0x29,0x86,0x29,0x86,0x29,0x87,0x29,0xa7,0x29,
    0xc7,0x29,0xc7,0x29,0xe8,0x29,0x08,0x32,0x09,0x32,0x09,0x32,0x29,0x32,0x29,0x32,
    0x29,0x32,0x2a,0x3a,0x4a,0x3a,0x6a,0x3a,0x8a,0x3a,0x8b,0x42,0x8b,0x42,0xab,0x42,
    0xcb,0x42,0xeb,0x42,0xec,0x42,0x0c,0x43,0x0c,0x43,0x0c,0x43,0x0c,0x43,0x2c,0x43,
    0x2c,0x4b,0x2c,0x4b,0x4d,0x4b,0x4d,0x4b,0x2d,0x4b,0x4d,0x53,0x6d,0x53,0x6e,0x53,
    0x6d,0x53,0x6d,0x53,0x6d,0x53,0x6d,0x53,0x6e,0x53,0x8e,0x53,0x8e,0x53,0x8e,0x53,
    0x8e,0x53,0x8e,0x53,0x8e,0x53,0x8e,0x53,0x8e,0x53,0x8e,0x53,0x8e,0x53,0x8e,0x53,
    0xae,0x53,0xae,0x53,0x8e,0x53,0x6d,0x4b,0x6d,0x4b,0x6d,0x4b,0x6d,0x4b,0x6d,0x4b,
    0x4d,0x4b,0x4c,0x4b,0x4d,0x4b,0x2c,0x4b,0x2c,0x43,0x0c,0x43,0x0c,0x43,0x0b,0x43,
    0xeb,0x42,0xeb,0x42,0xcb,0x3a,0xcb,0x3a,0xab,0x3a,0xab,0x3a,0xaa,0x3a,0xaa,0x3a,
    0x8a,0x3a,0x6a,0x3a,0x6a,0x3a,0x49,0x32,0x08,0x2a,0xe8,0x29,0xc7,0x29,0xc7,0x21,
    0xa6,0x21,0x86,0x21,0x86,0x21,0x45,0x19,0x25,0x19,0x25,0x19,0x04,0x11,0xe3,0x10,
    0xc3,0x10,0xa3,0x10,0xa3,0x10,0xa3,0x10,0x82,0x08,0xa3,0x10,0xa2,0x08,0xa3,0x10,
    0xa3,0x08,0xa3,0x10,0x82,0x08,0xc3,0x10,0xe4,0x10,0x04,0x19,0x24,0x19,0x65,0x21,
    0x65,0x21,0xa6,0x29,0x66,0x21,0x04,0x19,0x62,0x00,0x61,0x00,0xa3,0x10,0x45,0x21,
    0x04,0x11,0x86,0x21,0xc7,0x29,0xa2,0x08,0xe3,0x10,0xc3,0x10,0xa3,0x10,0xc3,0x10,
    0xa2,0x08,0xa2,0x08,0xa3,0x10,0x82,0x08,0xa2,0x08,0x82,0x08,0x82,0x08,0x62,0x08,
    0x62,0x00,0x61,0x00,0x62,0x08,0x41,0x08,0x00,0x00,0x00,0x00,0x00,0x00,0x00,0x00,
    0x00,0x00,0x00,0x00,0x00,0x00,0x00,0x00,0xe3,0x10,0xc3,0x10,0x82,0x08,0x62,0x00,
    0x41,0x00,0x41,0x00,0x82,0x08,0x82,0x10,0x82,0x08,0x82,0x08,0xc3,0x10,0xe4,0x10,
    0xe4,0x10,0xe4,0x10,0xe4,0x18,0x04,0x19,0xe4,0x18,0x04,0x19,0x04,0x19,0x04,0x19,
    0x04,0x19,0x25,0x19,0x25,0x19,0x25,0x19,0x45,0x19,0x66,0x21,0x66,0x21,0x66,0x21,
    0x86,0x21,0x86,0x21,0x86,0x29,0xa7,0x29,0xa7,0x29,0xa7,0x29,0xc8,0x29,0xe8,0x31,
    0xe8,0x31,0xe8,0x31,0x08,0x32,0x09,0x32,0x49,0x32,0x49,0x32,0x4a,0x3a,0x6a,0x3a,
    0x6a,0x3a,0x6a,0x3a,0x8a,0x3a,0xab,0x42,0xab,0x42,0xab,0x42,0xcc,0x42,0xcc,0x42,
    0xec,0x4a,0xec,0x4a,0x0c,0x4b,0x0d,0x4b,0x2d,0x4b,0x2d,0x4b,0x4d,0x4b,0x6d,0x4b,
    0x6d,0x4b,0x6d,0x4b,0x6e,0x4b,0x6e,0x53,0x8d,0x53,0x8d,0x53,0x8d,0x53,0x8d,0x53,
    0x6d,0x53,0x8d,0x53,0x8e,0x5b,0x8e,0x5b,0xad,0x5b,0x8d,0x53,0x8d,0x53,0x8e,0x53,
    0xae,0x53,0xae,0x53,0xae,0x53,0xae,0x5b,0xaf,0x5b,0xaf,0x5b,0xae,0x53,0xae,0x53,
    0x8e,0x53,0xae,0x53,0xae,0x53,0xae,0x53,0xae,0x53,0xae,0x53,0x8e,0x53,0x8e,0x53,
    0x8d,0x53,0x6d,0x4b,0x6d,0x4b,0x6d,0x4b,0x4d,0x4b,0x2c,0x4b,0x2c,0x4b,0x2c,0x4b,
    0x0c,0x43,0xec,0x42,0xeb,0x42,0xeb,0x3a,0xeb,0x3a,0xcb,0x3a,0xcb,0x3a,0xab,0x3a,
    0x8a,0x32,0x8a,0x3a,0x8a,0x32,0x6a,0x32,0x69,0x3a,0x49,0x32,0x28,0x32,0x08,0x32,
    0xe7,0x29,0xe7,0x29,0xa6,0x21,0x86,0x21,0x65,0x21,0x45,0x19,0x65,0x21,0x45,0x19,
    0x04,0x19,0xc3,0x10,0xc3,0x10,0xa3,0x08,0xa3,0x10,0xa3,0x10,0x82,0x08,0x82,0x08,
    0xa2,0x08,0xa3,0x10,0x82,0x08,0x82,0x08,0x82,0x08,0xa2,0x08,0xa3,0x10,0xe3,0x10,
    0x04,0x19,0xc3,0x10,0xc3,0x10,0x86,0x29,0xa7,0x29,0xa6,0x29,0x66,0x21,0xa3,0x08,
    0x61,0x00,0x41,0x00,0x45,0x21,0x45,0x21,0x24,0x19,0xe7,0x31,0x24,0x19,0xa2,0x08,
    0xc3,0x10,0xe3,0x10,0xa3,0x08,0xc3,0x10,0x82,0x08,0xa3,0x10,0x82,0x08,0x62,0x08,
    0x82,0x08,0x82,0x08,0x82,0x08,0x82,0x08,0x82,0x08,0x82,0x08,0x62,0x08,0x21,0x00,
    0x00,0x00,0x00,0x00,0x00,0x00,0x00,0x00,0x00,0x00,0x00,0x00,0x00,0x00,0x00,0x00,
    0x62,0x00,0xa3,0x08,0xa2,0x08,0x82,0x08,0xa3,0x08,0xa3,0x08,0xc3,0x10,0xc3,0x10,
    0xc3,0x10,0xe4,0x10,0x04,0x19,0x04,0x19,0x04,0x19,0x04,0x19,0x24,0x19,0x25,0x19,
    0x25,0x19,0x45,0x21,0x45,0x21,0x45,0x19,0x66,0x21,0x86,0x21,0x86,0x29,0x66,0x21,
    0x86,0x21,0xa7,0x21,0xa7,0x29,0xc7,0x29,0xc8,0x29,0xc8,0x29,0xe8,0x29,0xe8,0x31,
    0x09,0x32,0x29,0x32,0x29,0x32,0x49,0x32,0x49,0x32,0x4a,0x3a,0x6a,0x3a,0x6a,0x3a,
    0x8b,0x3a,0xab,0x3a,0xab,0x3a,0xcb,0x42,0xcb,0x42,0xcc,0x42,0x0c,0x4b,0x0d,0x4b,
    0x2d,0x4b,0x2d,0x4b,0x2d,0x4b,0x4d,0x53,0x4d,0x53,0x4d,0x53,0x6d,0x53,0x6d,0x53,
    0x6e,0x53,0x6e,0x53,0x8e,0x53,0x8e,0x5b,0x8e,0x5b,0x8e,0x5b,0x8e,0x5b,0x8e,0x5b,
    0xae,0x5b,0xae,0x5b,0xae,0x5b,0xae,0x5b,0xae,0x63,0xae,0x63,0xae,0x63,0xce,0x63,
    0xce,0x63,0xae,0x63,0xae,0x63,0xce,0x63,0xce,0x63,0xce,0x63,0xae,0x5b,0xae,0x5b,
    0xcf,0x5b,0xcf,0x5b,0xcf,0x5b,0xae,0x5b,0xae,0x5b,0xce,0x5b,0xae,0x53,0xae,0x53,
    0xae,0x53,0x8e,0x53,0x8e,0x53,0x8e,0x53,0x6d,0x53,0x6d,0x4b,0x4d,0x4b,0x4d,0x4b,
    0x2c,0x4b,0x0c,0x4b,0x0c,0x43,0x0c,0x43,0xec,0x42,0xeb,0x42,0xeb,0x42,0xcb,0x3a,
    0xcb,0x3a,0xaa,0x3a,0x8a,0x3a,0x8a,0x3a,0x8a,0x32,0x6a,0x32,0x6a,0x32,0x49,0x32,
    0x28,0x32,0x08,0x32,0xe7,0x29,0xc7,0x29,0xa6,0x29,0xa7,0x29,0x65,0x21,0x65,0x21,
    0x65,0x21,0x24,0x19,0x04,0x11,0xe3,0x10,0xc3,0x10,0xc3,0x10,0xa2,0x08,0x82,0x08,
    0xa2,0x08,0x82,0x08,0x82,0x08,0x82,0x08,0xa2,0x08,0xa2,0x08,0x82,0x08,0xa2,0x08,
    0x82,0x08,0x82,0x08,0xa3,0x10,0xc3,0x10,0xc3,0x10,0xa2,0x08,0x82,0x08,0x24,0x19,
    0xc7,0x29,0xc7,0x31,0x24,0x19,0x82,0x08,0x41,0x00,0x82,0x08,0x66,0x21,0x45,0x21,
    0x86,0x21,0x08,0x32,0xc3,0x08,0xe3,0x10,0x04,0x11,0xc3,0x10,0xa3,0x08,0x82,0x08,
    0x82,0x08,0xc3,0x10,0x82,0x08,0x62,0x08,0x62,0x08,0x62,0x08,0x82,0x08,0x62,0x08,
    0x82,0x08,0x62,0x00,0x61,0x08,0x41,0x00,0x00,0x00,0x00,0x00,0x00,0x00,0x00,0x00,
    0x00,0x00,0x00,0x00,0x00,0x00,0x00,0x00,0xa3,0x08,0xe3,0x10,0xc3,0x10,0xc3,0x10,
    0xe4,0x10,0xe4,0x10,0x04,0x19,0x04,0x19,0x04,0x19,0x04,0x19,0x45,0x21,0x45,0x21,
    0x45,0x21,0x45,0x21,0x65,0x21,0x66,0x21,0x66,0x21,0x86,0x21,0xa6,0x21,0xa7,0x29,
    0xa7,0x29,0xa7,0x29,0xa7,0x29,0xc7,0x29,0xe8,0x29,0xe8,0x29,0x08,0x32,0x29,0x32,
    0x29,0x32,0x29,0x32,0x29,0x32,0x49,0x32,0x6a,0x3a,0x8a,0x3a,0x8a,0x3a,0xab,0x3a,
    0xab,0x42,0xcb,0x42,0xcb,0x42,0xec,0x42,0xec,0x42,0x0c,0x4b,0x0c,0x4b,0x2d,0x4b,
    0x2d,0x4b,0x2d,0x53,0x4d,0x53,0x4d,0x53,0x6d,0x53,0x6d,0x53,0x6d,0x53,0x6d,0x53,
    0x8e,0x5b,0x8e,0x5b,0x8e,0x5b,0x8e,0x5b,0x8e,0x5b,0xae,0x63,0xae,0x63,0xce,0x63,
    0xcf,0x6b,0xcf,0x6b,0xcf,0x6b,0xcf,0x6b,0xee,0x6b,0xef,0x6b,0xef,0x6b,0xef,0x6b,
    0xef,0x6b,0xef,0x6b,0xef,0x6b,0xef,0x6b,0x0f,0x6c,0xef,0x6b,0xef,0x6b,0xef,0x6b,
    0x0f,0x6c,0xef,0x6b,0xcf,0x63,0xaf,0x63,0xae,0x5b,0xce,0x5b,0xae,0x5b,0xae,0x5b,
    0xae,0x53,0xae,0x53,0xae,0x53,0xae,0x53,0x8e,0x53,0x8e,0x53,0x6d,0x4b,0x4d,0x4b,
    0x6d,0x4b,0x4d,0x4b,0x2c,0x43,0x2c,0x43,0x0c,0x4b,0x0c,0x43,0xeb,0x42,0xcb,0x42,
    0xcb,0x42,0xab,0x3a,0xaa,0x3a,0x8a,0x3a,0x6a,0x3a,0x6a,0x3a,0x69,0x32,0x49,0x32,
    0x29,0x32,0x08,0x2a,0x08,0x2a,0xe8,0x29,0xc7,0x29,0xc7,0x29,0xa7,0x29,0x66,0x21,
    0x65,0x21,0x45,0x21,0x25,0x19,0x24,0x19,0x04,0x11,0xe3,0x10,0xc3,0x10,0xa3,0x08,
    0xa2,0x08,0xa2,0x08,0x82,0x08,0x82,0x08,0x82,0x08,0x82,0x08,0x82,0x08,0x82,0x08,
    0x61,0x08,0x82,0x08,0x82,0x08,0x82,0x08,0x82,0x08,0x82,0x08,0xa3,0x10,0xa3,0x10,
    0xa2,0x08,0x82,0x08,0x62,0x08,0x04,0x19,0xe7,0x31,0x86,0x29,0xc3,0x10,0xa3,0x10,
    0x21,0x00,0x25,0x19,0x66,0x21,0x24,0x19,0x28,0x3a,0xc7,0x29,0xa2,0x08,0x04,0x11,
    0xe3,0x10,0xc3,0x10,0x82,0x08,0x82,0x08,0xa3,0x10,0xa3,0x10,0xa3,0x10,0x61,0x08,
    0x61,0x00,0x62,0x08,0x62,0x08,0x62,0x08,0x62,0x08,0x82,0x08,0x61,0x08,0x21,0x00,
    0x00,0x00,0x00,0x00,0x00,0x00,0x00,0x00,0x00,0x00,0x00,0x00,0x00,0x00,0x00,0x00,
    0xc3,0x10,0xe4,0x18,0xc4,0x18,0xe4,0x18,0x04,0x19,0x24,0x19,0x25,0x19,0x45,0x19,
    0x66,0x21,0x66,0x21,0x66,0x21,0x66,0x21,0x86,0x21,0xa7,0x29,0xc7,0x29,0xc7,0x29,
    0xc7,0x21,0xc7,0x21,0xc7,0x29,0xe8,0x29,0xe8,0x29,0xe8,0x29,0x09,0x32,0x29,0x32,
    0x49,0x32,0x4a,0x3a,0x6a,0x3a,0x8a,0x3a,0x8a,0x3a,0x8b,0x3a,0xab,0x42,0xab,0x42,
    0xcb,0x42,0xeb,0x42,0xec,0x42,0x0c,0x4b,0x2d,0x4b,0x2d,0x4b,0x2d,0x4b,0x4d,0x53,
    0x4d,0x53,0x6d,0x53,0x4d,0x53,0x6d,0x53,0x6d,0x5b,0x6d,0x5b,0x8e,0x5b,0x8e,0x5b,
    0xae,0x63,0xae,0x63,0xae,0x63,0xae,0x63,0xce,0x6b,0xef,0x6b,0xef,0x6b,0xef,0x73,
    0xee,0x6b,0xee,0x73,0x0f,0x74,0x0f,0x74,0x0f,0x74,0x0f,0x74,0xef,0x73,0xee,0x73,
    0xef,0x73,0xef,0x73,0x0f,0x74,0x0f,0x74,0xee,0x73,0xee,0x73,0xee,0x73,0xee,0x73,
    0x0f,0x74,0x0f,0x6c,0xef,0x6b,0xef,0x6b,0xef,0x6b,0xcf,0x63,0xaf,0x63,0xae,0x63,
    0xae,0x5b,0xae,0x5b,0xae,0x5b,0xae,0x5b,0x8e,0x53,0x8e,0x53,0x8d,0x53,0x8d,0x53,
    0x6d,0x53,0x4d,0x4b,0x4d,0x4b,0x2d,0x4b,0x2c,0x4b,0x2c,0x4b,0x0c,0x43,0xec,0x42,
    0xcb,0x42,0xcb,0x42,0xab,0x3a,0x8a,0x3a,0x8a,0x3a,0x8a,0x3a,0x8a,0x3a,0x69,0x32,
    0x29,0x32,0x29,0x32,0x08,0x2a,0xe8,0x29,0xc7,0x29,0xc7,0x29,0xa7,0x21,0x86,0x21,
    0xa7,0x29,0x86,0x21,0x45,0x21,0x45,0x19,0x24,0x19,0x04,0x19,0x04,0x19,0xe3,0x10,
    0xc3,0x10,0xa3,0x08,0xa3,0x08,0xa3,0x08,0x82,0x08,0x82,0x08,0x82,0x08,0x62,0x08,
    0x82,0x08,0x82,0x08,0x82,0x08,0x61,0x08,0x82,0x08,0x82,0x08,0x82,0x08,0x82,0x08,
    0x62,0x08,0x62,0x08,0x62,0x08,0x62,0x08,0x82,0x08,0x62,0x08,0x82,0x08,0x04,0x19,
    0xc7,0x31,0x86,0x29,0x62,0x08,0xc3,0x10,0x82,0x08,0x66,0x21,0x66,0x21,0x86,0x21,
    0x69,0x42,0x24,0x19,0xe3,0x10,0x04,0x11,0x04,0x11,0xc3,0x10,0xa3,0x08,0x62,0x08,
    0x41,0x00,0x62,0x08,0xa2,0x08,0xe4,0x18,0x82,0x08,0x62,0x08,0x82,0x08,0x82,0x08,
    0x82,0x08,0x82,0x08,0x62,0x08,0x21,0x00,0x00,0x00,0x00,0x00,0x00,0x00,0x00,0x00,
    0x00,0x00,0x00,0x00,0x00,0x00,0x00,0x00,0xe4,0x18,0x25,0x21,0x25,0x21,0x04,0x19,
    0x45,0x21,0x66,0x21,0x66,0x21,0x86,0x21,0x86,0x21,0x87,0x29,0xa7,0x29,0xa7,0x29,
    0xe7,0x29,0xe8,0x31,0x08,0x32,0x08,0x2a,0x28,0x32,0x28,0x32,0x49,0x32,0x6a,0x3a,
    0x6a,0x3a,0x6a,0x3a,0x8a,0x3a,0x8b,0x42,0xab,0x42,0xab,0x42,0xcb,0x42,0xec,0x42,
    0xec,0x4a,0x0c,0x4b,0x0c,0x4b,0x0c,0x4b,0x2d,0x53,0x2d,0x53,0x4d,0x53,0x4d,0x53,
    0x4d,0x53,0x6d,0x5b,0x6d,0x5b,0x8e,0x5b,0x8e,0x5b,0xae,0x5b,0xae,0x63,0xcf,0x63,
    0xef,0x6b,0xef,0x6b,0xef,0x6b,0x0f,0x6c,0x0f,0x74,0xef,0x73,0x0f,0x74,0x0f,0x74,
    0x0f,0x74,0x0f,0x74,0xef,0x73,0xef,0x73,0x0e,0x74,0x0e,0x74,0xee,0x73,0xee,0x73,
    0x0e,0x74,0xee,0x73,0xee,0x73,0xee,0x73,0xee,0x7b,0xee,0x7b,0xee,0x73,0xee,0x73,
    0xee,0x73,0xee,0x73,0xee,0x73,0xee,0x73,0x0f,0x74,0xef,0x6b,0xef,0x6b,0xef,0x6b,
    0xce,0x63,0xae,0x63,0xae,0x5b,0x8e,0x5b,0x8e,0x5b,0x8e,0x5b,0x8e,0x5b,0x8d,0x53,
    0x6d,0x53,0x6d,0x4b,0x4d,0x4b,0x4d,0x4b,0x2c,0x4b,0x2c,0x4b,0x0c,0x43,0x0c,0x43,
    0xcb,0x3a,0xcb,0x42,0xab,0x3a,0xcb,0x3a,0xaa,0x3a,0x8a,0x3a,0x6a,0x3a,0x49,0x32,
    0x49,0x32,0x49,0x32,0x29,0x2a,0x08,0x2a,0xe8,0x29,0xe8,0x29,0xa7,0x21,0x87,0x21,
    0x86,0x21,0x87,0x21,0x86,0x21,0x45,0x19,0x45,0x21,0x45,0x19,0x24,0x19,0x04,0x19,
    0x04,0x11,0xe3,0x10,0xc3,0x10,0xc3,0x10,0xa3,0x08,0xa2,0x08,0x82,0x08,0x82,0x08,
    0x82,0x08,0x82,0x08,0x62,0x08,0x82,0x08,0x82,0x08,0x82,0x08,0x82,0x08,0x61,0x00,
    0x61,0x08,0x61,0x08,0x61,0x00,0x61,0x00,0x61,0x08,0x41,0x00,0x41,0x08,0x41,0x00,
    0x41,0x00,0x41,0x00,0x82,0x08,0xc3,0x10,0xc7,0x31,0x04,0x19,0x82,0x08,0xe4,0x18,
    0xc3,0x10,0xa6,0x29,0x65,0x21,0x28,0x3a,0x49,0x3a,0x61,0x00,0x04,0x11,0xe3,0x10,
    0xc3,0x08,0xa2,0x08,0x21,0x00,0x41,0x00,0x41,0x00,0x62,0x08,0x21,0x00,0x62,0x08,
    0xa7,0x31,0xc3,0x10,0x41,0x00,0x82,0x08,0x61,0x00,0x61,0x00,0x62,0x08,0x20,0x00,
    0x00,0x00,0x00,0x00,0x00,0x00,0x00,0x00,0x00,0x00,0x00,0x00,0x00,0x00,0x00,0x00,
    0x45,0x21,0x65,0x21,0x65,0x21,0x45,0x21,0x86,0x29,0xa7,0x29,0xc7,0x29,0xc8,0x29,
    0xe8,0x31,0x08,0x32,0x09,0x32,0x09,0x32,0x29,0x32,0x49,0x3a,0x49,0x3a,0x69,0x3a,
    0x6a,0x3a,0x8a,0x3a,0xab,0x42,0xcb,0x42,0xab,0x42,0xcb,0x42,0xec,0x42,0xec,0x4a,
    0x2c,0x4b,0x2d,0x4b,0x4d,0x53,0x4d,0x53,0x4d,0x53,0x4d,0x53,0x6d,0x53,0x6d,0x5b,
    0x6d,0x5b,0x8e,0x5b,0x8e,0x63,0xae,0x63,0xce,0x63,0xcf,0x6b,0xef,0x6b,0xef,0x6b,
    0xef,0x6b,0xef,0x73,0xef,0x73,0x0f,0x74,0x0f,0x74,0x0f,0x74,0x0e,0x74,0x0e,0x74,
    0xee,0x73,0xee,0x73,0xee,0x73,0xee,0x73,0xee,0x73,0xee,0x73,0xee,0x73,0xee,0x73,
    0xee,0x73,0xee,0x73,0xee,0x73,0xee,0x73,0xee,0x73,0xee,0x73,0xee,0x73,0xee,0x73,
    0xee,0x73,0xef,0x73,0xef,0x73,0xef,0x73,0x0f,0x74,0xef,0x73,0xef,0x73,0xef,0x6b,
    0xcf,0x63,0xcf,0x63,0xae,0x63,0xae,0x63,0xae,0x5b,0x8e,0x5b,0x8d,0x53,0x6d,0x53,
    0x6e,0x53,0x6d,0x53,0x4d,0x53,0x4d,0x4b,0x2d,0x4b,0x0c,0x43,0x0c,0x43,0xec,0x42,
    0xeb,0x42,0xcb,0x42,0xcb,0x42,0xaa,0x3a,0xaa,0x3a,0x8a,0x3a,0x8a,0x3a,0x69,0x32,
    0x49,0x32,0x29,0x32,0x08,0x2a,0x08,0x2a,0x28,0x32,0x08,0x2a,0xe7,0x29,0xc7,0x29,
    0xa7,0x21,0x86,0x21,0x86,0x21,0x66,0x21,0x65,0x19,0x65,0x19,0x45,0x19,0x25,0x19,
    0x04,0x19,0x04,0x19,0xe4,0x10,0xc3,0x10,0xc3,0x10,0xa3,0x10,0xa3,0x10,0xa3,0x10,
    0xa2,0x08,0x82,0x08,0x82,0x08,0x82,0x08,0x82,0x08,0x82,0x08,0x82,0x08,0x82,0x08,
    0x62,0x08,0x62,0x08,0x62,0x08,0x62,0x08,0x62,0x08,0x62,0x08,0x61,0x08,0x62,0x08,
    0x62,0x08,0x41,0x08,0x21,0x08,0x21,0x08,0x41,0x00,0x41,0x00,0xa3,0x10,0x62,0x08,
    0x45,0x21,0xc3,0x10,0x41,0x00,0x82,0x08,0xa7,0x29,0x86,0x21,0x25,0x19,0x49,0x3a,
    0xa6,0x29,0x04,0x11,0x04,0x19,0xe4,0x18,0x82,0x08,0x20,0x00,0x41,0x00,0x61,0x08,
    0x62,0x08,0x41,0x08,0x00,0x00,0x00,0x00,0x62,0x08,0x08,0x3a,0x62,0x08,0x62,0x00,
    0x61,0x00,0x61,0x08,0x62,0x08,0x20,0x00,0x00,0x00,0x00,0x00,0x00,0x00,0x00,0x00,
    0x00,0x00,0x00,0x00,0x00,0x00,0x00,0x00,0x86,0x29,0xa6,0x29,0xc7,0x29,0xc7,0x29,
    0xc8,0x29,0xe8,0x31,0xe8,0x31,0x09,0x32,0x2a,0x3a,0x6a,0x3a,0x6a,0x3a,0x6a,0x3a,
    0x8a,0x3a,0xaa,0x42,0xab,0x42,0xcb,0x42,0xcb,0x42,0xec,0x42,0xec,0x4a,0x0c,0x4b,
    0x2d,0x53,0x2d,0x53,0x4d,0x53,0x4d,0x53,0x6d,0x53,0x6d,0x5b,0x6d,0x5b,0x6d,0x5b,
    0x8e,0x5b,0xae,0x63,0xae,0x63,0xce,0x63,0xef,0x6b,0xef,0x6b,0x0f,0x74,0x0f,0x74,
    0x0f,0x74,0x0f,0x74,0x0f,0x74,0x0f,0x74,0x0f,0x74,0xef,0x73,0xee,0x73,0xee,0x73,
    0xee,0x73,0xee,0x73,0xee,0x73,0xee,0x73,0xee,0x73,0xee,0x73,0xee,0x73,0xee,0x73,
    0xee,0x73,0xee,0x73,0xee,0x73,0xee,0x73,0xee,0x73,0xef,0x73,0xef,0x73,0xef,0x73,
    0xef,0x73,0xef,0x73,0xef,0x73,0x0f,0x74,0x0f,0x74,0xef,0x73,0xef,0x73,0xef,0x6b,
    0xef,0x6b,0xce,0x63,0xae,0x63,0x8d,0x5b,0x8e,0x5b,0x8e,0x5b,0x6d,0x5b,0x6d,0x53,
    0x6d,0x53,0x6d,0x53,0x4d,0x53,0x4d,0x4b,0x2d,0x4b,0x0c,0x4b,0x0c,0x4b,0x0c,0x4b,
    0xec,0x42,0xec,0x42,0xcb,0x42,0xcb,0x3a,0xab,0x42,0xaa,0x42,0x8a,0x3a,0x6a,0x3a,
    0x8a,0x3a,0x49,0x32,0x08,0x2a,0x08,0x2a,0x08,0x32,0xe8,0x29,0xc7,0x29,0xc7,0x29,
    0xc7,0x29,0xc7,0x29,0x86,0x21,0x86,0x21,0x65,0x21,0x65,0x19,0x65,0x19,0x45,0x19,
    0x45,0x19,0x25,0x19,0x25,0x19,0x24,0x19,0x04,0x19,0xe4,0x18,0xe4,0x10,0xc3,0x10,
    0xc3,0x10,0xa3,0x10,0xa3,0x10,0xa3,0x10,0x82,0x08,0x82,0x08,0x82,0x08,0x82,0x08,
    0x62,0x08,0x82,0x08,0x82,0x08,0x82,0x08,0x82,0x08,0x82,0x08,0xa2,0x08,0x82,0x08,
    0xa3,0x10,0xa3,0x10,0x82,0x08,0x62,0x08,0x61,0x00,0x41,0x00,0x41,0x08,0x41,0x08,
    0x41,0x08,0x62,0x00,0xa2,0x08,0x82,0x08,0x82,0x08,0x61,0x08,0x00,0x00,0xe4,0x18,
    0x45,0x21,0x25,0x19,0x24,0x19,0x69,0x3a,0xc3,0x08,0x04,0x11,0x25,0x19,0xa3,0x10,
    0x20,0x00,0x00,0x00,0x20,0x00,0x41,0x00,0x41,0x08,0xa2,0x10,0xc3,0x10,0xc3,0x10,
    0x61,0x08,0x86,0x29,0xc7,0x31,0x82,0x00,0x82,0x08,0x82,0x08,0x61,0x08,0x00,0x00,
    0x00,0x00,0x00,0x00,0x00,0x00,0x00,0x00,0x00,0x00,0x00,0x00,0x00,0x00,0x00,0x00,
    0xe8,0x31,0xe8,0x31,0x08,0x32,0x29,0x3a,0x4a,0x3a,0x6a,0x3a,0x6a,0x3a,0x8b,0x42,
    0xab,0x42,0xab,0x42,0xcb,0x42,0xcb,0x42,0xec,0x4a,0x0c,0x4b,0x0c,0x4b,0x2c,0x53,
    0x2d,0x53,0x4d,0x53,0x4d,0x53,0x4d,0x53,0x6d,0x5b,0x6d,0x5b,0x8d,0x5b,0x8d,0x63,
    0xae,0x63,0xce,0x63,0xef,0x6b,0xef,0x6b,0xef,0x6b,0xef,0x73,0x0f,0x74,0x0f,0x74,
    0xef,0x73,0xef,0x73,0x0f,0x74,0xef,0x73,0xef,0x73,0xef,0x73,0xee,0x73,0xee,0x73,
    0xee,0x73,0xee,0x73,0xee,0x73,0x0e,0x74,0xee,0x73,0xee,0x73,0xee,0x73,0xee,0x73,
    0xee,0x73,0xee,0x73,0xee,0x73,0xee,0x73,0xee,0x73,0xee,0x73,0xee,0x73,0xee,0x73,
    0xef,0x73,0xef,0x73,0xef,0x73,0xef,0x73,0x0f,0x74,0x0f,0x74,0xef,0x73,0xef,0x6b,
    0xce,0x63,0xce,0x63,0xae,0x63,0x8d,0x5b,0xad,0x5b,0x8d,0x5b,0x8d,0x53,0x6d,0x53,
    0x6d,0x53,0x4d,0x53,0x4d,0x53,0x2c,0x4b,0x2c,0x4b,0x2c,0x4b,0x2c,0x43,0x0c,0x43,
    0xec,0x42,0xcb,0x42,0xcb,0x42,0xcb,0x42,0xaa,0x3a,0xab,0x3a,0x8a,0x3a,0x69,0x32,
    0x29,0x32,0x49,0x3a,0x29,0x32,0x08,0x2a,0x08,0x2a,0xe8,0x29,0xc7,0x29,0xc7,0x29,
    0xa7,0x29,0xa7,0x29,0x86,0x21,0x66,0x21,0x86,0x21,0x66,0x21,0x65,0x21,0x65,0x21,
    0x45,0x19,0x45,0x19,0x25,0x19,0x25,0x19,0x24,0x19,0x24,0x19,0x04,0x11,0xe4,0x10,
    0xe3,0x10,0xc3,0x10,0xc3,0x10,0xc3,0x10,0xa3,0x08,0xa2,0x08,0x82,0x08,0x82,0x08,
    0x82,0x08,0x82,0x08,0x82,0x08,0x82,0x08,0x82,0x08,0x82,0x08,0xa2,0x08,0x82,0x08,
    0x82,0x08,0xa2,0x08,0xc3,0x10,0xc3,0x10,0xa3,0x10,0xa2,0x08,0x62,0x08,0x41,0x00,
    0x41,0x00,0x41,0x00,0x21,0x00,0x41,0x00,0x41,0x00,0xa2,0x08,0xe4,0x10,0xa3,0x10,
    0x20,0x00,0x20,0x00,0x21,0x00,0x61,0x08,0xc3,0x10,0x62,0x08,0xa6,0x29,0x29,0x3a,
    0x82,0x00,0x04,0x11,0x04,0x19,0x61,0x08,0x00,0x00,0x00,0x00,0x21,0x00,0x41,0x00,
    0x61,0x08,0x61,0x08,0x41,0x00,0xa7,0x29,0x65,0x21,0xe3,0x10,0xeb,0x52,0xa2,0x08,
    0x61,0x08,0x61,0x00,0x41,0x00,0x00,0x00,0x00,0x00,0x00,0x00,0x00,0x00,0x00,0x00,
    0x00,0x00,0x00,0x00,0x00,0x00,0x00,0x00,0x49,0x3a,0x6a,0x3a,0x8a,0x3a,0x6a,0x3a,
    0x8b,0x42,0xcb,0x42,0xcb,0x42,0xec,0x4a,0x0c,0x4b,0x0d,0x4b,0x2d,0x4b,0x2d,0x53,
    0x2d,0x53,0x4d,0x53,0x4d,0x53,0x6d,0x5b,0x8e,0x5b,0x8e,0x5b,0xae,0x63,0xce,0x63,
    0xce,0x6b,0xee,0x6b,0xee,0x6b,0x0f,0x74,0x0f,0x74,0x0f,0x74,0x0f,0x74,0x0f,0x74,
    0xef,0x73,0xef,0x73,0xee,0x73,0xef,0x73,0xee,0x73,0xee,0x73,0xee,0x73,0xee,0x73,
    0xee,0x73,0xee,0x73,0xee,0x73,0xee,0x73,0x0e,0x74,0x0e,0x74,0xee,0x73,0xee,0x73,
    0xee,0x73,0xee,0x73,0xee,0x73,0xee,0x73,0xee,0x73,0xee,0x73,0xee,0x73,0xef,0x73,
    0xee,0x73,0xee,0x73,0x0f,0x74,0x0f,0x74,0x0f,0x74,0xef,0x73,0xef,0x6b,0xef,0x6b,
    0xce,0x6b,0xae,0x63,0x8d,0x5b,0x8d,0x5b,0x8d,0x5b,0x8d,0x53,0x6d,0x53,0x6d,0x53,
    0x4c,0x4b,0x4c,0x4b,0x4c,0x4b,0x2c,0x4b,0x2c,0x4b,0x0c,0x4b,0xec,0x4a,0xec,0x42,
    0xeb,0x42,0xeb,0x42,0xeb,0x42,0xcb,0x42,0xaa,0x3a,0x8a,0x3a,0x8a,0x3a,0x6a,0x3a,
    0x49,0x32,0x6a,0x32,0x29,0x32,0x08,0x2a,0x29,0x32,0x08,0x32,0xa7,0x29,0xa7,0x21,
    0xc7,0x29,0xa7,0x21,0x87,0x21,0xa7,0x21,0x66,0x21,0x45,0x21,0x45,0x21,0x66,0x21,
    0x86,0x21,0x86,0x21,0x45,0x21,0x45,0x19,0x24,0x19,0x24,0x19,0x25,0x19,0x04,0x19,
    0x04,0x11,0x04,0x11,0xe3,0x10,0xc3,0x10,0xc3,0x10,0x82,0x08,0x82,0x08,0x82,0x08,
    0x82,0x08,0x82,0x08,0x82,0x08,0x82,0x08,0x82,0x08,0x82,0x08,0x82,0x08,0x82,0x08,
    0xc3,0x10,0xa3,0x08,0x82,0x08,0xa2,0x08,0xa3,0x10,0x82,0x08,0xa3,0x10,0xc3,0x10,
    0x82,0x08,0x61,0x08,0x41,0x00,0x21,0x00,0x21,0x00,0x41,0x00,0x41,0x00,0x21,0x00,
    0x20,0x00,0x24,0x19,0xa7,0x29,0xa3,0x10,0x00,0x00,0x00,0x00,0x21,0x00,0x21,0x00,
    0x62,0x08,0x41,0x00,0x6a,0x42,0x66,0x21,0x04,0x11,0x25,0x19,0xc3,0x10,0x41,0x00,
    0x00,0x00,0x82,0x08,0xe7,0x31,0xc7,0x31,0xc7,0x31,0xc7,0x31,0x25,0x21,0x41,0x00,
    0xc3,0x10,0x82,0x08,0xeb,0x52,0xc3,0x10,0x61,0x08,0x61,0x08,0x41,0x00,0x00,0x00,
    0x00,0x00,0x00,0x00,0x00,0x00,0x00,0x00,0x00,0x00,0x00,0x00,0x00,0x00,0x00,0x00,
    0x8a,0x3a,0xcb,0x42,0xcb,0x42,0xcb,0x42,0x0c,0x4b,0x2d,0x53,0x2d,0x53,0x2d,0x53,
    0x4d,0x53,0x4d,0x53,0x6d,0x5b,0x6d,0x5b,0x8e,0x5b,0xae,0x63,0xce,0x63,0xcf,0x6b,
    0xef,0x6b,0xef,0x6b,0x0f,0x74,0x0f,0x74,0x0f,0x74,0x0f,0x74,0x0e,0x74,0xee,0x73,
    0xef,0x73,0xef,0x73,0xef,0x73,0xee,0x73,0xee,0x73,0xee,0x73,0xee,0x73,0xee,0x73,
    0xee,0x73,0xee,0x73,0xee,0x73,0xee,0x73,0xee,0x73,0xee,0x73,0xee,0x73,0xee,0x73,
    0xee,0x73,0xee,0x73,0xee,0x73,0xee,0x73,0xee,0x73,0xee,0x73,0x0e,0x74,0x0f,0x74,
    0xef,0x73,0x0f,0x74,0x0f,0x74,0x0f,0x74,0x0f,0x74,0xef,0x6b,0xce,0x6b,0xae,0x63,
    0xae,0x63,0x8e,0x63,0x8d,0x5b,0x6d,0x5b,0x6d,0x5b,0x6d,0x5b,0x6d,0x53,0x4d,0x53,
    0x2c,0x53,0x2c,0x53,0x2c,0x4b,0x0c,0x4b,0x0c,0x4b,0x0c,0x4b,0xeb,0x42,0xcb,0x42,
    0xcb,0x42,0xab,0x42,0xaa,0x3a,0xaa,0x3a,0x8a,0x3a,0x8a,0x3a,0x6a,0x32,0x69,0x32,
    0x49,0x32,0x49,0x32,0x29,0x32,0x28,0x32,0x08,0x32,0xe8,0x29,0xc7,0x29,0xc7,0x29,
    0xe7,0x29,0xa7,0x29,0xa7,0x29,0xa7,0x29,0xa7,0x29,0xc7,0x29,0x66,0x21,0x66,0x21,
    0x45,0x19,0x65,0x19,0x65,0x21,0x24,0x11,0x24,0x19,0x45,0x19,0x65,0x19,0x65,0x21,
    0x45,0x21,0xe4,0x10,0xe4,0x10,0x04,0x19,0xe3,0x10,0xe3,0x10,0xe3,0x10,0xc3,0x10,
    0xc3,0x10,0x25,0x21,0xa3,0x10,0xc3,0x18,0xa3,0x10,0x82,0x08,0x82,0x08,0x62,0x08,
    0x61,0x08,0x61,0x00,0x41,0x00,0x20,0x00,0x20,0x00,0x61,0x00,0x82,0x08,0x82,0x08,
    0x62,0x08,0x62,0x08,0x62,0x08,0x41,0x00,0x41,0x00,0x21,0x00,0x21,0x00,0x21,0x00,
    0x21,0x00,0x21,0x00,0x41,0x00,0x00,0x00,0xa2,0x08,0x49,0x3a,0xe7,0x31,0x20,0x00,
    0x20,0x00,0x61,0x08,0x41,0x00,0x21,0x00,0x00,0x00,0x04,0x19,0xaa,0x4a,0xe3,0x08,
    0x65,0x21,0x45,0x21,0xc3,0x10,0x20,0x00,0x00,0x00,0xa6,0x31,0xc7,0x31,0xa6,0x29,
    0x69,0x42,0xeb,0x52,0x2c,0x5b,0x86,0x29,0x61,0x00,0x61,0x00,0x28,0x3a,0xc3,0x10,
    0x61,0x00,0x61,0x08,0x61,0x08,0x00,0x00,0x00,0x00,0x00,0x00,0x00,0x00,0x00,0x00,
    0x00,0x00,0x20,0x00,0x20,0x00,0x00,0x00,0xcb,0x4a,0x0c,0x4b,0x0c,0x4b,0x2c,0x53,
    0x4d,0x53,0x6d,0x5b,0x6d,0x5b,0x8e,0x5b,0xae,0x63,0xce,0x63,0xce,0x63,0xcf,0x6b,
    0xef,0x6b,0xef,0x73,0x0f,0x74,0x0f,0x74,0x0f,0x74,0x0f,0x74,0xef,0x73,0xef,0x73,
    0xee,0x73,0xee,0x73,0xee,0x73,0xee,0x73,0xef,0x73,0xef,0x73,0xef,0x73,0xee,0x73,
    0xee,0x73,0xee,0x73,0xee,0x73,0xee,0x73,0xee,0x73,0xee,0x73,0xee,0x73,0xee,0x73,
    0xee,0x73,0xee,0x73,0xef,0x73,0xef,0x73,0x0f,0x74,0x0f,0x74,0x0f,0x74,0x0f,0x74,
    0x0f,0x74,0x0f,0x74,0xef,0x6b,0xef,0x6b,0xef,0x6b,0xcf,0x6b,0xae,0x63,0x8d,0x63,
    0x8d,0x5b,0x8d,0x5b,0x8d,0x5b,0x6d,0x53,0x4d,0x53,0x2d,0x53,0x2c,0x53,0x2c,0x53,
    0x2c,0x53,0x0c,0x4b,0x2c,0x4b,0x0b,0x4b,0xeb,0x4a,0xeb,0x4a,0xcb,0x42,0xcb,0x42,
    0x8a,0x3a,0xaa,0x42,0x8a,0x3a,0x8a,0x3a,0x6a,0x3a,0x6a,0x3a,0x49,0x3a,0x49,0x3a,
    0x29,0x32,0x08,0x2a,0x08,0x2a,0xe8,0x29,0xc7,0x29,0xc7,0x29,0xe7,0x29,0xc7,0x29,
    0xc7,0x29,0xc7,0x29,0xe7,0x29,0x66,0x21,0x45,0x21,0x45,0x21,0x25,0x19,0x45,0x19,
    0x65,0x21,0x65,0x21,0xa6,0x29,0x86,0x29,0x65,0x19,0x45,0x19,0x45,0x19,0x2c,0x53,
    0x8e,0x63,0x6d,0x63,0xae,0x63,0xb2,0x8c,0xaa,0x4a,0xa3,0x08,0x04,0x19,0xe4,0x10,
    0xe3,0x10,0xe3,0x10,0xc3,0x10,0xc3,0x10,0x82,0x08,0x82,0x08,0x62,0x08,0x41,0x00,
    0x21,0x00,0x41,0x00,0x41,0x00,0x62,0x00,0xa2,0x08,0xe3,0x10,0x65,0x21,0xe7,0x31,
    0x8a,0x4a,0x24,0x19,0x21,0x00,0x61,0x08,0x41,0x00,0x41,0x00,0x41,0x00,0x21,0x00,
    0x21,0x00,0x21,0x00,0x21,0x00,0x21,0x00,0x21,0x00,0x20,0x00,0x21,0x00,0x00,0x00,
    0x86,0x29,0xcb,0x4a,0xe3,0x10,0x00,0x00,0x41,0x00,0x41,0x00,0x62,0x08,0x41,0x00,
    0x00,0x00,0x08,0x3a,0xe8,0x31,0xc3,0x08,0x45,0x19,0x45,0x19,0xc3,0x10,0x00,0x00,
    0x41,0x08,0xe7,0x39,0xa2,0x08,0x45,0x21,0xa6,0x29,0x8a,0x42,0x0c,0x53,0x28,0x3a,
    0xc3,0x10,0x61,0x00,0xe7,0x31,0x82,0x08,0x82,0x08,0xa2,0x08,0x41,0x00,0x00,0x00,
    0x00,0x00,0x00,0x00,0x00,0x00,0x00,0x00,0x20,0x00,0x41,0x08,0x41,0x08,0x00,0x00,
    0x2c,0x53,0x4d,0x53,0x6d,0x5b,0x8e,0x5b,0xae,0x63,0xce,0x63,0xef,0x6b,0xef,0x6b,
    0x0f,0x74,0x0f,0x74,0x0f,0x74,0x0f,0x74,0xee,0x73,0xee,0x73,0xee,0x73,0xee,0x73,
    0xee,0x73,0xee,0x73,0xee,0x73,0xee,0x73,0xee,0x73,0xef,0x73,0xef,0x73,0xef,0x73,
    0xef,0x73,0xef,0x73,0xef,0x73,0xee,0x73,0xee,0x73,0xee,0x73,0xee,0x73,0xee,0x73,
    0xee,0x73,0xee,0x73,0x0f,0x74,0x0f,0x74,0x0f,0x74,0xef,0x73,0x0f,0x74,0x0f,0x74,
    0xef,0x73,0xee,0x6b,0xce,0x6b,0xce,0x6b,0xae,0x63,0xae,0x63,0x8e,0x63,0x6d,0x5b,
    0x6d,0x5b,0x4d,0x5b,0x4d,0x53,0x4d,0x53,0x4c,0x53,0x4c,0x53,0x2c,0x53,0x0c,0x4b,
    0x0c,0x4b,0xec,0x4a,0xeb,0x4a,0xeb,0x4a,0xcb,0x42,0xcb,0x42,0xcb,0x42,0xaa,0x42,
    0x8a,0x3a,0x8a,0x3a,0x6a,0x3a,0x6a,0x3a,0x49,0x3a,0x49,0x32,0x29,0x32,0x09,0x32,
    0x08,0x32,0xe8,0x31,0xc8,0x29,0xe8,0x29,0xc7,0x29,0xc7,0x29,0xc8,0x29,0xc7,0x29,
    0xa7,0x29,0xa7,0x29,0xa7,0x29,0xc7,0x29,0x86,0x21,0x86,0x29,0x66,0x21,0xe7,0x31,
    0x8a,0x4a,0xca,0x4a,0x2c,0x5b,0x8e,0x63,0xae,0x6b,0xae,0x6b,0x0f,0x74,0x51,0x7c,
    0x86,0x21,0x24,0x19,0x24,0x19,0xeb,0x52,0x30,0x7c,0xc7,0x29,0xae,0x6b,0x0b,0x53,
    0x45,0x21,0x04,0x19,0xe3,0x10,0xe3,0x10,0xe4,0x10,0x04,0x19,0x04,0x19,0x04,0x19,
    0x25,0x19,0x86,0x29,0xe7,0x31,0x28,0x3a,0x8a,0x42,0xeb,0x52,0x4d,0x5b,0xcf,0x6b,
    0x30,0x7c,0x50,0x7c,0x50,0x7c,0x51,0x7c,0x51,0x84,0x24,0x21,0x00,0x00,0x41,0x08,
    0x41,0x00,0x21,0x00,0x21,0x00,0x21,0x00,0x21,0x00,0x20,0x00,0x21,0x00,0x21,0x00,
    0x21,0x00,0x21,0x00,0x00,0x00,0x62,0x08,0xe8,0x39,0xa7,0x29,0x00,0x00,0x21,0x00,
    0x20,0x00,0x20,0x00,0x61,0x08,0x20,0x00,0x61,0x08,0xec,0x52,0x45,0x19,0x24,0x11,
    0x45,0x19,0x24,0x19,0xa3,0x10,0x00,0x00,0xa2,0x10,0xa6,0x31,0x00,0x00,0xcb,0x52,
    0xcf,0x6b,0xa7,0x29,0x28,0x3a,0xe7,0x31,0xc3,0x10,0x82,0x08,0x65,0x21,0x61,0x00,
    0xa2,0x10,0xa2,0x10,0x41,0x00,0x00,0x00,0x00,0x00,0x00,0x00,0x00,0x00,0x20,0x00,
    0x41,0x08,0x41,0x08,0x41,0x08,0x00,0x00,0x8d,0x63,0xae,0x63,0xce,0x6b,0xce,0x6b,
    0xef,0x6b,0x0f,0x74,0x0f,0x74,0x0e,0x6c,0x0e,0x74,0xee,0x73,0xee,0x73,0xee,0x73,
    0xee,0x73,0xee,0x73,0xee,0x73,0xee,0x73,0xee,0x73,0xee,0x73,0xee,0x73,0xee,0x73,
    0xee,0x73,0xef,0x73,0xef,0x73,0xef,0x73,0xef,0x73,0xef,0x73,0xef,0x73,0xef,0x73,
    0x0f,0x74,0x0f,0x74,0x0e,0x74,0x0e,0x74,0xef,0x73,0xee,0x73,0xee,0x73,0xee,0x6b,
    0xce,0x6b,0xae,0x6b,0xae,0x63,0x8e,0x63,0x6d,0x63,0x6d,0x5b,0x6d,0x5b,0x4d,0x5b,
    0x4d,0x5b,0x4d,0x53,0x2d,0x53,0x2d,0x53,0x2d,0x53,0x0c,0x53,0xec,0x4a,0xeb,0x4a,
    0xeb,0x4a,0xcb,0x42,0xcb,0x42,0xcb,0x42,0xab,0x42,0xab,0x42,0x8a,0x3a,0x8a,0x3a,
    0x6a,0x3a,0x6a,0x3a,0x69,0x3a,0x49,0x3a,0x49,0x32,0x49,0x32,0x28,0x32,0x08,0x2a,
    0xe8,0x29,0xe8,0x29,0xe8,0x29,0x08,0x32,0xe8,0x31,0xc8,0x31,0xc7,0x29,0xc7,0x29,
    0xa7,0x29,0x87,0x29,0xa7,0x29,0xa7,0x29,0x86,0x29,0x66,0x21,0x86,0x29,0x86,0x21,
    0x86,0x21,0x66,0x21,0x45,0x21,0xeb,0x52,0x91,0x84,0x50,0x7c,0xeb,0x52,0x28,0x3a,
    0xe7,0x31,0x86,0x29,0xce,0x73,0x48,0x3a,0x24,0x19,0x45,0x21,0x45,0x21,0x65,0x21,
    0x6d,0x63,0x2c,0x5b,0x4d,0x5b,0x24,0x19,0x86,0x21,0xe7,0x31,0x8a,0x42,0xaa,0x4a,
    0x0c,0x53,0x4d,0x63,0x8e,0x6b,0xcf,0x6b,0x10,0x74,0x30,0x7c,0x30,0x7c,0x51,0x7c,
    0x30,0x74,0xef,0x6b,0xae,0x63,0x2c,0x53,0x89,0x42,0x28,0x3a,0xc7,0x29,0x65,0x21,
    0xc3,0x10,0x21,0x00,0x41,0x08,0x20,0x00,0x21,0x00,0x41,0x00,0x41,0x00,0x21,0x00,
    0x20,0x00,0x21,0x00,0x00,0x00,0x00,0x00,0x00,0x00,0x00,0x00,0x21,0x00,0xc3,0x10,
    0x04,0x19,0xc3,0x10,0x20,0x00,0x21,0x00,0x21,0x00,0x20,0x00,0x41,0x00,0x00,0x00,
    0x86,0x29,0xcb,0x52,0xe3,0x10,0x86,0x21,0x45,0x19,0x24,0x19,0xe4,0x10,0x21,0x00,
    0x41,0x00,0x04,0x19,0xa2,0x08,0x04,0x19,0x8e,0x63,0x8a,0x42,0xa7,0x29,0x24,0x19,
    0x82,0x08,0xe3,0x10,0x82,0x08,0x61,0x08,0x82,0x08,0x82,0x08,0x41,0x00,0x00,0x00,
    0x00,0x00,0x00,0x00,0x20,0x00,0x41,0x08,0x41,0x08,0x82,0x10,0x61,0x08,0x00,0x00,
    0xad,0x6b,0xce,0x6b,0xee,0x73,0xee,0x73,0xee,0x73,0xee,0x73,0xee,0x73,0xee,0x73,
    0xee,0x73,0xee,0x73,0xee,0x73,0xee,0x73,0xee,0x73,0xee,0x73,0xee,0x73,0xee,0x73,
    0xef,0x73,0x0f,0x74,0x0f,0x74,0x0f,0x74,0xef,0x73,0x0f,0x74,0x0f,0x74,0x0f,0x74,
    0xef,0x73,0xef,0x73,0xef,0x73,0xcf,0x6b,0xef,0x6b,0xce,0x6b,0xae,0x63,0x8d,0x63,
    0x8e,0x63,0x8e,0x63,0x6d,0x5b,0x4d,0x5b,0x4d,0x5b,0x2d,0x53,0x2d,0x53,0x2d,0x53,
    0x2c,0x53,0x0c,0x53,0x0c,0x4b,0x0c,0x4b,0xec,0x4a,0xec,0x4a,0xec,0x4a,0xeb,0x4a,
    0xcb,0x4a,0xab,0x42,0xab,0x42,0x8b,0x42,0x8a,0x42,0x8a,0x3a,0x6a,0x3a,0x6a,0x3a,
    0x6a,0x3a,0x49,0x32,0x29,0x32,0x29,0x32,0x08,0x32,0x29,0x32,0x29,0x32,0x08,0x32,
    0x08,0x2a,0x08,0x2a,0xe7,0x29,0xe7,0x29,0xc7,0x29,0xc7,0x29,0xe7,0x29,0xa6,0x21,
    0xc7,0x29,0x86,0x21,0xa6,0x29,0x86,0x29,0x86,0x21,0xa7,0x29,0x66,0x21,0x66,0x21,
    0x45,0x21,0x45,0x21,0x04,0x19,0x04,0x19,0xe4,0x10,0x04,0x19,0x04,0x19,0x66,0x21,
    0xa6,0x29,0xaa,0x4a,0x8e,0x63,0xe3,0x10,0x24,0x19,0x04,0x19,0x0c,0x5b,0xec,0x52,
    0xe4,0x10,0xa6,0x29,0x25,0x19,0x6d,0x5b,0x6d,0x5b,0xcf,0x6b,0xc7,0x29,0x08,0x32,
    0x08,0x32,0x0c,0x53,0xb2,0x84,0x30,0x74,0x30,0x74,0xef,0x6b,0xae,0x63,0x8e,0x63,
    0x4c,0x5b,0xeb,0x52,0x69,0x42,0x07,0x32,0x86,0x29,0x24,0x19,0xc3,0x10,0x61,0x08,
    0x21,0x00,0x00,0x00,0x00,0x00,0x00,0x00,0x00,0x00,0x21,0x00,0x00,0x00,0x20,0x00,
    0x20,0x00,0x21,0x00,0x41,0x00,0xc3,0x10,0x82,0x08,0x00,0x00,0x00,0x00,0x00,0x00,
    0x45,0x21,0x82,0x08,0x20,0x00,0x00,0x00,0x20,0x00,0x20,0x00,0x41,0x00,0x20,0x00,
    0x00,0x00,0x21,0x00,0x41,0x00,0x20,0x00,0x0c,0x53,0xaa,0x4a,0xa2,0x08,0x45,0x19,
    0x65,0x19,0x86,0x21,0x24,0x19,0x82,0x08,0x41,0x00,0xaa,0x4a,0x65,0x21,0x82,0x08,
    0x45,0x21,0x29,0x42,0x04,0x19,0x82,0x08,0x82,0x08,0xc3,0x10,0x62,0x08,0x62,0x08,
    0x62,0x08,0x62,0x08,0x20,0x00,0x00,0x00,0x00,0x00,0x20,0x00,0x41,0x08,0x41,0x08,
    0x41,0x08,0x62,0x08,0x41,0x08,0x00,0x00,0xce,0x6b,0xce,0x6b,0xee,0x6b,0xee,0x6b,
    0xee,0x73,0xee,0x73,0x0e,0x74,0x0f,0x74,0xef,0x73,0xef,0x73,0x0f,0x74,0x0f,0x74,
    0x0f,0x74,0x0f,0x74,0x0f,0x74,0x0f,0x74,0x0f,0x74,0xef,0x6b,0xef,0x6b,0xee,0x6b,
    0xce,0x6b,0xce,0x6b,0xae,0x63,0x8d,0x63,0x8d,0x63,0x6d,0x63,0x6d,0x5b,0x4d,0x5b,
    0x4d,0x5b,0x4d,0x5b,0x2c,0x53,0x2c,0x53,0x2c,0x53,0x2c,0x53,0x0c,0x53,0x0c,0x4b,
    0xec,0x4a,0xec,0x4a,0xec,0x4a,0xcb,0x42,0xcb,0x42,0xab,0x42,0xab,0x42,0xab,0x42,
    0xab,0x42,0xab,0x42,0x8a,0x3a,0x8a,0x3a,0x6a,0x3a,0x6a,0x3a,0x4a,0x3a,0x29,0x3a,
    0x4a,0x3a,0x49,0x3a,0x29,0x32,0x29,0x32,0x29,0x32,0x08,0x32,0xe8,0x31,0x08,0x32,
    0xe8,0x31,0x08,0x32,0xc7,0x29,0xa6,0x21,0xc7,0x29,0xc7,0x29,0xa7,0x29,0xc7,0x29,
    0xa6,0x29,0x86,0x29,0x66,0x21,0x66,0x21,0x66,0x21,0x45,0x19,0x25,0x19,0x24,0x19,
    0x24,0x19,0x04,0x11,0x04,0x19,0x25,0x19,0x24,0x19,0x86,0x21,0xc7,0x29,0x08,0x32,
    0x69,0x42,0xaa,0x4a,0xc7,0x31,0x04,0x19,0x04,0x19,0x04,0x19,0x6e,0x63,0x0c,0x5b,
    0xc3,0x08,0x25,0x19,0x24,0x19,0xef,0x73,0x69,0x3a,0xa2,0x08,0x8a,0x42,0xae,0x63,
    0xcf,0x6b,0x08,0x32,0xa6,0x29,0xe7,0x31,0xc7,0x31,0x69,0x42,0xaa,0x4a,0xaa,0x42,
    0xcb,0x4a,0x8a,0x42,0xcb,0x4a,0x49,0x3a,0x08,0x32,0xc6,0x29,0xa6,0x29,0xe7,0x31,
    0x45,0x21,0xe3,0x18,0xc3,0x18,0x61,0x08,0x21,0x00,0x21,0x00,0x21,0x00,0x20,0x00,
    0x20,0x00,0x00,0x00,0x00,0x00,0x00,0x00,0x00,0x00,0x00,0x00,0x00,0x00,0xa7,0x31,
    0x04,0x19,0x00,0x00,0x20,0x00,0x61,0x08,0x04,0x19,0x61,0x08,0x00,0x00,0x00,0x00,
    0x00,0x00,0x20,0x00,0x41,0x00,0x20,0x00,0x20,0x00,0x21,0x00,0x20,0x00,0x41,0x00,
    0x0c,0x53,0x8a,0x42,0x45,0x19,0x65,0x21,0x65,0x21,0x24,0x19,0x24,0x19,0x04,0x19,
    0x61,0x08,0x66,0x29,0xcb,0x52,0xe7,0x31,0xe3,0x10,0xa2,0x08,0xa2,0x08,0x41,0x00,
    0xa2,0x10,0xa3,0x10,0xa2,0x08,0x82,0x08,0x82,0x08,0x62,0x08,0x20,0x00,0x00,0x00,
    0x00,0x00,0x00,0x00,0x21,0x00,0x41,0x00,0x41,0x08,0x41,0x08,0x20,0x00,0x00,0x00,
    0xce,0x6b,0xce,0x6b,0xef,0x6b,0xef,0x6b,0xef,0x6b,0xef,0x73,0xef,0x6b,0xef,0x6b,
    0xef,0x6b,0xef,0x6b,0xef,0x6b,0xcf,0x6b,0xce,0x6b,0xce,0x6b,0xae,0x63,0xae,0x63,
    0xad,0x5b,0x8e,0x5b,0x8d,0x5b,0x6d,0x53,0x6d,0x53,0x6d,0x53,0x6d,0x53,0x4d,0x53,
    0x2d,0x53,0x2c,0x53,0x0c,0x53,0x0c,0x53,0x0c,0x4b,0x0c,0x4b,0xeb,0x4a,0xeb,0x4a,
    0xcb,0x4a,0xcb,0x42,0xab,0x42,0xab,0x42,0x8a,0x42,0x8a,0x42,0x8a,0x3a,0x6a,0x3a,
    0x6a,0x3a,0x6a,0x3a,0x6a,0x3a,0x6a,0x3a,0x6a,0x3a,0x49,0x3a,0x49,0x3a,0x29,0x32,
    0x29,0x3a,0x29,0x32,0x29,0x3a,0x29,0x32,0xe8,0x31,0xe8,0x31,0xc7,0x29,0xe8,0x31,
    0xc7,0x29,0xc7,0x29,0xc7,0x29,0xc7,0x29,0xc7,0x29,0xa7,0x29,0x86,0x21,0x86,0x21,
    0x86,0x29,0x65,0x21,0x24,0x19,0x04,0x11,0x25,0x19,0x65,0x21,0x25,0x19,0x24,0x19,
    0x24,0x19,0x45,0x21,0xe7,0x31,0x28,0x3a,0x69,0x42,0xaa,0x4a,0x2c,0x5b,0x86,0x21,
    0xaa,0x42,0xae,0x63,0x0f,0x74,0x10,0x74,0x10,0x74,0x51,0x7c,0x8e,0x63,0x04,0x11,
    0x24,0x19,0x25,0x19,0x04,0x19,0xcf,0x6b,0x49,0x3a,0xc3,0x08,0xc3,0x10,0x04,0x19,
    0x8e,0x63,0x8a,0x42,0xcf,0x6b,0x8e,0x63,0x28,0x3a,0x45,0x19,0xc7,0x31,0x08,0x3a,
    0xe8,0x39,0x28,0x3a,0x08,0x3a,0x08,0x3a,0x86,0x29,0x45,0x21,0x04,0x11,0xe3,0x10,
    0x03,0x11,0x65,0x21,0xe7,0x31,0x24,0x19,0x65,0x29,0x24,0x21,0x00,0x00,0xe3,0x18,
    0x65,0x21,0x65,0x21,0x45,0x21,0xe3,0x10,0x82,0x08,0x00,0x00,0x00,0x00,0x00,0x00,
    0x00,0x00,0x00,0x00,0x20,0x00,0x00,0x00,0x61,0x08,0x65,0x29,0x82,0x10,0x41,0x00,
    0x20,0x00,0x61,0x08,0x20,0x00,0x20,0x00,0x00,0x00,0x21,0x00,0x21,0x00,0x20,0x00,
    0x20,0x00,0x20,0x00,0x21,0x00,0x82,0x00,0xa2,0x08,0xa2,0x08,0x82,0x08,0xa3,0x08,
    0xc3,0x10,0xc3,0x10,0xe4,0x18,0xe4,0x18,0x45,0x21,0x82,0x08,0x61,0x00,0xe3,0x10,
    0xc3,0x10,0xa3,0x08,0x41,0x00,0xc3,0x10,0xc3,0x10,0xa3,0x08,0xc3,0x10,0x82,0x08,
    0x82,0x08,0x61,0x08,0x20,0x00,0x00,0x00,0x00,0x00,0x00,0x00,0x00,0x00,0x21,0x00,
    0x21,0x00,0x21,0x00,0x00,0x00,0x00,0x00,0x8e,0x63,0xae,0x63,0xae,0x63,0xae,0x63,
    0xae,0x63,0xae,0x63,0x8d,0x63,0x8e,0x63,0x8e,0x5b,0x6d,0x5b,0x6d,0x5b,0x4d,0x5b,
    0x4d,0x5b,0x4d,0x5b,0x4d,0x53,0x4d,0x53,0x2c,0x53,0x2c,0x4b,0x0c,0x4b,0x0c,0x4b,
    0x0c,0x4b,0x0c,0x4b,0xeb,0x4a,0xeb,0x4a,0xcb,0x4a,0xcb,0x42,0xab,0x42,0x8a,0x42,
    0xab,0x42,0xab,0x42,0x8a,0x3a,0x8a,0x3a,0x6a,0x3a,0x6a,0x3a,0x49,0x3a,0x29,0x32,
    0x29,0x3a,0x29,0x32,0x29,0x32,0x29,0x32,0x29,0x32,0x29,0x32,0x08,0x32,0x08,0x32,
    0xe8,0x29,0xe8,0x31,0xe8,0x31,0xe8,0x31,0x08,0x32,0xe8,0x31,0xc7,0x31,0xe8,0x31,
    0xa7,0x29,0xa7,0x29,0x86,0x29,0x86,0x21,0x86,0x21,0x86,0x21,0x45,0x19,0x65,0x21,
    0x04,0x11,0x45,0x19,0x04,0x19,0x45,0x21,0x65,0x21,0x86,0x29,0xc7,0x31,0x69,0x42,
    0xa6,0x29,0x04,0x11,0x2c,0x5b,0xae,0x6b,0xc6,0x29,0x2c,0x5b,0xae,0x6b,0x30,0x7c,
    0x50,0x7c,0x50,0x7c,0x71,0x84,0xc6,0x29,0xeb,0x4a,0xae,0x63,0xae,0x63,0x0f,0x74,
    0x30,0x74,0x0c,0x53,0x8e,0x6b,0x45,0x19,0x25,0x19,0x24,0x19,0x04,0x11,0x04,0x11,
    0x8e,0x6b,0x6a,0x42,0x86,0x21,0xa7,0x29,0x49,0x3a,0xcf,0x6b,0xcb,0x4a,0xc7,0x29,
    0xc3,0x08,0x04,0x19,0x04,0x19,0xe4,0x18,0xe4,0x18,0x62,0x08,0x41,0x08,0x21,0x00,
    0x00,0x00,0x41,0x00,0xa3,0x08,0x45,0x21,0x69,0x42,0x0b,0x53,0xce,0x6b,0xaa,0x4a,
    0x28,0x3a,0x8a,0x4a,0x04,0x19,0x82,0x10,0x49,0x42,0xe7,0x31,0x86,0x29,0xe3,0x10,
    0x61,0x08,0x00,0x00,0x00,0x00,0x00,0x00,0x00,0x00,0x00,0x00,0x41,0x08,0x41,0x00,
    0xa3,0x10,0x08,0x3a,0x82,0x08,0x20,0x00,0x41,0x00,0x82,0x08,0x41,0x08,0x20,0x00,
    0x00,0x00,0x41,0x08,0x41,0x08,0x20,0x00,0x21,0x00,0x20,0x00,0xe3,0x10,0xc7,0x29,
    0xa6,0x29,0x45,0x19,0xc3,0x10,0x62,0x00,0x41,0x00,0x41,0x00,0x21,0x00,0x41,0x00,
    0x62,0x08,0xa2,0x08,0xa2,0x08,0x61,0x00,0xc3,0x10,0xe4,0x10,0xa3,0x08,0xc3,0x10,
    0xc3,0x10,0xa3,0x08,0x82,0x08,0x82,0x08,0x62,0x08,0x61,0x08,0x20,0x00,0x00,0x00,
    0x00,0x00,0x00,0x00,0x00,0x00,0x00,0x00,0x00,0x00,0x20,0x00,0x00,0x00,0x00,0x00,
    0x4d,0x53,0x4d,0x53,0x6d,0x5b,0x4d,0x53,0x4d,0x53,0x4d,0x53,0x4d,0x53,0x4d,0x53,
    0x4d,0x53,0x2d,0x53,0x2d,0x53,0x0c,0x4b,0xec,0x4a,0x0c,0x4b,0xec,0x4a,0xec,0x4a,
    0xec,0x4a,0xcb,0x42,0xab,0x42,0xab,0x42,0xab,0x42,0xab,0x42,0x8b,0x42,0x8b,0x42,
    0x8b,0x42,0x6a,0x3a,0x6a,0x3a,0x6a,0x3a,0x6a,0x3a,0x4a,0x3a,0x4a,0x3a,0x29,0x32,
    0x08,0x32,0x08,0x32,0x08,0x32,0x08,0x32,0x08,0x32,0xe8,0x31,0xc8,0x29,0xe8,0x29,
    0xe8,0x31,0xc7,0x29,0xc7,0x29,0xc8,0x29,0xe8,0x31,0xa7,0x29,0xa7,0x29,0xa7,0x29,
    0x66,0x21,0x86,0x21,0x66,0x21,0x25,0x19,0x45,0x19,0x45,0x19,0x65,0x21,0x45,0x19,
    0x65,0x21,0x85,0x21,0xe7,0x31,0x28,0x3a,0x8a,0x4a,0x86,0x29,0xeb,0x52,0x8e,0x6b,
    0xcf,0x6b,0xcf,0x6b,0x30,0x7c,0x6d,0x63,0xce,0x6b,0xc6,0x29,0x6d,0x5b,0x2c,0x5b,
    0xaa,0x4a,0xaa,0x4a,0xaa,0x4a,0xce,0x6b,0x30,0x7c,0xce,0x63,0x70,0x7c,0x48,0x3a,
    0xe7,0x31,0xef,0x73,0x8e,0x63,0x4c,0x5b,0xeb,0x52,0xca,0x4a,0x08,0x3a,0x65,0x29,
    0x65,0x21,0x45,0x21,0x08,0x32,0xa7,0x29,0x82,0x08,0xa6,0x29,0x45,0x21,0xe4,0x10,
    0x82,0x08,0x21,0x00,0x00,0x00,0x82,0x08,0xe7,0x31,0x41,0x00,0xc7,0x31,0x24,0x19,
    0x20,0x00,0x62,0x08,0x41,0x08,0x62,0x08,0x61,0x08,0xa3,0x10,0x86,0x29,0x45,0x21,
    0x8a,0x42,0xcb,0x4a,0x0c,0x53,0x8d,0x63,0x08,0x3a,0xc7,0x31,0x48,0x42,0x82,0x08,
    0xc3,0x10,0x8a,0x42,0x66,0x21,0xe3,0x18,0x41,0x00,0x00,0x00,0x00,0x00,0x00,0x00,
    0x00,0x00,0x00,0x00,0x61,0x08,0x82,0x08,0x41,0x00,0xc3,0x10,0x61,0x08,0x40,0x00,
    0x41,0x00,0x20,0x00,0x00,0x00,0x20,0x00,0x00,0x00,0x62,0x08,0x20,0x00,0x20,0x00,
    0x20,0x00,0x04,0x11,0xe8,0x31,0x28,0x3a,0xc7,0x29,0x86,0x29,0x04,0x19,0x82,0x08,
    0x62,0x08,0x61,0x00,0x41,0x00,0x41,0x00,0x21,0x00,0x21,0x00,0x21,0x00,0x41,0x00,
    0x21,0x00,0x21,0x00,0x41,0x00,0x61,0x00,0x41,0x00,0x62,0x08,0x82,0x08,0x62,0x08,
    0x82,0x08,0x41,0x00,0x00,0x00,0x00,0x00,0x00,0x00,0x00,0x00,0x00,0x00,0x00,0x00,
    0x00,0x00,0x00,0x00,0x00,0x00,0x00,0x00,0x0c,0x4b,0xec,0x4a,0x2d,0x53,0x2d,0x53,
    0x0c,0x4b,0xec,0x4a,0x0c,0x4b,0x0c,0x4b,0xec,0x4a,0xcc,0x4a,0xab,0x42,0xab,0x42,
    0x8b,0x42,0x8b,0x42,0x8b,0x42,0x8b,0x42,0x8b,0x42,0x6a,0x42,0x6a,0x42,0x4a,0x3a,
    0x6a,0x42,0x4a,0x3a,0x4a,0x3a,0x4a,0x3a,0x29,0x3a,0x29,0x32,0x08,0x32,0x08,0x32,
    0x08,0x32,0x08,0x32,0xe8,0x31,0xc8,0x29,0xc7,0x29,0xc7,0x29,0xc7,0x29,0xc7,0x29,
    0xc7,0x29,0xa7,0x29,0xa7,0x29,0xa6,0x29,0x86,0x21,0xa7,0x29,0xa7,0x29,0x66,0x21,
    0x46,0x21,0x45,0x21,0x66,0x21,0x25,0x19,0x65,0x21,0xa6,0x29,0xc7,0x29,0x49,0x3a,
    0x69,0x42,0xe7,0x31,0x24,0x19,0x6d,0x63,0x8e,0x63,0x30,0x7c,0x10,0x74,0x10,0x7c,
    0x91,0x84,0xe7,0x31,0x6d,0x63,0x8a,0x4a,0xae,0x6b,0xae,0x6b,0xcf,0x6b,0x8d,0x63,
    0x30,0x7c,0x08,0x32,0xca,0x4a,0xae,0x6b,0x0b,0x53,0x48,0x3a,0x8d,0x63,0x4c,0x5b,
    0xeb,0x52,0xeb,0x52,0xaa,0x42,0x69,0x3a,0xc7,0x31,0xa7,0x31,0x66,0x21,0x45,0x21,
    0x86,0x29,0x45,0x21,0x04,0x19,0xa3,0x10,0x45,0x21,0x66,0x21,0x20,0x00,0x45,0x21,
    0x08,0x32,0x49,0x3a,0xa7,0x31,0x25,0x21,0x00,0x00,0x00,0x00,0x00,0x00,0x00,0x00,
    0xe3,0x18,0xe4,0x10,0xa6,0x21,0x8e,0x63,0xc7,0x31,0x62,0x08,0x62,0x08,0x41,0x08,
    0x62,0x08,0x62,0x08,0x04,0x19,0x45,0x21,0xa6,0x29,0x2c,0x53,0xaa,0x42,0xae,0x63,
    0x2c,0x5b,0xca,0x4a,0x28,0x42,0xe7,0x39,0x21,0x00,0xc7,0x31,0xe8,0x31,0xe3,0x18,
    0x00,0x00,0x00,0x00,0x00,0x00,0x00,0x00,0x00,0x00,0x00,0x00,0x62,0x08,0xc3,0x10,
    0x82,0x08,0x61,0x08,0x20,0x00,0x40,0x00,0x61,0x08,0x20,0x00,0x00,0x00,0x00,0x00,
    0x20,0x00,0x41,0x00,0x00,0x00,0x20,0x00,0x25,0x19,0x28,0x3a,0x69,0x3a,0x49,0x3a,
    0x08,0x32,0xa6,0x29,0x04,0x19,0x82,0x08,0x82,0x08,0x61,0x00,0x41,0x00,0x21,0x00,
    0x41,0x00,0x41,0x00,0x41,0x00,0x21,0x00,0x21,0x00,0x21,0x00,0x20,0x00,0x20,0x00,
    0x00,0x00,0x00,0x00,0x21,0x00,0x21,0x00,0x21,0x00,0x00,0x00,0x00,0x00,0x00,0x00,
    0x00,0x00,0x00,0x00,0x00,0x00,0x00,0x00,0x00,0x00,0x00,0x00,0x00,0x00,0x00,0x00,
    0xcb,0x42,0x8a,0x3a,0xec,0x4a,0xcb,0x4a,0xab,0x42,0x8a,0x42,0x8a,0x3a,0x8b,0x42,
    0x8b,0x42,0x8b,0x42,0x4a,0x3a,0x6a,0x3a,0x4a,0x3a,0x6a,0x3a,0x6a,0x3a,0x29,0x32,
    0x29,0x3a,0x29,0x3a,0x09,0x32,0xe8,0x31,0xe8,0x31,0xe8,0x31,0xe8,0x31,0xe8,0x31,
    0xe8,0x29,0xc7,0x29,0xc7,0x29,0xc7,0x29,0xc7,0x29,0xc7,0x29,0xa7,0x29,0x87,0x29,
    0xa7,0x29,0x87,0x29,0x87,0x29,0x86,0x29,0x86,0x29,0x86,0x29,0x66,0x21,0x45,0x21,
    0x24,0x19,0x24,0x19,0xe4,0x10,0x25,0x19,0x04,0x11,0x04,0x19,0xe4,0x10,0x08,0x3a,
    0xae,0x6b,0xef,0x73,0x30,0x7c,0x30,0x7c,0x30,0x7c,0x30,0x7c,0x65,0x21,0x4d,0x5b,
    0xeb,0x52,0xae,0x6b,0x30,0x7c,0xef,0x73,0x71,0x84,0x8a,0x4a,0x69,0x42,0x8d,0x63,
    0xae,0x63,0x2c,0x53,0xaa,0x4a,0x2c,0x5b,0x4d,0x5b,0x6a,0x42,0x08,0x3a,0x6a,0x42,
    0xe7,0x31,0xa6,0x29,0x86,0x29,0x24,0x21,0xe3,0x18,0xc3,0x10,0x61,0x08,0x61,0x08,
    0x41,0x00,0x00,0x00,0x00,0x00,0x41,0x00,0xe4,0x10,0x69,0x42,0xab,0x4a,0xec,0x52,
    0x65,0x29,0xa6,0x29,0xc3,0x10,0x50,0x7c,0x0f,0x74,0xeb,0x52,0x6d,0x63,0xa7,0x31,
    0x00,0x00,0x00,0x00,0x20,0x00,0x20,0x00,0x00,0x00,0x82,0x08,0x21,0x00,0x45,0x19,
    0x8e,0x63,0x28,0x3a,0x21,0x00,0x62,0x08,0x61,0x08,0x62,0x08,0x82,0x08,0x65,0x21,
    0x45,0x19,0x48,0x3a,0x4c,0x5b,0xeb,0x4a,0x6d,0x63,0xca,0x4a,0xaa,0x4a,0x69,0x4a,
    0x86,0x29,0x20,0x00,0x86,0x29,0xe3,0x18,0x00,0x00,0x00,0x00,0x00,0x00,0x00,0x00,
    0x20,0x00,0xe3,0x18,0xc3,0x10,0x82,0x08,0x82,0x08,0x62,0x08,0x00,0x00,0x20,0x00,
    0x20,0x00,0x00,0x00,0x20,0x00,0x00,0x00,0x41,0x00,0xc3,0x10,0x41,0x00,0x66,0x21,
    0x49,0x3a,0x29,0x32,0x8a,0x3a,0x8a,0x3a,0x69,0x3a,0xc7,0x29,0x04,0x19,0xa3,0x10,
    0xa2,0x08,0x62,0x00,0x41,0x00,0x41,0x00,0x41,0x08,0x21,0x00,0x21,0x00,0x41,0x00,
    0x21,0x00,0x21,0x00,0x21,0x00,0x21,0x00,0x21,0x00,0x21,0x00,0x00,0x00,0x00,0x00,
    0x00,0x00,0x00,0x00,0x00,0x00,0x00,0x00,0x00,0x00,0x00,0x00,0x00,0x00,0x00,0x00,
    0x00,0x00,0x00,0x00,0x00,0x00,0x00,0x00,0x6a,0x3a,0x29,0x32,0x6a,0x3a,0x8b,0x42,
    0x6a,0x3a,0x8a,0x3a,0x4a,0x3a,0x6a,0x3a,0x6a,0x3a,0x49,0x3a,0x09,0x32,0x29,0x32,
    0x09,0x32,0xe8,0x31,0xe8,0x29,0xe8,0x29,0xc7,0x29,0xc8,0x29,0xc7,0x29,0xa7,0x29,
    0xa7,0x29,0xa7,0x29,0xa7,0x29,0xa7,0x29,0xa7,0x29,0xa7,0x29,0xa7,0x29,0x86,0x21,
    0x66,0x21,0x66,0x21,0x66,0x21,0x45,0x21,0x25,0x19,0x24,0x19,0x04,0x19,0xe3,0x10,
    0xe3,0x10,0x24,0x19,0x24,0x19,0x45,0x21,0xa6,0x29,0x08,0x32,0x69,0x42,0xeb,0x52,
    0x2c,0x5b,0x66,0x21,0xa3,0x08,0x69,0x42,0xcf,0x73,0xae,0x6b,0xef,0x73,0x10,0x74,
    0xce,0x6b,0xae,0x6b,0x0b,0x53,0x08,0x32,0xae,0x6b,0x8d,0x63,0xce,0x6b,0x8d,0x63,
    0x6d,0x63,0x0c,0x5b,0x48,0x3a,0xaa,0x4a,0x28,0x3a,0xa6,0x29,0x45,0x19,0x04,0x19,
    0xe3,0x18,0xc3,0x10,0x82,0x08,0x00,0x00,0x00,0x00,0x00,0x00,0x00,0x00,0x00,0x00,
    0x00,0x00,0x00,0x00,0x00,0x00,0x00,0x00,0x62,0x08,0xa3,0x10,0x82,0x08,0x45,0x21,
    0x86,0x21,0x69,0x42,0x28,0x3a,0x08,0x32,0x65,0x21,0x65,0x21,0xeb,0x52,0x91,0x84,
    0x2c,0x53,0xeb,0x52,0x0c,0x5b,0x41,0x00,0x00,0x00,0x41,0x00,0x41,0x00,0x00,0x00,
    0x21,0x00,0xa3,0x10,0x82,0x08,0x20,0x00,0x44,0x19,0xef,0x73,0x8a,0x42,0x41,0x00,
    0x62,0x00,0x62,0x00,0x61,0x00,0x24,0x19,0x86,0x21,0xa6,0x21,0x0c,0x53,0x0b,0x4b,
    0x4c,0x5b,0xeb,0x52,0x89,0x4a,0xcb,0x52,0x0c,0x5b,0x08,0x3a,0x00,0x00,0x20,0x00,
    0x00,0x00,0x00,0x00,0x00,0x00,0x00,0x00,0x00,0x00,0x61,0x08,0xa2,0x08,0x82,0x08,
    0xa3,0x10,0x62,0x08,0x20,0x00,0x20,0x00,0x20,0x00,0x20,0x00,0x20,0x00,0x00,0x00,
    0x41,0x00,0x49,0x42,0x45,0x19,0x28,0x3a,0x29,0x32,0x69,0x3a,0x69,0x3a,0x8a,0x42,
    0x49,0x3a,0xe7,0x31,0x24,0x19,0xa3,0x08,0xa2,0x08,0x82,0x08,0x41,0x00,0x00,0x00,
    0x00,0x00,0x21,0x00,0x41,0x00,0x41,0x00,0x21,0x00,0x21,0x00,0x01,0x00,0x00,0x00,
    0x00,0x00,0x00,0x00,0x00,0x00,0x01,0x00,0x21,0x00,0x20,0x00,0x00,0x00,0x00,0x00,
    0x00,0x00,0x00,0x00,0x00,0x00,0x00,0x00,0x00,0x00,0x00,0x00,0x00,0x00,0x00,0x00,
    0x08,0x2a,0x29,0x32,0x08,0x2a,0x6a,0x3a,0x29,0x32,0x09,0x32,0x29,0x32,0x29,0x32,
    0x08,0x32,0xe8,0x31,0xa7,0x29,0xc7,0x29,0xc7,0x29,0xa6,0x29,0xa7,0x29,0xa7,0x29,
    0xc7,0x31,0xa7,0x29,0xa6,0x29,0xc7,0x29,0xa7,0x29,0x86,0x21,0xa7,0x29,0x66,0x21,
    0x25,0x21,0x25,0x19,0x04,0x19,0xe4,0x18,0x04,0x19,0xe4,0x10,0x04,0x11,0x24,0x19,
    0x86,0x29,0xe7,0x31,0x49,0x42,0xaa,0x4a,0x0c,0x5b,0x6d,0x63,0xcf,0x6b,0x10,0x74,
    0x30,0x74,0x50,0x7c,0x50,0x7c,0x10,0x74,0x51,0x7c,0x8a,0x4a,0xa6,0x29,0x86,0x29,
    0x8e,0x63,0xef,0x6b,0xce,0x6b,0xae,0x63,0x6d,0x63,0xeb,0x52,0x69,0x42,0xe7,0x31,
    0x28,0x3a,0x86,0x29,0x24,0x21,0x04,0x19,0xe3,0x18,0xa2,0x10,0x61,0x08,0x20,0x00,
    0x00,0x00,0x00,0x00,0x00,0x00,0x00,0x00,0x00,0x00,0x00,0x00,0x00,0x00,0x00,0x00,
    0x00,0x00,0x00,0x00,0x00,0x00,0x00,0x00,0x00,0x00,0x00,0x00,0x20,0x00,0x41,0x00,
    0x62,0x00,0x62,0x08,0xe4,0x18,0xaa,0x4a,0xc7,0x29,0x69,0x3a,0x08,0x32,0x04,0x11,
    0x82,0x00,0x86,0x21,0x0f,0x74,0x51,0x7c,0x51,0x7c,0x8e,0x6b,0x04,0x19,0x20,0x00,
    0x00,0x00,0x04,0x19,0xc3,0x10,0x00,0x00,0x82,0x08,0xc3,0x10,0xe4,0x10,0xc3,0x10,
    0x21,0x00,0x24,0x19,0x10,0x74,0xeb,0x4a,0x61,0x00,0x41,0x00,0x82,0x08,0x61,0x08,
    0x65,0x21,0xa6,0x21,0x08,0x32,0x6d,0x5b,0x2c,0x53,0xeb,0x52,0xaa,0x4a,0xca,0x52,
    0x4d,0x6b,0xa6,0x31,0x00,0x00,0x20,0x00,0x00,0x00,0x00,0x00,0x00,0x00,0x00,0x00,
    0x00,0x00,0x62,0x08,0xa2,0x08,0xc3,0x10,0x82,0x08,0x21,0x00,0x00,0x00,0x00,0x00,
    0x20,0x00,0x20,0x00,0x00,0x00,0x41,0x00,0x61,0x00,0xa7,0x29,0xc7,0x29,0x45,0x19,
    0x69,0x3a,0xeb,0x4a,0x6a,0x3a,0x49,0x3a,0x6a,0x42,0x28,0x3a,0x24,0x19,0xa2,0x08,
    0xe4,0x18,0xc3,0x10,0x41,0x00,0xe7,0x39,0x49,0x42,0xa2,0x08,0x21,0x00,0x41,0x00,
    0x20,0x00,0x20,0x00,0x20,0x00,0x00,0x00,0x00,0x00,0x20,0x00,0x20,0x00,0x00,0x00,
    0x00,0x00,0x00,0x00,0x00,0x00,0x00,0x00,0x00,0x00,0x00,0x00,0x00,0x00,0x00,0x00,
    0x00,0x00,0x00,0x00,0x00,0x00,0x00,0x00,0x86,0x21,0x29,0x3a,0xe8,0x31,0xe8,0x31,
    0x29,0x32,0x08,0x32,0xa7,0x29,0x09,0x32,0x29,0x3a,0xa7,0x29,0xa7,0x29,0xa6,0x29,
    0xa7,0x29,0xa6,0x29,0x86,0x21,0x65,0x21,0x65,0x21,0x65,0x21,0x45,0x21,0x24,0x19,
    0x24,0x19,0x45,0x19,0x45,0x21,0x65,0x21,0x86,0x29,0xe7,0x31,0x28,0x3a,0x8a,0x4a,
    0x0c,0x53,0x6d,0x63,0xae,0x6b,0x10,0x74,0x30,0x7c,0x30,0x7c,0x30,0x7c,0x51,0x7c,
    0x10,0x74,0xef,0x73,0xae,0x6b,0x6d,0x63,0x6d,0x63,0x2c,0x5b,0x0c,0x53,0x0c,0x53,
    0xeb,0x52,0xec,0x52,0xaa,0x4a,0x8a,0x4a,0x28,0x3a,0xe7,0x31,0x65,0x21,0x04,0x19,
    0xe3,0x18,0xa2,0x08,0x41,0x00,0x41,0x00,0x00,0x00,0x00,0x00,0x00,0x00,0x00,0x00,
    0x00,0x00,0x00,0x00,0x00,0x00,0x00,0x00,0x00,0x00,0x00,0x00,0x00,0x00,0x00,0x00,
    0x00,0x00,0x00,0x00,0x00,0x00,0x00,0x00,0x00,0x00,0x00,0x00,0x00,0x00,0x00,0x00,
    0x00,0x00,0x00,0x00,0x61,0x08,0x45,0x21,0x21,0x00,0x41,0x08,0x00,0x00,0x08,0x3a,
    0xaf,0x6b,0xaa,0x42,0x8a,0x42,0x08,0x32,0x49,0x3a,0xae,0x6b,0x6d,0x63,0xeb,0x52,
    0xc7,0x31,0x41,0x00,0x20,0x00,0x20,0x00,0x41,0x00,0xa2,0x08,0x82,0x08,0xa2,0x08,
    0xe3,0x10,0x45,0x21,0x46,0x21,0x66,0x21,0x25,0x19,0x20,0x00,0xe3,0x10,0xef,0x6b,
    0x6d,0x5b,0xc2,0x08,0x41,0x00,0x62,0x08,0xa3,0x08,0x86,0x29,0x86,0x21,0x69,0x3a,
    0x6e,0x5b,0xeb,0x4a,0xaa,0x4a,0x4c,0x5b,0x28,0x42,0x00,0x00,0x20,0x00,0x00,0x00,
    0x00,0x00,0x00,0x00,0x00,0x00,0x00,0x00,0x21,0x00,0x82,0x08,0x62,0x00,0xe4,0x10,
    0xc3,0x10,0x21,0x00,0x00,0x00,0x00,0x00,0x21,0x00,0x00,0x00,0x61,0x08,0x41,0x00,
    0x21,0x00,0x69,0x42,0x04,0x19,0x04,0x11,0x08,0x32,0xeb,0x4a,0xc7,0x29,0x86,0x21,
    0x8a,0x42,0x49,0x3a,0xc3,0x10,0x82,0x08,0x86,0x29,0x45,0x21,0x20,0x00,0x8e,0x6b,
    0x92,0x8c,0x24,0x19,0x00,0x00,0x82,0x10,0x62,0x08,0x20,0x00,0x20,0x00,0x20,0x00,
    0x00,0x00,0x00,0x00,0x00,0x00,0x20,0x00,0x00,0x00,0x00,0x00,0x00,0x00,0x00,0x00,
    0x00,0x00,0x00,0x00,0x00,0x00,0x00,0x00,0x00,0x00,0x00,0x00,0x00,0x00,0x00,0x00,
    0x45,0x21,0xc8,0x31,0xa7,0x29,0xa7,0x29,0xc8,0x31,0xc7,0x31,0x86,0x21,0xc7,0x29,
    0x08,0x3a,0x86,0x29,0x24,0x19,0x04,0x19,0x03,0x11,0x04,0x19,0x24,0x19,0x65,0x21,
    0xa6,0x29,0xe7,0x31,0x49,0x3a,0x8a,0x42,0xeb,0x52,0x6d,0x63,0xae,0x6b,0x10,0x74,
    0x50,0x7c,0x50,0x7c,0x71,0x7c,0x51,0x7c,0x30,0x7c,0xef,0x73,0xae,0x6b,0x8e,0x63,
    0x2c,0x5b,0x2c,0x5b,0xeb,0x52,0xcb,0x4a,0xaa,0x4a,0x8a,0x42,0x69,0x42,0x49,0x42,
    0x08,0x3a,0xc7,0x31,0x86,0x29,0x45,0x21,0x24,0x21,0xe3,0x18,0x82,0x08,0x41,0x08,
    0x20,0x00,0x00,0x00,0x00,0x00,0x00,0x00,0x00,0x00,0x00,0x00,0x00,0x00,0x00,0x00,
    0x00,0x00,0x00,0x00,0x00,0x00,0x00,0x00,0x00,0x00,0x00,0x00,0x00,0x00,0x00,0x00,
    0x00,0x00,0x00,0x00,0x00,0x00,0x00,0x00,0x00,0x00,0x00,0x00,0x00,0x00,0x00,0x00,
    0x00,0x00,0x00,0x00,0x00,0x00,0x20,0x00,0x20,0x00,0x20,0x00,0x41,0x00,0xc6,0x31,
    0x66,0x29,0x62,0x08,0x41,0x00,0x41,0x00,0xab,0x4a,0x30,0x74,0xce,0x63,0xae,0x63,
    0x0c,0x53,0xa6,0x29,0xc2,0x08,0x20,0x00,0x00,0x00,0x20,0x00,0x41,0x00,0x00,0x00,
    0xe3,0x10,0x04,0x19,0x45,0x21,0x24,0x19,0x25,0x19,0x65,0x21,0x45,0x19,0x46,0x21,
    0xa7,0x29,0xa7,0x29,0x82,0x08,0xc3,0x10,0xce,0x6b,0x0f,0x74,0x65,0x21,0x81,0x00,
    0x21,0x00,0xe4,0x18,0xa7,0x29,0xa7,0x21,0xaa,0x42,0x6d,0x5b,0x2c,0x53,0x0b,0x53,
    0x20,0x00,0x41,0x00,0x41,0x00,0x00,0x00,0x00,0x00,0x00,0x00,0x20,0x00,0x20,0x00,
    0x04,0x19,0xa7,0x29,0x04,0x19,0x82,0x08,0x82,0x08,0x00,0x00,0x00,0x00,0x20,0x00,
    0x20,0x00,0xc3,0x10,0xc7,0x31,0x28,0x3a,0x25,0x19,0xe8,0x31,0x65,0x21,0x04,0x11,
    0x69,0x3a,0x69,0x3a,0xaa,0x42,0xaa,0x42,0x69,0x3a,0x66,0x21,0x24,0x19,0x45,0x19,
    0xc7,0x29,0xc3,0x10,0x21,0x00,0x20,0x00,0xe3,0x10,0x21,0x00,0x00,0x00,0x21,0x00,
    0x41,0x08,0x20,0x00,0x20,0x00,0x00,0x00,0x00,0x00,0x00,0x00,0x00,0x00,0x00,0x00,
    0x20,0x00,0x00,0x00,0x00,0x00,0x00,0x00,0x00,0x00,0x00,0x00,0x00,0x00,0x00,0x00,
    0x00,0x00,0x00,0x00,0x00,0x00,0x00,0x00,0x04,0x19,0x25,0x19,0x25,0x19,0xe4,0x10,
    0x45,0x19,0x25,0x19,0x45,0x21,0x45,0x21,0xc7,0x29,0x28,0x3a,0x08,0x32,0x8a,0x42,
    0xcb,0x4a,0x0c,0x53,0x8e,0x63,0xef,0x73,0x30,0x7c,0x51,0x7c,0x51,0x7c,0x30,0x7c,
    0x30,0x7c,0x10,0x74,0xcf,0x6b,0x6d,0x63,0x4c,0x5b,0xeb,0x4a,0xa9,0x42,0x89,0x42,
    0x28,0x3a,0x07,0x32,0xe7,0x31,0xe7,0x31,0xc7,0x31,0x86,0x21,0x65,0x21,0x25,0x21,
    0xe4,0x18,0xa3,0x10,0x62,0x08,0x21,0x00,0x20,0x00,0x00,0x00,0x00,0x00,0x00,0x00,
    0x00,0x00,0x00,0x00,0x00,0x00,0x00,0x00,0x00,0x00,0x00,0x00,0x00,0x00,0x00,0x00,
    0x00,0x00,0x00,0x00,0x00,0x00,0x00,0x00,0x00,0x00,0x00,0x00,0x00,0x00,0x00,0x00,
    0x00,0x00,0x00,0x00,0x00,0x00,0x00,0x00,0x00,0x00,0x00,0x00,0x00,0x00,0x00,0x00,
    0x00,0x00,0x00,0x00,0x20,0x00,0x20,0x00,0x20,0x00,0x21,0x00,0x41,0x00,0x21,0x00,
    0x41,0x08,0x41,0x00,0x41,0x00,0xc7,0x31,0xe7,0x31,0x66,0x29,0x82,0x08,0x62,0x00,
    0xe3,0x10,0x49,0x3a,0xaa,0x42,0x04,0x19,0x61,0x00,0x00,0x00,0x20,0x00,0x41,0x00,
    0x62,0x08,0x61,0x08,0x00,0x00,0x20,0x00,0xe3,0x10,0xe4,0x18,0xe3,0x10,0x82,0x08,
    0x25,0x19,0x86,0x21,0x86,0x21,0x66,0x21,0xa7,0x29,0xc7,0x29,0xa7,0x29,0x62,0x00,
    0xa2,0x08,0x6d,0x63,0x91,0x7c,0x89,0x42,0xc3,0x10,0x61,0x00,0xe4,0x10,0xa7,0x21,
    0x08,0x32,0xcb,0x4a,0x8d,0x63,0x03,0x19,0x20,0x00,0x82,0x10,0x00,0x00,0x00,0x00,
    0x00,0x00,0x00,0x00,0x00,0x00,0x00,0x00,0x41,0x00,0xe3,0x10,0x28,0x32,0x49,0x3a,
    0x04,0x19,0x21,0x00,0x00,0x00,0x00,0x00,0xe3,0x10,0x45,0x21,0x86,0x21,0xa6,0x29,
    0xc7,0x29,0xcb,0x4a,0xa6,0x29,0x08,0x3a,0x8e,0x63,0x4d,0x5b,0xaa,0x42,0xaa,0x42,
    0xcf,0x6b,0x6a,0x42,0x65,0x21,0x45,0x21,0x0c,0x53,0xe3,0x10,0x82,0x08,0x82,0x08,
    0x25,0x19,0x82,0x08,0x62,0x08,0x21,0x00,0x41,0x00,0x00,0x00,0x20,0x00,0x21,0x00,
    0x00,0x00,0x00,0x00,0x00,0x00,0x00,0x00,0x20,0x00,0x00,0x00,0x00,0x00,0x00,0x00,
    0x00,0x00,0x00,0x00,0x00,0x00,0x00,0x00,0x00,0x00,0x00,0x00,0x00,0x00,0x00,0x00,
    0x24,0x19,0x65,0x21,0xe7,0x31,0x28,0x3a,0xcb,0x4a,0x0c,0x53,0x6d,0x5b,0xcf,0x6b,
    0xf0,0x73,0x31,0x7c,0x71,0x7c,0x51,0x7c,0x31,0x7c,0x30,0x74,0xcf,0x6b,0xae,0x6b,
    0x6d,0x63,0x2c,0x5b,0xcb,0x52,0xaa,0x4a,0x69,0x42,0x08,0x3a,0xe7,0x31,0xc7,0x29,
    0xe7,0x31,0x85,0x21,0x44,0x19,0x04,0x19,0xe3,0x18,0x82,0x08,0x41,0x08,0x41,0x00,
    0x21,0x00,0x00,0x00,0x00,0x00,0x00,0x00,0x00,0x00,0x00,0x00,0x00,0x00,0x00,0x00,
    0x20,0x00,0x20,0x00,0x21,0x00,0x20,0x00,0x41,0x00,0x20,0x00,0x00,0x00,0xc3,0x18,
    0x04,0x21,0x00,0x00,0x00,0x00,0x20,0x00,0x00,0x00,0x00,0x00,0x00,0x00,0x00,0x00,
    0x00,0x00,0x00,0x00,0x00,0x00,0x00,0x00,0x00,0x00,0x00,0x00,0x00,0x00,0x00,0x00,
    0x00,0x00,0x00,0x00,0x00,0x00,0x20,0x00,0x21,0x00,0x41,0x00,0x41,0x08,0x41,0x00,
    0x61,0x08,0x62,0x08,0x62,0x08,0x21,0x00,0x41,0x00,0x21,0x00,0x41,0x00,0xc7,0x29,
    0xaa,0x42,0x45,0x19,0xa7,0x29,0x45,0x21,0x04,0x11,0xa2,0x08,0x25,0x19,0x41,0x00,
    0x00,0x00,0x41,0x00,0x41,0x08,0x20,0x00,0x41,0x00,0x21,0x00,0x00,0x00,0x82,0x10,
    0xe3,0x10,0xc2,0x08,0x86,0x29,0x65,0x21,0x65,0x21,0xa7,0x29,0xa7,0x29,0xa6,0x21,
    0xa7,0x21,0x87,0x21,0x86,0x29,0xe4,0x10,0x41,0x00,0xe3,0x10,0x0b,0x4b,0x91,0x7c,
    0xce,0x63,0x08,0x32,0x65,0x19,0xe8,0x29,0x08,0x32,0x8a,0x42,0x65,0x21,0x20,0x00,
    0xc3,0x18,0x20,0x00,0x00,0x00,0x00,0x00,0x00,0x00,0x00,0x00,0x00,0x00,0x00,0x00,
    0x41,0x00,0x08,0x32,0xc7,0x29,0x45,0x19,0x08,0x3a,0x00,0x00,0x21,0x00,0x04,0x19,
    0xc3,0x08,0xe7,0x31,0x8a,0x42,0x41,0x00,0x69,0x42,0xcf,0x73,0xa7,0x29,0xc7,0x29,
    0x8e,0x63,0xaa,0x4a,0xe8,0x31,0x08,0x32,0xcf,0x6b,0x08,0x32,0x04,0x19,0x82,0x08,
    0xef,0x73,0x04,0x19,0x82,0x10,0xc3,0x10,0x2c,0x5b,0x62,0x08,0xc3,0x10,0xe4,0x18,
    0x82,0x10,0x20,0x00,0x00,0x00,0x41,0x08,0x21,0x00,0x21,0x00,0x20,0x00,0x00,0x00,
    0x20,0x00,0x00,0x00,0x00,0x00,0x00,0x00,0x00,0x00,0x00,0x00,0x00,0x00,0x00,0x00,
    0x00,0x00,0x00,0x00,0x00,0x00,0x00,0x00,0xef,0x73,0x30,0x7c,0x51,0x7c,0x71,0x84,
    0x71,0x7c,0x51,0x7c,0x10,0x74,0xcf,0x6b,0x8e,0x63,0x2d,0x5b,0x2c,0x5b,0xeb,0x52,
    0xec,0x52,0x8a,0x4a,0x08,0x32,0xe8,0x31,0xa6,0x29,0x45,0x21,0x45,0x21,0x24,0x19,
    0xe3,0x18,0xc3,0x10,0x82,0x08,0x41,0x00,0x41,0x00,0x20,0x00,0x00,0x00,0x00,0x00,
    0x00,0x00,0x20,0x00,0x21,0x00,0x00,0x00,0x00,0x00,0x21,0x00,0xa3,0x10,0x62,0x08,
    0x62,0x08,0x41,0x08,0x21,0x00,0x21,0x00,0x41,0x00,0x21,0x00,0x21,0x00,0x21,0x00,
    0x21,0x00,0x00,0x00,0xc3,0x10,0xaa,0x52,0xa2,0x10,0x00,0x00,0x20,0x00,0x20,0x00,
    0x00,0x00,0x00,0x00,0x00,0x00,0x00,0x00,0x00,0x00,0x00,0x00,0x00,0x00,0x00,0x00,
    0x00,0x00,0x00,0x00,0x00,0x00,0x00,0x00,0x00,0x00,0x00,0x00,0x21,0x00,0x41,0x00,
    0x41,0x00,0x62,0x08,0x82,0x08,0x82,0x08,0x82,0x08,0x82,0x08,0x82,0x08,0x21,0x00,
    0x21,0x00,0x82,0x08,0x25,0x19,0xc3,0x10,0x45,0x19,0x28,0x32,0x45,0x19,0x66,0x21,
    0x86,0x29,0x45,0x21,0xe4,0x18,0x41,0x08,0x00,0x00,0x20,0x00,0x41,0x08,0x62,0x08,
    0x00,0x00,0x00,0x00,0x21,0x00,0xc3,0x10,0xe3,0x10,0xa2,0x08,0x24,0x19,0xc7,0x29,
    0xc7,0x31,0x24,0x19,0xa6,0x21,0xe8,0x29,0xc7,0x29,0xa6,0x21,0x45,0x21,0xc3,0x10,
    0x62,0x08,0x41,0x00,0xa2,0x08,0x48,0x3a,0x30,0x74,0x71,0x7c,0xae,0x63,0xcb,0x42,
    0x69,0x3a,0x08,0x32,0x24,0x21,0x82,0x10,0x41,0x08,0x00,0x00,0x00,0x00,0x00,0x00,
    0x00,0x00,0x00,0x00,0x00,0x00,0x00,0x00,0xa2,0x08,0x49,0x42,0xe7,0x31,0xa2,0x08,
    0x82,0x08,0x21,0x00,0xc3,0x10,0xeb,0x52,0x20,0x00,0xcb,0x52,0xaa,0x4a,0xa2,0x08,
    0xe7,0x31,0x69,0x42,0x45,0x19,0x45,0x19,0x4d,0x5b,0x08,0x32,0xc7,0x29,0x08,0x32,
    0x49,0x3a,0xc7,0x29,0x45,0x21,0x04,0x11,0x8e,0x63,0xc3,0x10,0xe4,0x18,0x25,0x21,
    0xec,0x5a,0x00,0x00,0x00,0x00,0xe8,0x39,0x45,0x29,0x41,0x08,0x62,0x08,0x00,0x00,
    0x00,0x00,0x00,0x00,0x20,0x00,0x00,0x00,0x20,0x00,0x00,0x00,0x00,0x00,0x00,0x00,
    0x00,0x00,0x00,0x00,0x00,0x00,0x00,0x00,0x00,0x00,0x00,0x00,0x00,0x00,0x00,0x00,
    0x6d,0x5b,0x4d,0x5b,0xeb,0x4a,0x8a,0x42,0x6a,0x42,0x28,0x3a,0xc7,0x31,0xa7,0x29,
    0xa7,0x31,0xa7,0x31,0x45,0x21,0x25,0x21,0x25,0x21,0xe4,0x18,0x82,0x08,0x41,0x00,
    0x20,0x00,0x00,0x00,0x00,0x00,0x00,0x00,0x00,0x00,0x00,0x00,0x00,0x00,0x00,0x00,
    0x21,0x00,0x21,0x00,0x41,0x08,0xc3,0x10,0x82,0x08,0x82,0x10,0x41,0x08,0x00,0x00,
    0x00,0x00,0x04,0x21,0xe4,0x18,0xa3,0x10,0x82,0x08,0x62,0x08,0x41,0x00,0x21,0x00,
    0x41,0x00,0x21,0x00,0x21,0x00,0x21,0x00,0x00,0x00,0x41,0x00,0x8a,0x4a,0x45,0x19,
    0x00,0x00,0x20,0x00,0x20,0x00,0x00,0x00,0x00,0x00,0x00,0x00,0x00,0x00,0x00,0x00,
    0x00,0x00,0x00,0x00,0x00,0x00,0x00,0x00,0x00,0x00,0x00,0x00,0x00,0x00,0x00,0x00,
    0x00,0x00,0x21,0x00,0x41,0x08,0x61,0x08,0x62,0x08,0x82,0x08,0x82,0x08,0x82,0x08,
    0x82,0x08,0xa3,0x10,0x62,0x08,0x00,0x00,0xe4,0x18,0x08,0x3a,0x86,0x29,0x65,0x21,
    0xa2,0x08,0x45,0x21,0x49,0x42,0xc7,0x29,0x86,0x21,0x24,0x11,0xe4,0x10,0x04,0x19,
    0xa2,0x10,0x41,0x08,0x41,0x08,0x41,0x08,0x20,0x00,0x00,0x00,0x82,0x08,0xe3,0x10,
    0xc2,0x08,0xa2,0x08,0xc3,0x10,0x65,0x21,0x08,0x32,0x08,0x32,0x45,0x19,0xa6,0x21,
    0x08,0x2a,0xc7,0x29,0x45,0x19,0xa3,0x08,0x62,0x08,0x82,0x08,0x41,0x00,0x62,0x08,
    0xe3,0x10,0x07,0x32,0x8a,0x42,0x6a,0x42,0xa7,0x29,0x04,0x19,0x04,0x19,0x21,0x00,
    0x20,0x00,0x00,0x00,0x00,0x00,0x00,0x00,0x20,0x00,0x20,0x00,0x00,0x00,0x00,0x00,
    0x41,0x08,0xc7,0x31,0x45,0x19,0x82,0x00,0x41,0x00,0x86,0x29,0xe3,0x18,0xcb,0x4a,
    0x20,0x00,0xa7,0x29,0xa6,0x29,0x24,0x19,0x45,0x19,0x08,0x32,0x8e,0x63,0xcb,0x4a,
    0x45,0x19,0xcb,0x4a,0xef,0x73,0xeb,0x4a,0xa7,0x29,0xa6,0x29,0x04,0x11,0x04,0x19,
    0xc3,0x08,0x04,0x19,0x62,0x08,0x41,0x08,0xc3,0x10,0x00,0x00,0x00,0x00,0x8a,0x4a,
    0xe4,0x18,0x00,0x00,0x25,0x21,0xa2,0x10,0x41,0x08,0x41,0x08,0x00,0x00,0x00,0x00,
    0x20,0x00,0x00,0x00,0x00,0x00,0x00,0x00,0x00,0x00,0x00,0x00,0x00,0x00,0x00,0x00,
    0x00,0x00,0x00,0x00,0x00,0x00,0x00,0x00,0x86,0x21,0x65,0x21,0x65,0x21,0xe4,0x10,
    0xe3,0x10,0xc3,0x10,0xa3,0x10,0x41,0x08,0x20,0x00,0x41,0x00,0x20,0x00,0x00,0x00,
    0x00,0x00,0x00,0x00,0x00,0x00,0x00,0x00,0x20,0x00,0x21,0x00,0x21,0x00,0x21,0x00,
    0x41,0x08,0x21,0x00,0x21,0x00,0x41,0x00,0x21,0x00,0x42,0x00,0xa3,0x10,0x62,0x08,
    0xa3,0x10,0x41,0x08,0x00,0x00,0x00,0x00,0xe4,0x18,0x04,0x19,0xa2,0x08,0x82,0x08,
    0x61,0x00,0x21,0x00,0x41,0x00,0x41,0x00,0x41,0x00,0x21,0x00,0x41,0x00,0x00,0x00,
    0x00,0x00,0x08,0x3a,0x08,0x3a,0x00,0x00,0x00,0x00,0x21,0x00,0x00,0x00,0x00,0x00,
    0x00,0x00,0x00,0x00,0x00,0x00,0x00,0x00,0x00,0x00,0x00,0x00,0x00,0x00,0x00,0x00,
    0x00,0x00,0x00,0x00,0x00,0x00,0x00,0x00,0x00,0x00,0x41,0x08,0x62,0x08,0x62,0x08,
    0x62,0x08,0x82,0x08,0x82,0x08,0xa3,0x08,0x82,0x08,0xc3,0x10,0x61,0x00,0x82,0x08,
    0xe8,0x39,0xa7,0x29,0x04,0x11,0x66,0x21,0x08,0x3a,0xc3,0x10,0xc3,0x10,0xc7,0x31,
    0x69,0x42,0x49,0x32,0x69,0x3a,0xe8,0x31,0xc3,0x18,0x41,0x08,0x41,0x00,0x21,0x00,
    0x00,0x00,0x00,0x00,0xa2,0x08,0xa2,0x08,0xa2,0x08,0xc3,0x10,0x04,0x11,0x25,0x19,
    0xc7,0x29,0x29,0x3a,0x28,0x32,0x04,0x11,0xe7,0x29,0x08,0x32,0x45,0x19,0xe3,0x10,
    0x82,0x08,0x82,0x08,0x82,0x08,0x42,0x08,0x82,0x08,0x20,0x00,0x21,0x00,0x21,0x00,
    0x41,0x00,0x41,0x00,0x20,0x00,0x00,0x00,0x00,0x00,0x00,0x00,0x00,0x00,0x00,0x00,
    0x00,0x00,0x00,0x00,0x00,0x00,0x00,0x00,0x00,0x00,0x00,0x00,0x62,0x08,0x82,0x08,
    0xe4,0x18,0x28,0x3a,0x21,0x00,0x04,0x19,0x82,0x08,0xa2,0x08,0xc3,0x08,0x65,0x21,
    0xa6,0x29,0x28,0x3a,0x10,0x74,0x8e,0x63,0xaa,0x4a,0xef,0x73,0x0c,0x53,0xef,0x73,
    0xc7,0x29,0xa7,0x29,0x65,0x21,0x45,0x19,0x04,0x11,0x04,0x19,0xa3,0x10,0x21,0x00,
    0x21,0x00,0x25,0x19,0x00,0x00,0x28,0x42,0xc3,0x10,0x00,0x00,0x08,0x3a,0xc3,0x10,
    0x41,0x00,0x82,0x10,0x62,0x08,0x20,0x00,0x20,0x00,0x00,0x00,0x00,0x00,0x00,0x00,
    0x00,0x00,0x00,0x00,0x00,0x00,0x00,0x00,0x00,0x00,0x00,0x00,0x00,0x00,0x00,0x00,
    0x41,0x00,0x21,0x00,0x41,0x00,0x21,0x00,0x20,0x00,0x00,0x00,0x00,0x00,0x00,0x00,
    0x21,0x00,0x21,0x00,0x21,0x00,0x41,0x00,0x41,0x00,0x41,0x00,0x21,0x00,0x21,0x00,
    0x21,0x00,0x21,0x00,0x21,0x00,0x20,0x00,0x20,0x00,0x21,0x00,0x21,0x00,0x41,0x00,
    0x42,0x00,0xa3,0x08,0x82,0x08,0xa2,0x08,0x61,0x08,0x00,0x00,0x00,0x00,0xe4,0x18,
    0x45,0x21,0xc3,0x10,0xa2,0x08,0x82,0x08,0x41,0x00,0x41,0x00,0x41,0x00,0x41,0x00,
    0x21,0x00,0x41,0x00,0x21,0x00,0x00,0x00,0x66,0x29,0x8a,0x4a,0x20,0x00,0x00,0x00,
    0x21,0x00,0x20,0x00,0x00,0x00,0x00,0x00,0x00,0x00,0x00,0x00,0x00,0x00,0x00,0x00,
    0x00,0x00,0x00,0x00,0x00,0x00,0x00,0x00,0x00,0x00,0x00,0x00,0x00,0x00,0x00,0x00,
    0x41,0x00,0x62,0x08,0x62,0x08,0x62,0x08,0x62,0x08,0x82,0x08,0x82,0x08,0x82,0x08,
    0xa3,0x10,0xa3,0x10,0x61,0x00,0x04,0x19,0x86,0x29,0x08,0x32,0x08,0x32,0x08,0x32,
    0xa6,0x29,0xe7,0x31,0x65,0x21,0x41,0x00,0x04,0x19,0x8a,0x42,0xc7,0x29,0xc3,0x08,
    0x41,0x00,0x21,0x00,0x41,0x00,0x21,0x00,0x00,0x00,0x41,0x00,0xc3,0x10,0xa3,0x08,
    0xc3,0x10,0xc3,0x10,0x04,0x19,0x04,0x11,0x86,0x29,0xa7,0x29,0x08,0x32,0x49,0x3a,
    0x45,0x19,0xc7,0x29,0x08,0x3a,0x25,0x19,0xa2,0x08,0x82,0x08,0x82,0x08,0x45,0x21,
    0xcb,0x4a,0x04,0x19,0x25,0x21,0xc7,0x31,0x41,0x08,0x41,0x00,0x00,0x00,0x00,0x00,
    0x00,0x00,0x00,0x00,0x00,0x00,0x00,0x00,0x00,0x00,0x00,0x00,0x00,0x00,0x00,0x00,
    0x00,0x00,0x00,0x00,0x00,0x00,0x82,0x08,0xa6,0x29,0x28,0x3a,0x04,0x19,0xa3,0x08,
    0xc3,0x10,0xe4,0x10,0x04,0x19,0x86,0x21,0xa6,0x29,0x2c,0x5b,0x71,0x84,0xcb,0x4a,
    0x86,0x29,0x6d,0x63,0xf0,0x73,0xec,0x52,0x86,0x21,0x45,0x19,0x04,0x19,0x45,0x19,
    0xc3,0x10,0x82,0x08,0x82,0x08,0x41,0x00,0x62,0x08,0xab,0x4a,0x4d,0x63,0x41,0x00,
    0x61,0x08,0x00,0x00,0x04,0x21,0x41,0x08,0x20,0x00,0xc3,0x18,0x41,0x00,0x41,0x00,
    0x00,0x00,0x00,0x00,0x00,0x00,0x00,0x00,0x00,0x00,0x00,0x00,0x00,0x00,0x00,0x00,
    0x00,0x00,0x00,0x00,0x00,0x00,0x00,0x00,0x82,0x08,0xa3,0x10,0xc3,0x10,0xe4,0x18,
    0x82,0x08,0x41,0x00,0x21,0x00,0x41,0x00,0x41,0x00,0x21,0x00,0x21,0x00,0x41,0x00,
    0x41,0x00,0x21,0x00,0x21,0x00,0x21,0x00,0x21,0x00,0x21,0x00,0x21,0x00,0x21,0x00,
    0x21,0x00,0x21,0x00,0x41,0x00,0x41,0x00,0xa3,0x10,0xa3,0x10,0xa2,0x08,0x61,0x08,
    0x00,0x00,0x00,0x00,0xc3,0x10,0x65,0x29,0xe3,0x10,0xa2,0x08,0xa2,0x10,0x41,0x00,
    0x41,0x00,0x41,0x00,0x21,0x00,0x21,0x00,0x21,0x00,0x41,0x00,0x00,0x00,0x04,0x19,
    0xeb,0x5a,0x62,0x08,0x00,0x00,0x20,0x00,0x21,0x00,0x00,0x00,0x00,0x00,0x00,0x00,
    0x00,0x00,0x00,0x00,0x00,0x00,0x00,0x00,0x00,0x00,0x00,0x00,0x00,0x00,0x00,0x00,
    0x00,0x00,0x00,0x00,0x00,0x00,0x20,0x00,0x61,0x08,0x62,0x08,0x62,0x08,0x62,0x08,
    0x82,0x08,0xa2,0x08,0xa2,0x08,0x82,0x08,0x82,0x08,0xa3,0x10,0x62,0x08,0xe7,0x31,
    0x86,0x29,0xc3,0x10,0xe8,0x31,0x0c,0x53,0x69,0x42,0xa6,0x29,0x86,0x29,0x24,0x19,
    0x25,0x19,0x0c,0x5b,0xe7,0x31,0xe4,0x10,0x82,0x08,0x41,0x00,0x41,0x00,0x41,0x00,
    0x21,0x00,0xa3,0x10,0xc3,0x10,0xc3,0x10,0xe3,0x10,0x04,0x19,0x24,0x19,0x45,0x19,
    0x66,0x21,0xc7,0x29,0xa7,0x21,0x08,0x32,0x08,0x32,0x65,0x19,0xe7,0x29,0x29,0x3a,
    0x25,0x19,0xe3,0x10,0x25,0x19,0xab,0x4a,0xcb,0x52,0xc3,0x08,0xaa,0x4a,0xcb,0x52,
    0x41,0x00,0x61,0x08,0x41,0x08,0x41,0x08,0x20,0x00,0x00,0x00,0x00,0x00,0x00,0x00,
    0x00,0x00,0x00,0x00,0x00,0x00,0x00,0x00,0x00,0x00,0x00,0x00,0x00,0x00,0x82,0x08,
    0x61,0x00,0x6d,0x63,0x08,0x3a,0x82,0x08,0xa3,0x10,0xc3,0x10,0xc3,0x10,0x65,0x21,
    0x65,0x21,0x08,0x32,0x69,0x42,0x28,0x3a,0x08,0x32,0x86,0x29,0x66,0x21,0x45,0x21,
    0x65,0x21,0xe3,0x10,0xa2,0x08,0xc3,0x10,0xa3,0x10,0x82,0x08,0x41,0x00,0x21,0x00,
    0x04,0x19,0x4d,0x63,0xeb,0x52,0x04,0x19,0xcb,0x52,0x28,0x3a,0x00,0x00,0x00,0x00,
    0x62,0x08,0x65,0x29,0x00,0x00,0xe3,0x18,0x41,0x08,0x00,0x00,0x00,0x00,0x00,0x00,
    0x00,0x00,0x00,0x00,0x00,0x00,0x00,0x00,0x00,0x00,0x00,0x00,0x00,0x00,0x00,0x00,
    0x04,0x19,0x04,0x19,0xe4,0x10,0x82,0x08,0x20,0x00,0x20,0x00,0x21,0x00,0x21,0x00,
    0x21,0x00,0x21,0x00,0x41,0x00,0x21,0x00,0x21,0x00,0x21,0x00,0x21,0x00,0x21,0x00,
    0x21,0x00,0x21,0x00,0x21,0x00,0x21,0x00,0x21,0x00,0x41,0x00,0x41,0x00,0xc3,0x10,
    0xa3,0x10,0x82,0x10,0x62,0x08,0x00,0x00,0x00,0x00,0xc3,0x10,0xa7,0x29,0xe3,0x10,
    0xa2,0x08,0xc3,0x10,0x20,0x00,0x41,0x00,0x41,0x00,0x21,0x00,0x21,0x00,0x41,0x00,
    0x41,0x00,0x00,0x00,0x62,0x08,0xec,0x5a,0x04,0x19,0x00,0x00,0x21,0x00,0x20,0x00,
    0x00,0x00,0x00,0x00,0x00,0x00,0x00,0x00,0x00,0x00,0x00,0x00,0x00,0x00,0x00,0x00,
    0x00,0x00,0x00,0x00,0x00,0x00,0x00,0x00,0x00,0x00,0x00,0x00,0x20,0x00,0x41,0x08,
    0x61,0x08,0x41,0x00,0x41,0x08,0x62,0x08,0x82,0x08,0x82,0x08,0x82,0x08,0xa2,0x08,
    0x82,0x08,0xa3,0x10,0x41,0x00,0xa3,0x08,0xe8,0x31,0x08,0x3a,0x25,0x19,0xe4,0x10,
    0xcb,0x4a,0xaa,0x4a,0x86,0x29,0x25,0x21,0xe4,0x10,0xa7,0x31,0xa7,0x29,0xa3,0x08,
    0x82,0x08,0x62,0x08,0x41,0x00,0x41,0x00,0x41,0x00,0xc3,0x10,0xa3,0x10,0xc3,0x10,
    0xe3,0x10,0xe3,0x10,0x04,0x11,0x45,0x19,0x86,0x21,0x49,0x3a,0x8a,0x42,0x08,0x32,
    0xc7,0x29,0xaa,0x4a,0xa6,0x21,0xa7,0x29,0xcb,0x4a,0x28,0x32,0xaa,0x42,0x8e,0x63,
    0x29,0x3a,0x82,0x00,0xcb,0x52,0xa6,0x29,0x20,0x00,0x61,0x08,0x41,0x00,0x20,0x00,
    0x00,0x00,0x82,0x08,0x00,0x00,0x00,0x00,0x00,0x00,0x00,0x00,0x00,0x00,0x00,0x00,
    0x00,0x00,0x00,0x00,0x00,0x00,0x82,0x10,0x8a,0x4a,0x30,0x7c,0xc7,0x31,0x41,0x00,
    0xe4,0x10,0xa2,0x08,0xe4,0x10,0xa7,0x29,0xe3,0x10,0xc3,0x08,0x45,0x19,0x45,0x19,
    0x25,0x19,0xa6,0x29,0xe8,0x31,0x04,0x11,0xe3,0x10,0xa3,0x08,0x41,0x00,0x41,0x00,
    0x82,0x08,0x62,0x08,0xa3,0x08,0x20,0x00,0x04,0x19,0x6d,0x63,0x49,0x42,0x61,0x08,
    0x49,0x3a,0xca,0x52,0x61,0x08,0x41,0x08,0x41,0x08,0x82,0x10,0x00,0x00,0x41,0x08,
    0x41,0x08,0x00,0x00,0x00,0x00,0x00,0x00,0x00,0x00,0x00,0x00,0x00,0x00,0x00,0x00,
    0x00,0x00,0x00,0x00,0x00,0x00,0x00,0x00,0x04,0x11,0xe4,0x10,0x62,0x00,0x21,0x00,
    0x21,0x00,0x21,0x00,0x21,0x00,0x21,0x00,0x41,0x00,0x41,0x00,0x21,0x00,0x21,0x00,
    0x21,0x00,0x21,0x00,0x21,0x00,0x21,0x00,0x20,0x00,0x20,0x00,0x21,0x00,0x21,0x00,
    0x41,0x00,0x41,0x00,0xc3,0x10,0xa3,0x10,0xa3,0x10,0x62,0x08,0x00,0x00,0x00,0x00,
    0xa3,0x10,0xe7,0x31,0x24,0x19,0xe3,0x10,0xc3,0x10,0x41,0x00,0x41,0x00,0x41,0x00,
    0x21,0x00,0x21,0x00,0x21,0x00,0x21,0x00,0x00,0x00,0x21,0x00,0x8a,0x4a,0xa6,0x31,
    0x00,0x00,0x20,0x00,0x21,0x00,0x00,0x00,0x00,0x00,0x00,0x00,0x00,0x00,0x00,0x00,
    0x00,0x00,0x00,0x00,0x00,0x00,0x00,0x00,0x00,0x00,0x00,0x00,0x00,0x00,0x00,0x00,
    0x00,0x00,0x00,0x00,0x41,0x00,0x61,0x08,0x61,0x08,0x61,0x08,0x61,0x08,0x62,0x08,
    0x82,0x08,0x82,0x08,0x82,0x08,0xa2,0x08,0xa2,0x08,0xa3,0x10,0x41,0x00,0x21,0x00,
    0xe4,0x10,0x86,0x29,0x69,0x42,0xc7,0x31,0xc3,0x08,0xc7,0x29,0x08,0x3a,0x45,0x21,
    0xc3,0x10,0xe4,0x10,0x86,0x29,0x41,0x00,0x62,0x08,0x82,0x08,0x41,0x00,0x21,0x00,
    0x82,0x08,0xa3,0x10,0xa2,0x08,0xc3,0x10,0x82,0x08,0x41,0x00,0x82,0x08,0xa2,0x08,
    0xe4,0x10,0x04,0x11,0xe8,0x29,0x8a,0x42,0x69,0x3a,0x69,0x3a,0x8a,0x42,0x65,0x19,
    0x28,0x32,0x0c,0x53,0x2c,0x53,0x0c,0x53,0xa7,0x29,0xe3,0x10,0xcb,0x52,0xe3,0x18,
    0x41,0x00,0x21,0x00,0x20,0x00,0x21,0x00,0xa3,0x08,0x66,0x29,0x61,0x08,0x00,0x00,
    0x00,0x00,0x00,0x00,0x00,0x00,0x00,0x00,0x00,0x00,0x00,0x00,0x00,0x00,0xc3,0x10,
    0xab,0x4a,0x49,0x3a,0x45,0x19,0x04,0x19,0xc3,0x10,0x04,0x19,0x49,0x42,0xcb,0x4a,
    0x08,0x32,0xa6,0x21,0x28,0x32,0x08,0x32,0x28,0x32,0x08,0x32,0x08,0x32,0x66,0x21,
    0x45,0x21,0x04,0x19,0xa2,0x10,0x41,0x00,0x41,0x00,0x62,0x08,0xc3,0x10,0x25,0x19,
    0x82,0x08,0x00,0x00,0xa3,0x10,0x00,0x00,0xa6,0x29,0x4c,0x5b,0x61,0x08,0x00,0x00,
    0x20,0x00,0x00,0x00,0x00,0x00,0x00,0x00,0x00,0x00,0x00,0x00,0x00,0x00,0x00,0x00,
    0x00,0x00,0x00,0x00,0x00,0x00,0x00,0x00,0x00,0x00,0x00,0x00,0x00,0x00,0x00,0x00,
    0x04,0x19,0x62,0x00,0x20,0x00,0x21,0x00,0x41,0x00,0x21,0x00,0x20,0x00,0x41,0x00,
    0x41,0x00,0x21,0x00,0x21,0x00,0x21,0x00,0x21,0x00,0x21,0x00,0x21,0x00,0x21,0x00,
    0x21,0x00,0x20,0x00,0x21,0x00,0x41,0x00,0x21,0x00,0xc3,0x10,0xc3,0x10,0xa3,0x08,
    0x82,0x10,0x00,0x00,0x00,0x00,0xa3,0x10,0xe8,0x31,0x45,0x21,0xe3,0x10,0xe4,0x10,
    0x61,0x08,0x41,0x00,0x41,0x00,0x21,0x00,0x41,0x00,0x21,0x00,0x41,0x08,0x00,0x00,
    0x00,0x00,0x29,0x42,0x49,0x42,0x00,0x00,0x00,0x00,0x41,0x00,0x00,0x00,0x00,0x00,
    0x00,0x00,0x00,0x00,0x00,0x00,0x00,0x00,0x00,0x00,0x00,0x00,0x00,0x00,0x00,0x00,
    0x00,0x00,0x00,0x00,0x00,0x00,0x00,0x00,0x00,0x00,0x20,0x00,0x41,0x00,0x61,0x08,
    0x61,0x08,0x62,0x08,0x62,0x08,0x62,0x08,0x82,0x08,0xa2,0x08,0xa2,0x08,0xa3,0x10,
    0xa3,0x10,0xc3,0x10,0x41,0x08,0x20,0x00,0x25,0x19,0x45,0x19,0x04,0x11,0x49,0x3a,
    0xaa,0x4a,0x45,0x19,0x65,0x21,0xa6,0x29,0xa2,0x08,0x61,0x00,0x45,0x21,0xa3,0x10,
    0x41,0x00,0x82,0x08,0x62,0x08,0x62,0x08,0xc3,0x10,0xa3,0x10,0x82,0x08,0xa2,0x10,
    0xc3,0x10,0x82,0x08,0x66,0x29,0xa3,0x08,0x08,0x32,0x29,0x3a,0x8a,0x42,0xc7,0x29,
    0x04,0x11,0xe7,0x29,0x6a,0x42,0xaa,0x42,0x07,0x2a,0xc7,0x21,0x0b,0x4b,0xeb,0x4a,
    0x86,0x21,0xc3,0x10,0x86,0x29,0x61,0x08,0x00,0x00,0x00,0x00,0x62,0x08,0x45,0x21,
    0xc3,0x10,0xc3,0x10,0xa2,0x10,0x00,0x00,0x00,0x00,0x00,0x00,0x00,0x00,0x00,0x00,
    0x00,0x00,0x00,0x00,0x20,0x00,0x25,0x21,0x45,0x21,0xa6,0x21,0x49,0x3a,0x66,0x21,
    0x45,0x19,0x86,0x21,0x69,0x3a,0x8a,0x42,0x08,0x2a,0xc7,0x29,0x8a,0x42,0x8a,0x42,
    0x8a,0x42,0xaa,0x42,0x08,0x32,0xe7,0x29,0xc7,0x29,0x86,0x29,0xa3,0x10,0xa3,0x10,
    0xc3,0x10,0x04,0x19,0x86,0x21,0xe7,0x31,0x86,0x29,0x41,0x00,0x21,0x00,0x20,0x00,
    0x41,0x00,0x61,0x08,0x00,0x00,0x00,0x00,0x20,0x00,0x00,0x00,0x00,0x00,0x00,0x00,
    0x00,0x00,0x00,0x00,0x00,0x00,0x00,0x00,0x00,0x00,0x00,0x00,0x00,0x00,0x00,0x00,
    0x00,0x00,0x00,0x00,0x00,0x00,0x00,0x00,0x82,0x08,0x20,0x00,0x41,0x00,0x41,0x00,
    0x21,0x00,0x21,0x00,0x61,0x00,0x41,0x00,0x21,0x00,0x21,0x00,0x21,0x00,0x21,0x00,
    0x21,0x00,0x21,0x00,0x21,0x00,0x21,0x00,0x20,0x00,0x41,0x00,0x41,0x00,0x21,0x00,
    0xe4,0x10,0xc3,0x10,0xa3,0x08,0xa2,0x10,0x00,0x00,0x00,0x00,0xa2,0x10,0x08,0x3a,
    0x66,0x21,0x24,0x19,0x04,0x11,0x82,0x08,0x21,0x00,0x41,0x00,0x21,0x00,0x21,0x00,
    0x20,0x00,0x41,0x00,0x20,0x00,0x00,0x00,0x66,0x29,0xcb,0x52,0x41,0x00,0x00,0x00,
    0x21,0x00,0x21,0x00,0x00,0x00,0x00,0x00,0x00,0x00,0x00,0x00,0x00,0x00,0x00,0x00,
    0x00,0x00,0x00,0x00,0x00,0x00,0x00,0x00,0x00,0x00,0x00,0x00,0x00,0x00,0x00,0x00,
    0x20,0x00,0x61,0x08,0x61,0x08,0x62,0x08,0x62,0x08,0x62,0x08,0x62,0x08,0x62,0x08,
    0x82,0x08,0x82,0x08,0x82,0x08,0x82,0x08,0x82,0x08,0xe4,0x18,0x61,0x08,0x00,0x00,
    0xe4,0x18,0xa7,0x29,0xe4,0x10,0xe4,0x10,0xe7,0x31,0xaa,0x4a,0xc7,0x29,0x65,0x21,
    0x41,0x00,0x45,0x21,0xe8,0x31,0x04,0x19,0x82,0x08,0x82,0x08,0x62,0x08,0xc3,0x10,
    0xa3,0x10,0x82,0x08,0x61,0x08,0x41,0x00,0xc3,0x18,0x61,0x08,0x41,0x08,0x41,0x00,
    0x25,0x19,0xc7,0x31,0xcb,0x4a,0x6a,0x42,0xe4,0x10,0x82,0x08,0x08,0x32,0xaa,0x42,
    0xcb,0x42,0x48,0x32,0x86,0x19,0x28,0x32,0xa6,0x29,0xa3,0x08,0x61,0x00,0x41,0x00,
    0x61,0x08,0x45,0x21,0x24,0x19,0xe3,0x10,0xa2,0x08,0xc3,0x10,0x82,0x08,0x21,0x00,
    0x00,0x00,0x00,0x00,0x00,0x00,0x00,0x00,0x00,0x00,0x00,0x00,0x61,0x08,0xe3,0x10,
    0x45,0x19,0xcb,0x42,0x8a,0x42,0xe8,0x31,0xa6,0x29,0x86,0x21,0x69,0x3a,0x69,0x3a,
    0xe7,0x29,0xc7,0x21,0x49,0x32,0x8a,0x42,0x8a,0x3a,0x69,0x3a,0x08,0x2a,0x86,0x21,
    0x86,0x21,0x65,0x21,0xa2,0x08,0xa3,0x10,0x04,0x11,0x45,0x21,0xe7,0x29,0x69,0x42,
    0xe7,0x31,0x61,0x00,0x41,0x00,0x41,0x00,0x20,0x00,0x20,0x00,0x41,0x00,0x20,0x00,
    0x00,0x00,0x00,0x00,0x00,0x00,0x00,0x00,0x00,0x00,0x00,0x00,0x00,0x00,0x00,0x00,
    0x00,0x00,0x00,0x00,0x00,0x00,0x00,0x00,0x00,0x00,0x00,0x00,0x00,0x00,0x21,0x00,
    0x21,0x00,0x21,0x00,0x41,0x00,0x00,0x00,0x41,0x08,0x82,0x08,0x41,0x00,0x21,0x00,
    0x21,0x00,0x21,0x00,0x21,0x00,0x21,0x00,0x21,0x00,0x41,0x00,0x41,0x00,0x21,0x00,
    0x41,0x00,0x41,0x00,0x21,0x00,0x04,0x19,0xe3,0x10,0xa3,0x10,0x82,0x08,0x00,0x00,
    0x00,0x00,0xa3,0x10,0x08,0x3a,0x66,0x21,0x05,0x19,0x25,0x19,0xa3,0x08,0x21,0x00,
    0x41,0x00,0x20,0x00,0x21,0x00,0x21,0x00,0x41,0x00,0x20,0x00,0x00,0x00,0x04,0x21,
    0xec,0x52,0xa3,0x10,0x00,0x00,0x41,0x08,0x41,0x08,0x00,0x00,0x00,0x00,0x00,0x00,
    0x00,0x00,0x00,0x00,0x00,0x00,0x00,0x00,0x00,0x00,0x00,0x00,0x00,0x00,0x00,0x00,
    0x00,0x00,0x00,0x00,0x00,0x00,0x00,0x00,0x41,0x00,0x61,0x08,0x41,0x00,0x62,0x08,
    0x62,0x08,0x62,0x08,0x62,0x08,0x62,0x08,0x82,0x08,0xa3,0x10,0xa2,0x08,0xa3,0x10,
    0xa2,0x10,0xc3,0x10,0x41,0x08,0x21,0x00,0x62,0x08,0x66,0x21,0x45,0x21,0x45,0x19,
    0x24,0x19,0x86,0x21,0xe7,0x31,0x08,0x32,0xc7,0x29,0x4d,0x5b,0x8a,0x4a,0x86,0x29,
    0xc3,0x10,0x41,0x00,0x61,0x00,0x82,0x08,0xa3,0x10,0x62,0x08,0x20,0x00,0x41,0x00,
    0x20,0x00,0x00,0x00,0x00,0x00,0x00,0x00,0x00,0x00,0x21,0x00,0x04,0x19,0x86,0x29,
    0xc7,0x31,0xe3,0x10,0x04,0x11,0xcb,0x4a,0x8a,0x3a,0xcb,0x42,0xcb,0x42,0x49,0x32,
    0xa6,0x29,0xc3,0x08,0x04,0x19,0x65,0x21,0x45,0x21,0x45,0x21,0xc3,0x10,0xa2,0x08,
    0xa2,0x08,0xa3,0x10,0xc3,0x10,0x21,0x00,0x21,0x00,0x20,0x00,0x41,0x00,0x61,0x08,
    0x61,0x08,0x21,0x00,0x62,0x08,0x04,0x11,0x86,0x19,0xaa,0x42,0x69,0x3a,0x08,0x32,
    0x86,0x21,0xa6,0x21,0x69,0x3a,0x28,0x32,0x08,0x2a,0xc7,0x21,0x29,0x32,0x29,0x32,
    0x49,0x32,0x28,0x32,0x49,0x32,0x28,0x32,0x86,0x21,0x45,0x19,0xa2,0x08,0xe3,0x10,
    0xe3,0x10,0x24,0x11,0xa6,0x21,0x28,0x32,0xc7,0x29,0x82,0x08,0x82,0x08,0x61,0x08,
    0x21,0x00,0x41,0x00,0x41,0x00,0x41,0x00,0x20,0x00,0x00,0x00,0x00,0x00,0x00,0x00,
    0x00,0x00,0x00,0x00,0x00,0x00,0x00,0x00,0x00,0x00,0x00,0x00,0x00,0x00,0x00,0x00,
    0x00,0x00,0x00,0x00,0x00,0x00,0x00,0x00,0x21,0x00,0x21,0x00,0x00,0x00,0xc3,0x10,
    0xe4,0x18,0x21,0x00,0x21,0x00,0x21,0x00,0x21,0x00,0x21,0x00,0x21,0x00,0x41,0x00,
    0x21,0x00,0x21,0x00,0x21,0x00,0x41,0x00,0x41,0x00,0x21,0x00,0x24,0x19,0xe4,0x10,
    0xc3,0x10,0xa2,0x10,0x00,0x00,0x00,0x00,0xa2,0x10,0x29,0x3a,0x86,0x29,0x25,0x19,
    0x25,0x19,0xa3,0x10,0x21,0x00,0x41,0x00,0x21,0x00,0x21,0x00,0x20,0x00,0x41,0x08,
    0x21,0x00,0x00,0x00,0xa2,0x10,0x0c,0x5b,0xe4,0x18,0x00,0x00,0x41,0x00,0x21,0x00,
    0x00,0x00,0x00,0x00,0x00,0x00,0x00,0x00,0x00,0x00,0x00,0x00,0x00,0x00,0x00,0x00,
    0x00,0x00,0x00,0x00,0x00,0x00,0x00,0x00,0x00,0x00,0x00,0x00,0x00,0x00,0x41,0x00,
    0x61,0x00,0x61,0x08,0x61,0x00,0x62,0x08,0x62,0x08,0x62,0x08,0x82,0x08,0x82,0x08,
    0xa2,0x08,0xc3,0x10,0x82,0x08,0xa3,0x10,0xa3,0x10,0xc3,0x10,0x61,0x08,0x21,0x00,
    0x62,0x00,0x04,0x19,0xc7,0x31,0x45,0x21,0x45,0x21,0x65,0x21,0xc7,0x29,0xeb,0x52,
    0x8e,0x63,0x6d,0x5b,0x6a,0x42,0x86,0x21,0xe3,0x10,0x04,0x19,0xe4,0x18,0xa3,0x10,
    0xa2,0x10,0x21,0x00,0x61,0x08,0x82,0x10,0x00,0x00,0x00,0x00,0x00,0x00,0x00,0x00,
    0x21,0x00,0x41,0x00,0x00,0x00,0x00,0x00,0xe4,0x18,0x86,0x29,0x82,0x00,0x08,0x32,
    0xeb,0x4a,0xcb,0x42,0xcb,0x42,0x6a,0x42,0xc7,0x29,0x08,0x3a,0x65,0x21,0x24,0x19,
    0x24,0x19,0xa2,0x10,0x24,0x19,0x45,0x19,0xc7,0x31,0x04,0x19,0xc3,0x10,0x62,0x08,
    0x41,0x00,0x21,0x00,0x61,0x08,0xc3,0x10,0x24,0x21,0x04,0x19,0xe4,0x10,0x04,0x11,
    0x65,0x19,0xaa,0x3a,0x69,0x3a,0xc7,0x29,0x65,0x19,0x28,0x32,0xeb,0x4a,0x2c,0x53,
    0xef,0x6b,0x0c,0x4b,0xec,0x4a,0x0c,0x4b,0xcb,0x42,0xcb,0x4a,0xef,0x6b,0xef,0x6b,
    0x2c,0x53,0x8a,0x42,0x24,0x19,0xc3,0x08,0x24,0x19,0x65,0x19,0xc7,0x29,0x08,0x32,
    0x65,0x19,0x82,0x00,0x82,0x08,0x62,0x08,0x41,0x00,0x61,0x08,0x82,0x08,0x82,0x08,
    0x61,0x08,0x00,0x00,0x00,0x00,0x00,0x00,0x00,0x00,0x00,0x00,0x00,0x00,0x00,0x00,
    0x00,0x00,0x00,0x00,0x00,0x00,0x00,0x00,0x00,0x00,0x00,0x00,0x00,0x00,0x00,0x00,
    0x21,0x00,0x00,0x00,0x04,0x19,0x45,0x21,0x21,0x00,0x21,0x00,0x21,0x00,0x21,0x00,
    0x41,0x00,0x21,0x00,0x21,0x00,0x21,0x00,0x21,0x00,0x21,0x00,0x21,0x00,0x21,0x00,
    0x21,0x00,0x46,0x21,0x25,0x19,0xc3,0x10,0xa2,0x10,0x20,0x00,0x00,0x00,0xa2,0x10,
    0x49,0x3a,0xa7,0x29,0x25,0x19,0x25,0x21,0xe4,0x18,0x21,0x00,0x61,0x08,0x21,0x00,
    0x41,0x00,0x41,0x00,0x41,0x08,0x20,0x00,0x00,0x00,0x82,0x08,0xec,0x52,0x66,0x21,
    0x00,0x00,0x00,0x00,0x41,0x08,0x00,0x00,0x00,0x00,0x00,0x00,0x00,0x00,0x00,0x00,
    0x00,0x00,0x00,0x00,0x00,0x00,0x00,0x00,0x00,0x00,0x00,0x00,0x00,0x00,0x00,0x00,
    0x00,0x00,0x00,0x00,0x21,0x00,0x61,0x08,0x61,0x00,0x61,0x00,0x61,0x00,0x61,0x00,
    0x62,0x08,0x62,0x08,0x62,0x08,0x82,0x08,0xa2,0x08,0x82,0x08,0xa2,0x08,0xa3,0x08,
    0xc3,0x10,0xc3,0x10,0x41,0x08,0x20,0x00,0x62,0x08,0x41,0x00,0x86,0x29,0xa7,0x29,
    0xe3,0x10,0x25,0x19,0x24,0x19,0xc7,0x29,0xcb,0x4a,0x0c,0x53,0xcb,0x42,0x6a,0x3a,
    0x08,0x32,0x86,0x29,0xc3,0x10,0xc3,0x10,0x62,0x08,0x21,0x00,0x82,0x08,0x21,0x00,
    0x00,0x00,0x00,0x00,0x00,0x00,0x00,0x00,0x41,0x00,0x61,0x08,0x21,0x00,0x00,0x00,
    0x00,0x00,0xa2,0x08,0x41,0x00,0xe7,0x29,0xeb,0x4a,0x69,0x3a,0xaa,0x4a,0x49,0x3a,
    0xe7,0x31,0xa7,0x29,0x65,0x21,0xe3,0x10,0xe3,0x10,0xa2,0x10,0x25,0x21,0xe3,0x10,
    0x04,0x19,0x8a,0x42,0x29,0x3a,0x21,0x00,0x41,0x00,0x41,0x00,0x82,0x08,0xe4,0x18,
    0x25,0x19,0x45,0x19,0x45,0x19,0x04,0x11,0x86,0x21,0xaa,0x4a,0x69,0x42,0xc7,0x29,
    0xc7,0x29,0xa6,0x29,0x85,0x21,0x24,0x11,0x24,0x19,0x86,0x21,0xe7,0x29,0x08,0x32,
    0x86,0x21,0x24,0x19,0xe3,0x10,0xe3,0x10,0xc3,0x10,0xe4,0x10,0x04,0x19,0xe3,0x10,
    0x45,0x19,0xe7,0x29,0x49,0x3a,0x49,0x3a,0xa6,0x29,0xe3,0x10,0x82,0x08,0x41,0x00,
    0x41,0x00,0x62,0x08,0x82,0x08,0xc3,0x10,0xa3,0x10,0x21,0x00,0x00,0x00,0x00,0x00,
    0x00,0x00,0x00,0x00,0x00,0x00,0x00,0x00,0x00,0x00,0x00,0x00,0x00,0x00,0x00,0x00,
    0x00,0x00,0x00,0x00,0x00,0x00,0x00,0x00,0x21,0x00,0xe4,0x18,0x24,0x19,0x41,0x00,
    0x21,0x00,0x41,0x00,0x21,0x00,0x21,0x00,0x21,0x00,0x21,0x00,0x41,0x00,0x21,0x00,
    0x21,0x00,0x21,0x00,0x41,0x00,0x21,0x00,0xc7,0x29,0x45,0x19,0x04,0x19,0xa3,0x10,
    0x00,0x00,0x00,0x00,0x82,0x08,0x49,0x42,0xc7,0x29,0x86,0x21,0x45,0x21,0xe4,0x18,
    0x21,0x00,0x41,0x00,0x41,0x00,0x21,0x00,0x21,0x00,0x41,0x00,0x41,0x08,0x00,0x00,
    0x41,0x00,0x8a,0x4a,0x08,0x3a,0x00,0x00,0x00,0x00,0x41,0x08,0x20,0x00,0x00,0x00,
    0x00,0x00,0x00,0x00,0x00,0x00,0x00,0x00,0x00,0x00,0x00,0x00,0x00,0x00,0x00,0x00,
    0x00,0x00,0x00,0x00,0x00,0x00,0x00,0x00,0x00,0x00,0x01,0x00,0x41,0x08,0x62,0x08,
    0x62,0x08,0x62,0x08,0x61,0x00,0x61,0x00,0x62,0x08,0x62,0x08,0x62,0x08,0x82,0x08,
    0xa3,0x08,0xa2,0x08,0xa3,0x08,0xa2,0x08,0xc3,0x10,0xc3,0x10,0x62,0x08,0x20,0x00,
    0x82,0x08,0x61,0x08,0x41,0x08,0x29,0x3a,0x49,0x3a,0x45,0x19,0x03,0x11,0xa2,0x08,
    0xe3,0x10,0x45,0x19,0x25,0x19,0x25,0x19,0x65,0x21,0xc3,0x10,0x62,0x08,0xa3,0x10,
    0x21,0x00,0x21,0x00,0x41,0x00,0x21,0x00,0x00,0x00,0x00,0x00,0x00,0x00,0x41,0x00,
    0x62,0x08,0x41,0x00,0x00,0x00,0x00,0x00,0x00,0x00,0xc3,0x10,0x65,0x21,0xe8,0x31,
    0x28,0x32,0x49,0x3a,0xe7,0x31,0x08,0x3a,0x0c,0x5b,0x69,0x42,0xc7,0x29,0x07,0x32,
    0x41,0x00,0x20,0x00,0x62,0x08,0x41,0x00,0x61,0x00,0x45,0x21,0xe8,0x31,0x82,0x08,
    0x20,0x00,0x62,0x08,0xa2,0x08,0x04,0x19,0x86,0x21,0x65,0x21,0x24,0x19,0x24,0x19,
    0xe7,0x31,0xe7,0x29,0x86,0x21,0x24,0x19,0xc3,0x08,0xc3,0x08,0x24,0x19,0x86,0x21,
    0xe7,0x31,0x69,0x42,0x69,0x42,0x8a,0x42,0x0c,0x53,0x0c,0x53,0xeb,0x52,0xaa,0x4a,
    0x69,0x42,0x28,0x3a,0xa6,0x29,0x24,0x19,0x04,0x11,0xe3,0x10,0x04,0x11,0x65,0x21,
    0x45,0x19,0x04,0x19,0xa3,0x10,0x61,0x08,0x41,0x00,0x82,0x08,0x82,0x08,0xc3,0x10,
    0xc3,0x10,0x20,0x00,0x21,0x00,0x00,0x00,0x00,0x00,0x00,0x00,0x00,0x00,0x00,0x00,
    0x00,0x00,0x00,0x00,0x00,0x00,0x00,0x00,0x00,0x00,0x00,0x00,0x00,0x00,0x00,0x00,
    0xa2,0x08,0xa3,0x10,0x20,0x00,0x21,0x00,0x21,0x00,0x21,0x00,0x21,0x00,0x21,0x00,
    0x41,0x00,0x21,0x00,0x21,0x00,0x21,0x00,0x41,0x00,0x21,0x00,0x62,0x08,0x49,0x3a,
    0x45,0x21,0x04,0x19,0xc3,0x10,0x00,0x00,0x00,0x00,0xa3,0x10,0x49,0x3a,0xe7,0x31,
    0x86,0x21,0x66,0x21,0x04,0x19,0x41,0x00,0x41,0x00,0x21,0x00,0x20,0x00,0x21,0x00,
    0x21,0x00,0x41,0x08,0x20,0x00,0x20,0x00,0x49,0x42,0x6a,0x4a,0x21,0x00,0x00,0x00,
    0x41,0x08,0x41,0x08,0x00,0x00,0x00,0x00,0x00,0x00,0x00,0x00,0x00,0x00,0x00,0x00,
    0x00,0x00,0x00,0x00,0x00,0x00,0x00,0x00,0x00,0x00,0x00,0x00,0x00,0x00,0x00,0x00,
    0x00,0x00,0x41,0x08,0x41,0x00,0x61,0x08,0x61,0x00,0x62,0x08,0x61,0x00,0x62,0x00,
    0x62,0x08,0x62,0x08,0x62,0x08,0x82,0x08,0xa3,0x08,0xa2,0x08,0xc3,0x10,0xc3,0x10,
    0xa3,0x08,0xc3,0x10,0x62,0x08,0x20,0x00,0x61,0x08,0x62,0x08,0x41,0x00,0x62,0x00,
    0x08,0x32,0x2c,0x53,0x89,0x42,0x86,0x21,0x24,0x19,0x04,0x11,0xe4,0x10,0x05,0x19,
    0x65,0x21,0x82,0x08,0xa2,0x08,0x62,0x08,0x00,0x00,0x21,0x00,0x00,0x00,0x41,0x00,
    0x00,0x00,0x00,0x00,0x41,0x08,0x61,0x08,0x62,0x08,0x21,0x00,0x00,0x00,0x00,0x00,
    0x00,0x00,0x62,0x08,0x86,0x29,0x86,0x21,0xa7,0x29,0x65,0x21,0xa2,0x08,0x66,0x21,
    0x4d,0x5b,0xcb,0x4a,0x50,0x7c,0x4c,0x5b,0xa2,0x08,0x61,0x08,0x62,0x08,0xc3,0x10,
    0xa6,0x29,0x04,0x19,0xa3,0x08,0x24,0x19,0x21,0x00,0x41,0x00,0xa3,0x08,0x24,0x19,
    0x45,0x21,0x24,0x19,0xa6,0x29,0xc7,0x29,0x04,0x11,0xa2,0x08,0xa2,0x08,0x24,0x19,
    0x86,0x21,0xe7,0x31,0x28,0x3a,0x28,0x3a,0x28,0x3a,0xe7,0x31,0x08,0x3a,0x49,0x42,
    0x8a,0x42,0xae,0x6b,0xaa,0x4a,0x49,0x3a,0x69,0x42,0x8a,0x42,0x8a,0x42,0x8a,0x4a,
    0xaa,0x4a,0x49,0x3a,0xa6,0x29,0xe4,0x10,0xa2,0x08,0x61,0x00,0xa2,0x08,0xa2,0x08,
    0x41,0x00,0x62,0x08,0x82,0x08,0xc3,0x10,0x82,0x08,0x00,0x00,0x21,0x00,0x00,0x00,
    0x00,0x00,0x00,0x00,0x00,0x00,0x00,0x00,0x00,0x00,0x00,0x00,0x00,0x00,0x00,0x00,
    0x00,0x00,0x00,0x00,0x00,0x00,0x21,0x00,0x41,0x00,0x21,0x00,0x21,0x00,0x21,0x00,
    0x21,0x00,0x21,0x00,0x21,0x00,0x21,0x00,0x21,0x00,0x21,0x00,0x21,0x00,0x61,0x00,
    0x21,0x00,0x82,0x08,0x8a,0x42,0x86,0x21,0xe3,0x10,0xa2,0x10,0x00,0x00,0x00,0x00,
    0x82,0x10,0x6a,0x42,0xe8,0x31,0xa7,0x21,0x66,0x21,0x25,0x19,0x41,0x00,0x41,0x00,
    0x21,0x00,0x21,0x00,0x21,0x00,0x20,0x00,0x41,0x00,0x20,0x00,0x20,0x00,0x28,0x3a,
    0xab,0x4a,0x41,0x00,0x00,0x00,0x62,0x08,0x41,0x08,0x00,0x00,0x00,0x00,0x00,0x00,
    0x00,0x00,0x00,0x00,0x00,0x00,0x00,0x00,0x00,0x00,0x00,0x00,0x00,0x00,0x00,0x00,
    0x00,0x00,0x00,0x00,0x00,0x00,0x00,0x00,0x41,0x00,0x62,0x08,0x62,0x08,0x62,0x08,
    0x62,0x08,0x62,0x08,0x62,0x08,0x62,0x08,0x62,0x08,0x61,0x00,0x62,0x08,0x82,0x08,
    0xa3,0x08,0xa2,0x08,0xc3,0x10,0xc3,0x10,0xa3,0x08,0xa3,0x10,0x82,0x08,0x20,0x00,
    0x62,0x08,0x62,0x08,0x42,0x00,0x41,0x00,0x61,0x00,0x65,0x21,0xeb,0x52,0x8e,0x63,
    0xec,0x4a,0xab,0x4a,0xab,0x4a,0x8a,0x42,0x04,0x19,0x82,0x08,0xa3,0x10,0x21,0x00,
    0x21,0x00,0x21,0x00,0x00,0x00,0x21,0x00,0x00,0x00,0x41,0x08,0x61,0x08,0x61,0x08,
    0x41,0x08,0x00,0x00,0x00,0x00,0x00,0x00,0x00,0x00,0x00,0x00,0xa2,0x08,0x04,0x19,
    0x45,0x21,0xe4,0x10,0x21,0x00,0x25,0x21,0x61,0x08,0x85,0x21,0x70,0x7c,0x2b,0x53,
    0xe7,0x31,0x44,0x21,0x41,0x08,0x25,0x21,0x86,0x29,0xa3,0x08,0x21,0x00,0xa2,0x08,
    0x82,0x08,0x41,0x00,0xe3,0x10,0x45,0x21,0x04,0x11,0x45,0x21,0x08,0x3a,0x04,0x19,
    0x61,0x00,0x24,0x19,0x45,0x21,0x25,0x19,0x66,0x29,0x04,0x19,0xa2,0x10,0x82,0x08,
    0x62,0x08,0x00,0x00,0x41,0x00,0x41,0x00,0x61,0x00,0xa2,0x08,0x82,0x08,0x62,0x00,
    0x62,0x08,0x61,0x00,0x41,0x00,0xa2,0x08,0xe4,0x10,0x45,0x21,0xa7,0x29,0xe7,0x31,
    0x08,0x3a,0x66,0x29,0x04,0x19,0x61,0x00,0x41,0x00,0x61,0x00,0x82,0x08,0xa3,0x10,
    0x61,0x00,0x20,0x00,0x21,0x00,0x00,0x00,0x00,0x00,0x00,0x00,0x00,0x00,0x00,0x00,
    0x00,0x00,0x00,0x00,0x00,0x00,0x00,0x00,0x00,0x00,0x00,0x00,0x20,0x00,0xa6,0x29,
    0x21,0x00,0x21,0x00,0x21,0x00,0x21,0x00,0x21,0x00,0x21,0x00,0x41,0x00,0x41,0x00,
    0x21,0x00,0x21,0x00,0x62,0x00,0x21,0x00,0xc3,0x10,0x8a,0x42,0x45,0x19,0xe3,0x10,
    0xa2,0x10,0x20,0x00,0x00,0x00,0xc3,0x18,0x6a,0x4a,0x29,0x3a,0xa7,0x29,0xa7,0x21,
    0x45,0x21,0x21,0x00,0x21,0x00,0x21,0x00,0x20,0x00,0x20,0x00,0x20,0x00,0x20,0x00,
    0x00,0x00,0x00,0x00,0x86,0x29,0x0c,0x5b,0xa2,0x08,0x00,0x00,0x41,0x08,0x41,0x08,
    0x00,0x00,0x00,0x00,0x00,0x00,0x00,0x00,0x00,0x00,0x00,0x00,0x00,0x00,0x00,0x00,
    0x00,0x00,0x00,0x00,0x00,0x00,0x00,0x00,0x00,0x00,0x00,0x00,0x00,0x00,0x20,0x00,
    0x62,0x08,0x41,0x00,0x62,0x08,0x62,0x08,0x62,0x08,0x62,0x08,0x62,0x08,0x62,0x08,
    0x62,0x08,0x62,0x08,0x62,0x08,0x62,0x08,0xa3,0x08,0xa2,0x08,0x82,0x08,0xc3,0x10,
    0xc3,0x10,0xa3,0x10,0x82,0x08,0x20,0x00,0x82,0x08,0x82,0x08,0x62,0x08,0x62,0x08,
    0x41,0x08,0x21,0x00,0xe4,0x10,0x2d,0x5b,0xcf,0x63,0x6e,0x5b,0xeb,0x4a,0x08,0x32,
    0xa2,0x08,0xc3,0x10,0x62,0x08,0x00,0x00,0x21,0x00,0x21,0x00,0x21,0x00,0x00,0x00,
    0x41,0x00,0x62,0x08,0x62,0x08,0x62,0x08,0x20,0x00,0x00,0x00,0x00,0x00,0x00,0x00,
    0x00,0x00,0x41,0x08,0xe3,0x18,0xe3,0x10,0xe4,0x18,0x00,0x00,0x82,0x08,0x08,0x3a,
    0x65,0x21,0x65,0x21,0xce,0x6b,0x0f,0x74,0xeb,0x52,0xa2,0x10,0x00,0x00,0x82,0x08,
    0x61,0x00,0x04,0x19,0xa2,0x08,0x82,0x08,0xe3,0x18,0x20,0x00,0xc3,0x10,0xa6,0x29,
    0xa6,0x29,0x49,0x3a,0xc3,0x10,0x41,0x00,0x45,0x21,0x66,0x21,0xc7,0x31,0x04,0x19,
    0x61,0x08,0x41,0x00,0x00,0x00,0x00,0x00,0xe4,0x18,0x86,0x29,0x45,0x21,0xa2,0x08,
    0x62,0x08,0x82,0x08,0xa2,0x10,0x62,0x08,0x41,0x00,0x20,0x00,0x21,0x00,0x20,0x00,
    0x00,0x00,0x41,0x00,0x41,0x00,0xa3,0x10,0x25,0x21,0x45,0x21,0x66,0x29,0x66,0x21,
    0xc3,0x10,0x62,0x08,0x61,0x00,0x62,0x08,0x41,0x00,0x20,0x00,0x21,0x00,0x00,0x00,
    0x00,0x00,0x00,0x00,0x00,0x00,0x00,0x00,0x00,0x00,0x00,0x00,0x00,0x00,0x00,0x00,
    0x00,0x00,0x20,0x00,0x65,0x29,0x04,0x19,0x20,0x00,0x21,0x00,0x21,0x00,0x21,0x00,
    0x21,0x00,0x21,0x00,0x41,0x00,0x21,0x00,0x21,0x00,0x62,0x00,0x21,0x00,0x82,0x08,
    0x49,0x3a,0x45,0x19,0x04,0x19,0xa2,0x08,0x00,0x00,0x00,0x00,0xe4,0x18,0xaa,0x4a,
    0x29,0x3a,0xc7,0x29,0xa7,0x29,0x66,0x21,0x21,0x00,0x41,0x00,0x21,0x00,0x00,0x00,
    0x20,0x00,0x20,0x00,0x20,0x00,0x20,0x00,0x20,0x00,0x66,0x29,0x0c,0x5b,0xe3,0x18,
    0x00,0x00,0x41,0x00,0x61,0x08,0x20,0x00,0x00,0x00,0x00,0x00,0x00,0x00,0x00,0x00,
    0x00,0x00,0x00,0x00,0x00,0x00,0x00,0x00,0x00,0x00,0x00,0x00,0x00,0x00,0x00,0x00,
    0x00,0x00,0x00,0x00,0x20,0x00,0x61,0x08,0x62,0x08,0x62,0x08,0x62,0x08,0x41,0x00,
    0x41,0x00,0x61,0x08,0x61,0x00,0x62,0x08,0x62,0x08,0x62,0x08,0x62,0x08,0x61,0x00,
    0x82,0x08,0xc3,0x10,0xa2,0x08,0xa3,0x08,0xa3,0x08,0xc3,0x10,0xc3,0x10,0x20,0x00,
    0x41,0x00,0xa3,0x10,0x82,0x08,0x21,0x00,0x82,0x10,0x62,0x08,0x46,0x21,0xcc,0x4a,
    0x2d,0x53,0x6e,0x5b,0x8a,0x42,0xa2,0x08,0xe3,0x10,0x04,0x19,0x21,0x00,0x21,0x00,
    0x21,0x00,0x21,0x00,0x20,0x00,0x41,0x00,0x82,0x08,0x62,0x08,0x61,0x08,0x41,0x00,
    0x00,0x00,0x00,0x00,0x00,0x00,0x00,0x00,0x21,0x00,0xc3,0x10,0xe3,0x18,0xa3,0x10,
    0x41,0x00,0x21,0x00,0xa6,0x29,0x6a,0x42,0x82,0x08,0xc2,0x08,0xeb,0x52,0x0f,0x74,
    0x69,0x42,0x24,0x21,0x00,0x00,0xa2,0x10,0x24,0x19,0x04,0x19,0x82,0x08,0x41,0x00,
    0xc3,0x10,0x61,0x00,0x20,0x00,0xc3,0x10,0x69,0x42,0x04,0x19,0x41,0x00,0x45,0x21,
    0x45,0x21,0x24,0x19,0x45,0x21,0x00,0x00,0x41,0x00,0x00,0x00,0xe4,0x18,0x6a,0x42,
    0xec,0x5a,0x08,0x3a,0x25,0x21,0xe4,0x18,0x62,0x08,0x62,0x08,0x62,0x08,0xa3,0x10,
    0xc3,0x18,0xa3,0x10,0xa3,0x10,0x41,0x00,0x41,0x00,0x00,0x00,0x21,0x00,0x21,0x00,
    0x41,0x00,0x82,0x08,0x82,0x08,0xe3,0x18,0x04,0x19,0x25,0x21,0x82,0x08,0x41,0x00,
    0x41,0x00,0x41,0x00,0x00,0x00,0x00,0x00,0x20,0x00,0x00,0x00,0x00,0x00,0x00,0x00,
    0x00,0x00,0x00,0x00,0x00,0x00,0x00,0x00,0x20,0x00,0x04,0x19,0x82,0x10,0x00,0x00,
    0x21,0x00,0x21,0x00,0x21,0x00,0x21,0x00,0x21,0x00,0x21,0x00,0x21,0x00,0x21,0x00,
    0x61,0x00,0x00,0x00,0xe4,0x10,0x29,0x32,0x46,0x19,0x24,0x19,0x82,0x10,0x00,0x00,
    0x00,0x00,0xe4,0x18,0xab,0x4a,0x49,0x3a,0xc7,0x29,0xe8,0x31,0x66,0x29,0x21,0x00,
    0x21,0x00,0x41,0x00,0x00,0x00,0x20,0x00,0x20,0x00,0x20,0x00,0x20,0x00,0x00,0x00,
    0x65,0x21,0x2d,0x5b,0x04,0x19,0x00,0x00,0x41,0x08,0x62,0x08,0x20,0x00,0x00,0x00,
    0x00,0x00,0x00,0x00,0x00,0x00,0x00,0x00,0x00,0x00,0x00,0x00,0x00,0x00,0x00,0x00,
    0x00,0x00,0x00,0x00,0x00,0x00,0x00,0x00,0x00,0x00,0x20,0x00,0x61,0x08,0x61,0x08,
    0x61,0x08,0x62,0x08,0x62,0x08,0x41,0x00,0x41,0x00,0x61,0x08,0x41,0x00,0x41,0x00,
    0x61,0x00,0x62,0x08,0x62,0x08,0x41,0x00,0x61,0x00,0xa3,0x08,0xc3,0x10,0xc3,0x10,
    0xa3,0x08,0xa3,0x10,0xc3,0x10,0x21,0x00,0x61,0x08,0x82,0x08,0x82,0x08,0x82,0x08,
    0x62,0x08,0xa3,0x10,0x4a,0x3a,0xec,0x4a,0xec,0x4a,0x8e,0x63,0x29,0x3a,0x82,0x08,
    0x04,0x19,0xa3,0x10,0x00,0x00,0x82,0x08,0xa3,0x10,0x21,0x00,0xa3,0x10,0x62,0x08,
    0x62,0x08,0x62,0x08,0x82,0x08,0x21,0x00,0x00,0x00,0x00,0x00,0x00,0x00,0x00,0x00,
    0x82,0x08,0x04,0x19,0xc3,0x10,0x41,0x00,0x41,0x00,0x04,0x19,0x82,0x08,0x49,0x42,
    0xc3,0x18,0xa2,0x10,0xaa,0x4a,0x0f,0x74,0x07,0x32,0x24,0x21,0xa2,0x10,0x82,0x08,
    0xa2,0x08,0xc3,0x10,0x41,0x00,0x41,0x00,0x82,0x08,0xc3,0x10,0x00,0x00,0xe3,0x10,
    0x28,0x3a,0xe3,0x10,0x62,0x00,0x66,0x21,0x66,0x29,0x08,0x3a,0x00,0x00,0x41,0x00,
    0x00,0x00,0x24,0x21,0x08,0x3a,0x45,0x21,0x62,0x08,0x41,0x00,0x41,0x00,0x21,0x00,
    0x62,0x08,0x04,0x19,0x04,0x19,0x49,0x42,0xc7,0x31,0x45,0x21,0xe4,0x18,0xe4,0x18,
    0xc7,0x31,0x04,0x21,0x41,0x00,0x41,0x00,0x41,0x00,0x00,0x00,0x21,0x00,0x62,0x08,
    0x82,0x08,0xa2,0x10,0xa3,0x10,0xa2,0x08,0x61,0x00,0x61,0x08,0x21,0x00,0x00,0x00,
    0x20,0x00,0x00,0x00,0x00,0x00,0x00,0x00,0x00,0x00,0x00,0x00,0x00,0x00,0x00,0x00,
    0x62,0x08,0x62,0x08,0x00,0x00,0x00,0x00,0x21,0x00,0x21,0x00,0x21,0x00,0x21,0x00,
    0x21,0x00,0x21,0x00,0x21,0x00,0x41,0x00,0x21,0x00,0x25,0x19,0x49,0x3a,0x66,0x19,
    0x66,0x21,0x82,0x08,0x00,0x00,0x00,0x00,0xe4,0x18,0x8b,0x4a,0x49,0x3a,0x08,0x32,
    0x08,0x32,0x65,0x21,0x20,0x00,0x20,0x00,0x41,0x00,0x00,0x00,0x21,0x00,0x20,0x00,
    0x20,0x00,0x20,0x00,0x20,0x00,0xe3,0x18,0x4d,0x5b,0x45,0x21,0x00,0x00,0x41,0x08,
    0x82,0x10,0x00,0x00,0x00,0x00,0x00,0x00,0x00,0x00,0x00,0x00,0x00,0x00,0x00,0x00,
    0x00,0x00,0x00,0x00,0x00,0x00,0x00,0x00,0x00,0x00,0x00,0x00,0x00,0x00,0x00,0x00,
    0x00,0x00,0x41,0x08,0x61,0x08,0x61,0x08,0x62,0x08,0x62,0x08,0x41,0x00,0x41,0x00,
    0x41,0x00,0x41,0x00,0x41,0x00,0x41,0x00,0x41,0x00,0x62,0x08,0x62,0x08,0x62,0x08,
    0x61,0x00,0x82,0x08,0xc3,0x10,0xc3,0x10,0xa3,0x08,0xa3,0x10,0xe3,0x10,0x41,0x00,
    0x41,0x00,0xa3,0x10,0xa3,0x10,0xa3,0x08,0xa3,0x08,0xc7,0x29,0x6a,0x3a,0xcc,0x42,
    0x0d,0x53,0xaf,0x63,0x25,0x19,0xc3,0x10,0x45,0x21,0x82,0x08,0x00,0x00,0x00,0x00,
    0x82,0x10,0x61,0x08,0x82,0x08,0x82,0x08,0x82,0x08,0x82,0x08,0x62,0x08,0x00,0x00,
    0x00,0x00,0x00,0x00,0x00,0x00,0x41,0x08,0xe4,0x18,0xe3,0x10,0x61,0x08,0x00,0x00,
    0x82,0x08,0x25,0x21,0xa3,0x08,0xe4,0x18,0x25,0x21,0x41,0x00,0x28,0x3a,0x30,0x7c,
    0xaa,0x4a,0x20,0x00,0xa3,0x10,0xa3,0x10,0x45,0x21,0xc7,0x29,0xe4,0x10,0x41,0x00,
    0x61,0x00,0xe3,0x18,0x21,0x00,0xc3,0x18,0xa7,0x31,0x66,0x21,0x41,0x00,0x45,0x21,
    0x86,0x29,0x45,0x21,0x00,0x00,0x41,0x00,0x00,0x00,0x86,0x29,0xe4,0x18,0x00,0x00,
    0x41,0x00,0x41,0x00,0x41,0x00,0xa3,0x10,0xe4,0x10,0xe7,0x31,0xe8,0x39,0x25,0x19,
    0x82,0x08,0x66,0x21,0x08,0x32,0x86,0x29,0x04,0x19,0xe4,0x18,0x41,0x00,0x62,0x08,
    0x41,0x08,0x41,0x00,0x21,0x00,0x00,0x00,0x41,0x00,0x82,0x08,0x41,0x00,0x82,0x08,
    0xa3,0x10,0x41,0x00,0x41,0x08,0x21,0x00,0x20,0x00,0x00,0x00,0x00,0x00,0x00,0x00,
    0x00,0x00,0x00,0x00,0x00,0x00,0x00,0x00,0x00,0x00,0x00,0x00,0x00,0x00,0x00,0x00,
    0x21,0x00,0x21,0x00,0x41,0x00,0x20,0x00,0x41,0x00,0x41,0x00,0x41,0x00,0x41,0x00,
    0x66,0x19,0x49,0x32,0x66,0x21,0x65,0x21,0x61,0x08,0x00,0x00,0x00,0x00,0x04,0x19,
    0xab,0x4a,0x4a,0x3a,0x08,0x32,0x08,0x3a,0x86,0x29,0x21,0x00,0x20,0x00,0x20,0x00,
    0x20,0x00,0x20,0x00,0x21,0x00,0x00,0x00,0x00,0x00,0x41,0x00,0x04,0x19,0x2c,0x5b,
    0xa6,0x29,0x00,0x00,0x40,0x00,0x82,0x10,0x20,0x00,0x00,0x00,0x00,0x00,0x00,0x00,
    0x00,0x00,0x00,0x00,0x00,0x00,0x00,0x00,0x00,0x00,0x00,0x00,0x00,0x00,0x00,0x00,
    0x00,0x00,0x00,0x00,0x00,0x00,0x00,0x00,0x41,0x00,0x62,0x08,0x62,0x08,0x62,0x08,
    0x62,0x08,0x62,0x08,0x41,0x00,0x41,0x00,0x41,0x00,0x41,0x00,0x41,0x00,0x41,0x00,
    0x41,0x00,0x61,0x00,0x61,0x00,0x62,0x08,0x41,0x00,0x61,0x00,0xa3,0x10,0xa3,0x08,
    0xc3,0x10,0xa3,0x08,0xc3,0x10,0x62,0x08,0x21,0x00,0x62,0x08,0xa3,0x08,0xc3,0x08,
    0xe4,0x10,0x49,0x3a,0x0c,0x53,0xab,0x42,0x4d,0x5b,0x6a,0x3a,0xc3,0x08,0x25,0x19,
    0x04,0x19,0x82,0x08,0x25,0x19,0xc7,0x31,0x62,0x08,0x04,0x19,0x82,0x08,0x82,0x08,
    0x82,0x08,0x82,0x08,0x21,0x00,0x00,0x00,0x00,0x00,0x00,0x00,0x00,0x00,0xc3,0x10,
    0xe4,0x18,0xa3,0x10,0x00,0x00,0x20,0x00,0x00,0x00,0x04,0x19,0x65,0x21,0x62,0x08,
    0x00,0x00,0x21,0x00,0xa6,0x29,0xeb,0x52,0x8a,0x4a,0x21,0x00,0x04,0x19,0x65,0x21,
    0x04,0x19,0xa3,0x10,0x82,0x08,0x41,0x00,0x41,0x00,0xc3,0x10,0x82,0x08,0x00,0x00,
    0x21,0x00,0x04,0x19,0xc3,0x10,0xe4,0x10,0x25,0x19,0x24,0x19,0x41,0x08,0x41,0x00,
    0x41,0x00,0x21,0x00,0x41,0x00,0x41,0x00,0x21,0x00,0x82,0x10,0x86,0x29,0xc7,0x31,
    0x45,0x21,0xc3,0x10,0x04,0x19,0x04,0x19,0x29,0x42,0xe8,0x39,0xc3,0x10,0x82,0x08,
    0x04,0x19,0xe3,0x18,0xa3,0x10,0x82,0x08,0x61,0x08,0x41,0x00,0x41,0x00,0x21,0x00,
    0x21,0x00,0x21,0x00,0x62,0x08,0x20,0x00,0xa2,0x10,0x82,0x08,0x61,0x00,0x61,0x08,
    0x00,0x00,0x00,0x00,0x00,0x00,0x00,0x00,0x00,0x00,0x00,0x00,0x00,0x00,0x00,0x00,
    0x00,0x00,0x00,0x00,0x00,0x00,0x00,0x00,0x21,0x00,0x41,0x00,0x21,0x00,0x21,0x00,
    0x41,0x00,0x41,0x00,0x42,0x00,0x86,0x21,0x4a,0x3a,0x87,0x21,0x66,0x21,0x61,0x08,
    0x00,0x00,0x00,0x00,0x45,0x21,0xab,0x4a,0x4a,0x3a,0x29,0x32,0x29,0x3a,0xa7,0x29,
    0x21,0x00,0x20,0x00,0x21,0x00,0x00,0x00,0x20,0x00,0x20,0x00,0x20,0x00,0x00,0x00,
    0x41,0x00,0xc3,0x10,0x2c,0x5b,0xc7,0x29,0x00,0x00,0x41,0x08,0x82,0x08,0x20,0x00,
    0x00,0x00,0x00,0x00,0x00,0x00,0x00,0x00,0x00,0x00,0x00,0x00,0x00,0x00,0x00,0x00,
    0x00,0x00,0x00,0x00,0x00,0x00,0x00,0x00,0x00,0x00,0x00,0x00,0x00,0x00,0x41,0x00,
    0x62,0x08,0x62,0x08,0x62,0x08,0x62,0x08,0x62,0x08,0x41,0x00,0x41,0x00,0x41,0x00,
    0x41,0x00,0x41,0x00,0x41,0x00,0x41,0x00,0x41,0x00,0x61,0x00,0x61,0x00,0x61,0x00,
    0x62,0x08,0x62,0x08,0x82,0x08,0xc3,0x10,0xc3,0x10,0xa3,0x08,0xc3,0x10,0x82,0x08,
    0x21,0x00,0xa3,0x10,0xa3,0x10,0xc3,0x10,0x05,0x19,0x87,0x21,0x4a,0x3a,0x8a,0x42,
    0x8a,0x42,0xe3,0x08,0x04,0x11,0x45,0x21,0x25,0x19,0xc3,0x10,0x49,0x42,0x86,0x29,
    0xa2,0x08,0x24,0x19,0xe4,0x10,0x82,0x08,0xa2,0x08,0x62,0x08,0x00,0x00,0x00,0x00,
    0x20,0x00,0x00,0x00,0x82,0x08,0x24,0x19,0xc3,0x10,0x41,0x00,0x41,0x00,0xc3,0x10,
    0x41,0x00,0x41,0x00,0x24,0x19,0x04,0x19,0x21,0x00,0x00,0x00,0x65,0x21,0xaa,0x42,
    0xcb,0x52,0x62,0x00,0x62,0x08,0x82,0x08,0x41,0x00,0xa2,0x08,0x82,0x08,0x41,0x00,
    0x41,0x00,0x61,0x08,0xc3,0x10,0x62,0x08,0x82,0x08,0x41,0x00,0xc3,0x10,0xe4,0x10,
    0xe3,0x10,0x25,0x21,0xc3,0x10,0x21,0x00,0x41,0x00,0x41,0x00,0x21,0x00,0x62,0x08,
    0x25,0x19,0x08,0x3a,0xe7,0x31,0x45,0x21,0x82,0x08,0x04,0x19,0x86,0x29,0xe8,0x31,
    0x66,0x21,0xe3,0x18,0x04,0x19,0x86,0x29,0x66,0x29,0x45,0x21,0x45,0x21,0x62,0x08,
    0x41,0x00,0x00,0x00,0x21,0x00,0x21,0x00,0x21,0x00,0x21,0x00,0x82,0x08,0x41,0x00,
    0x61,0x08,0xe3,0x18,0x41,0x00,0x82,0x08,0x41,0x08,0x00,0x00,0x00,0x00,0x00,0x00,
    0x00,0x00,0x00,0x00,0x00,0x00,0x00,0x00,0x00,0x00,0x00,0x00,0x00,0x00,0x00,0x00,
    0x41,0x00,0x21,0x00,0x21,0x00,0x21,0x00,0x62,0x00,0xa3,0x08,0x87,0x21,0x4a,0x3a,
    0xa7,0x29,0x66,0x21,0x61,0x08,0x00,0x00,0x00,0x00,0x65,0x21,0xcb,0x4a,0x6a,0x3a,
    0x29,0x3a,0x49,0x42,0xa7,0x29,0x21,0x00,0x00,0x00,0x21,0x00,0x00,0x00,0x20,0x00,
    0x20,0x00,0x20,0x00,0x00,0x00,0x41,0x00,0xc3,0x10,0x0c,0x5b,0xe8,0x39,0x00,0x00,
    0x20,0x00,0xa2,0x10,0x41,0x08,0x00,0x00,0x00,0x00,0x00,0x00,0x00,0x00,0x00,0x00,
    0x00,0x00,0x00,0x00,0x00,0x00,0x00,0x00,0x00,0x00,0x00,0x00,0x00,0x00,0x00,0x00,
    0x00,0x00,0x00,0x00,0x21,0x00,0x62,0x08,0x62,0x08,0x62,0x08,0x62,0x00,0x62,0x08,
    0x62,0x08,0x41,0x00,0x41,0x00,0x41,0x00,0x41,0x00,0x41,0x00,0x41,0x00,0x41,0x00,
    0x41,0x00,0x61,0x00,0x62,0x08,0x62,0x08,0x62,0x08,0x61,0x00,0x62,0x08,0xc3,0x10,
    0xe3,0x10,0xa3,0x08,0xa3,0x10,0xc3,0x10,0x21,0x00,0xa3,0x10,0xc3,0x10,0xe3,0x10,
    0x25,0x19,0x87,0x21,0x08,0x32,0x2d,0x5b,0xc7,0x29,0xc3,0x08,0x04,0x11,0x25,0x19,
    0x65,0x21,0xe3,0x10,0x62,0x00,0x04,0x11,0xc3,0x10,0xe4,0x10,0x46,0x21,0x82,0x08,
    0x82,0x08,0x21,0x00,0x00,0x00,0x00,0x00,0x00,0x00,0x21,0x00,0x25,0x19,0x04,0x19,
    0xa2,0x08,0x21,0x00,0x41,0x00,0xa2,0x08,0xc3,0x10,0x61,0x08,0x21,0x00,0x20,0x00,
    0x00,0x00,0x00,0x00,0x86,0x29,0xcb,0x4a,0x6a,0x42,0xa2,0x08,0x61,0x00,0xa2,0x08,
    0xa2,0x08,0xa3,0x10,0x82,0x08,0x41,0x00,0x61,0x08,0x61,0x00,0xe4,0x18,0xa3,0x10,
    0x41,0x00,0x41,0x00,0x21,0x00,0x82,0x08,0xc3,0x10,0x04,0x19,0x24,0x19,0xe4,0x18,
    0x41,0x00,0x21,0x00,0x21,0x00,0xa3,0x10,0xa7,0x31,0x45,0x21,0x04,0x19,0x66,0x29,
    0x86,0x29,0xa7,0x29,0xa7,0x29,0xe3,0x10,0x24,0x19,0x28,0x3a,0x08,0x3a,0x45,0x21,
    0xa2,0x10,0x21,0x00,0x00,0x00,0x41,0x00,0x00,0x00,0x04,0x19,0x62,0x08,0x20,0x00,
    0x41,0x00,0x00,0x00,0x62,0x08,0xe3,0x18,0x41,0x00,0x24,0x21,0x41,0x00,0x61,0x08,
    0x20,0x00,0x00,0x00,0x00,0x00,0x00,0x00,0x00,0x00,0x00,0x00,0x00,0x00,0x00,0x00,
    0x00,0x00,0x00,0x00,0x00,0x00,0x00,0x00,0x20,0x00,0x20,0x00,0x41,0x00,0x82,0x08,
    0xa3,0x08,0xa7,0x21,0x4a,0x3a,0xe8,0x31,0x66,0x29,0x21,0x00,0x00,0x00,0x00,0x00,
    0xa7,0x31,0xcb,0x4a,0x8a,0x42,0x29,0x32,0x6a,0x42,0xa7,0x29,0x21,0x00,0x01,0x00,
    0x21,0x00,0x00,0x00,0x20,0x00,0x20,0x00,0x00,0x00,0x00,0x00,0x41,0x00,0xa2,0x08,
    0xec,0x52,0x29,0x42,0x00,0x00,0x20,0x00,0xc3,0x10,0x40,0x00,0x00,0x00,0x00,0x00,
    0x00,0x00,0x00,0x00,0x00,0x00,0x00,0x00,0x00,0x00,0x00,0x00,0x00,0x00,0x00,0x00,
    0x00,0x00,0x00,0x00,0x00,0x00,0x00,0x00,0x00,0x00,0x21,0x00,0x61,0x08,0x61,0x08,
    0x62,0x08,0x62,0x08,0x62,0x08,0x62,0x08,0x41,0x00,0x41,0x00,0x61,0x08,0x41,0x00,
    0x41,0x00,0x41,0x00,0x41,0x00,0x41,0x00,0x41,0x00,0x61,0x00,0x62,0x08,0x62,0x08,
    0x62,0x08,0x61,0x00,0x62,0x08,0xa2,0x08,0xe3,0x10,0xc3,0x10,0xa3,0x10,0xc3,0x10,
    0x41,0x00,0x62,0x08,0xe3,0x10,0x24,0x19,0x45,0x19,0x66,0x21,0x49,0x3a,0x08,0x32,
    0xe4,0x08,0x45,0x19,0x45,0x21,0x66,0x21,0x24,0x19,0x45,0x19,0xa3,0x08,0xe4,0x10,
    0x04,0x11,0xc3,0x08,0x45,0x19,0xe3,0x10,0x62,0x08,0x00,0x00,0x00,0x00,0x00,0x00,
    0x00,0x00,0xe4,0x18,0x45,0x21,0xa3,0x08,0x82,0x08,0x82,0x08,0x82,0x08,0x62,0x08,
    0x61,0x08,0x61,0x08,0x00,0x00,0x00,0x00,0x00,0x00,0x21,0x00,0x45,0x19,0xcb,0x4a,
    0x28,0x3a,0x82,0x08,0x82,0x08,0xc3,0x10,0x62,0x08,0xa3,0x10,0x61,0x08,0x00,0x00,
    0x61,0x08,0xa3,0x10,0xc3,0x10,0xc3,0x10,0x41,0x00,0x41,0x00,0x41,0x00,0x00,0x00,
    0x82,0x08,0xc3,0x10,0xe4,0x10,0x04,0x19,0xe4,0x18,0xa3,0x10,0x41,0x00,0x00,0x00,
    0x00,0x00,0x41,0x00,0x66,0x29,0x25,0x21,0x66,0x29,0xe3,0x10,0x62,0x00,0xc7,0x31,
    0xa6,0x29,0x45,0x21,0x82,0x08,0x00,0x00,0x00,0x00,0x41,0x00,0x62,0x08,0x82,0x08,
    0x66,0x29,0xc7,0x31,0x41,0x00,0x41,0x00,0x21,0x00,0x00,0x00,0x25,0x21,0xc3,0x10,
    0x82,0x08,0x04,0x19,0x41,0x00,0x61,0x08,0x00,0x00,0x00,0x00,0x00,0x00,0x00,0x00,
    0x00,0x00,0x00,0x00,0x00,0x00,0x00,0x00,0x00,0x00,0x00,0x00,0x00,0x00,0x00,0x00,
    0x20,0x00,0x62,0x00,0xe3,0x10,0xa3,0x08,0xa7,0x29,0x8a,0x3a,0x29,0x32,0x46,0x19,
    0x21,0x00,0x00,0x00,0x00,0x00,0xe8,0x39,0xcc,0x52,0x6a,0x42,0x49,0x3a,0x8b,0x42,
    0xa7,0x29,0x00,0x00,0x21,0x00,0x21,0x00,0x00,0x00,0x21,0x00,0x20,0x00,0x20,0x00,
    0x00,0x00,0x62,0x08,0xc3,0x10,0xeb,0x52,0x69,0x42,0x00,0x00,0x00,0x00,0xc3,0x18,
    0x61,0x08,0x00,0x00,0x00,0x00,0x00,0x00,0x00,0x00,0x00,0x00,0x00,0x00,0x00,0x00,
    0x00,0x00,0x00,0x00,0x00,0x00,0x00,0x00,0x00,0x00,0x00,0x00,0x00,0x00,0x00,0x00,
    0x20,0x00,0x41,0x08,0x41,0x08,0x61,0x00,0x62,0x08,0x62,0x08,0x62,0x08,0x62,0x08,
    0x61,0x08,0x41,0x00,0x41,0x00,0x41,0x00,0x41,0x00,0x41,0x00,0x41,0x00,0x61,0x08,
    0x62,0x08,0x41,0x00,0x61,0x00,0x62,0x08,0x62,0x08,0x62,0x08,0x62,0x08,0x82,0x08,
    0xe3,0x10,0xc3,0x10,0xc3,0x10,0xe3,0x10,0x82,0x08,0x41,0x00,0xc3,0x10,0x04,0x19,
    0x45,0x19,0xc7,0x29,0xe8,0x31,0x04,0x11,0x45,0x19,0x25,0x19,0x04,0x19,0x04,0x19,
    0x45,0x19,0x24,0x19,0x45,0x19,0xe3,0x10,0xc3,0x08,0xa3,0x08,0xe4,0x10,0x45,0x19,
    0x00,0x00,0x00,0x00,0x00,0x00,0x21,0x00,0xa3,0x10,0x45,0x21,0x04,0x19,0xc3,0x10,
    0x24,0x19,0xa2,0x08,0x82,0x08,0x82,0x08,0x82,0x08,0x00,0x00,0x00,0x00,0x00,0x00,
    0x20,0x00,0x00,0x00,0x45,0x21,0x2c,0x5b,0xc7,0x29,0x41,0x00,0x82,0x08,0xa2,0x08,
    0x82,0x08,0xa2,0x08,0x61,0x08,0x00,0x00,0x41,0x00,0x04,0x19,0x82,0x08,0xe4,0x18,
    0x82,0x08,0x41,0x00,0x61,0x08,0x21,0x00,0x00,0x00,0x62,0x08,0x82,0x08,0xa2,0x08,
    0xc3,0x10,0xc3,0x10,0xe4,0x18,0x82,0x08,0x62,0x08,0x21,0x00,0x00,0x00,0x45,0x21,
    0xa7,0x31,0xa2,0x10,0x41,0x00,0x82,0x08,0x62,0x08,0x00,0x00,0x01,0x00,0xc3,0x18,
    0x45,0x21,0xe4,0x18,0x45,0x21,0x04,0x19,0xc3,0x10,0x21,0x00,0x21,0x00,0x00,0x00,
    0x00,0x00,0xe4,0x18,0x45,0x21,0x82,0x08,0x45,0x21,0x62,0x08,0x62,0x08,0x41,0x00,
    0x00,0x00,0x00,0x00,0x00,0x00,0x00,0x00,0x00,0x00,0x00,0x00,0x00,0x00,0x00,0x00,
    0x00,0x00,0x00,0x00,0x00,0x00,0x00,0x00,0xc3,0x10,0xc3,0x10,0x82,0x00,0x28,0x32,
    0x8a,0x42,0x49,0x3a,0x65,0x21,0x20,0x00,0x00,0x00,0x20,0x00,0x29,0x3a,0xcc,0x52,
    0x8a,0x42,0x29,0x3a,0x6a,0x42,0xa7,0x29,0x00,0x00,0x21,0x00,0x21,0x00,0x00,0x00,
    0x20,0x00,0x20,0x00,0x00,0x00,0x00,0x00,0x82,0x08,0xa3,0x10,0xab,0x52,0x6a,0x42,
    0x20,0x00,0x00,0x00,0xc3,0x18,0x61,0x08,0x00,0x00,0x00,0x00,0x00,0x00,0x00,0x00,
    0x00,0x00,0x00,0x00,0x00,0x00,0x00,0x00,0x00,0x00,0x00,0x00,0x00,0x00,0x00,0x00,
    0x00,0x00,0x00,0x00,0x00,0x00,0x00,0x00,0x41,0x08,0x41,0x08,0x61,0x08,0x62,0x08,
    0x62,0x08,0x62,0x08,0x62,0x08,0x62,0x08,0x61,0x08,0x41,0x00,0x41,0x00,0x41,0x00,
    0x41,0x00,0x61,0x00,0x61,0x08,0x61,0x08,0x61,0x00,0x61,0x00,0x62,0x08,0x62,0x08,
    0x62,0x08,0x62,0x08,0x62,0x08,0x62,0x08,0xc3,0x08,0xe3,0x10,0xc3,0x10,0xc3,0x10,
    0xc3,0x10,0x21,0x00,0xa3,0x08,0x45,0x19,0x45,0x19,0x86,0x21,0x45,0x19,0x24,0x19,
    0x66,0x21,0x66,0x21,0xc7,0x29,0xe8,0x31,0x49,0x42,0x49,0x3a,0xa7,0x29,0x04,0x11,
    0xe4,0x10,0xc3,0x08,0xa3,0x08,0xc3,0x08,0x20,0x00,0x62,0x08,0xe4,0x18,0x25,0x19,
    0x04,0x19,0x25,0x19,0x82,0x08,0x82,0x08,0xc3,0x10,0x41,0x00,0x62,0x08,0x62,0x08,
    0x21,0x00,0x00,0x00,0x00,0x00,0x00,0x00,0x00,0x00,0x41,0x00,0xc7,0x29,0x0c,0x53,
    0x66,0x21,0x41,0x00,0x62,0x08,0xc2,0x08,0x82,0x08,0x82,0x08,0x61,0x08,0x00,0x00,
    0x00,0x00,0xe4,0x18,0xc3,0x10,0x04,0x19,0xc3,0x10,0x21,0x00,0x61,0x08,0x41,0x00,
    0x21,0x00,0x66,0x29,0x82,0x08,0x41,0x00,0x62,0x08,0x82,0x08,0xc3,0x10,0xc3,0x10,
    0x04,0x19,0x24,0x19,0xe3,0x18,0x86,0x29,0xe7,0x39,0xa3,0x10,0x00,0x00,0x00,0x00,
    0x00,0x00,0x00,0x00,0x00,0x00,0x21,0x00,0x82,0x10,0x41,0x00,0x00,0x00,0x00,0x00,
    0x00,0x00,0x21,0x00,0x62,0x08,0x82,0x10,0x86,0x29,0x45,0x21,0xa2,0x10,0x65,0x21,
    0xa2,0x10,0x62,0x08,0x61,0x08,0x00,0x00,0x00,0x00,0x00,0x00,0x00,0x00,0x00,0x00,
    0x00,0x00,0x00,0x00,0x00,0x00,0x00,0x00,0x00,0x00,0x00,0x00,0x00,0x00,0x00,0x00,
    0xa3,0x08,0x62,0x00,0x69,0x3a,0xab,0x42,0x6a,0x3a,0x45,0x19,0x20,0x00,0x00,0x00,
    0x61,0x00,0x8a,0x42,0xcc,0x4a,0x8b,0x42,0x6a,0x3a,0x8b,0x4a,0x86,0x29,0x00,0x00,
    0x20,0x00,0x21,0x00,0x00,0x00,0x41,0x08,0x20,0x00,0x20,0x00,0x00,0x00,0x82,0x08,
    0xe4,0x10,0xab,0x4a,0x8a,0x4a,0x21,0x00,0x00,0x00,0xe3,0x18,0x82,0x08,0x00,0x00,
    0x00,0x00,0x00,0x00,0x00,0x00,0x00,0x00,0x00,0x00,0x00,0x00,0x00,0x00,0x00,0x00,
    0x00,0x00,0x00,0x00,0x00,0x00,0x00,0x00,0x00,0x00,0x00,0x00,0x00,0x00,0x41,0x08,
    0x41,0x08,0x62,0x08,0x62,0x08,0x62,0x08,0x62,0x08,0x62,0x08,0x61,0x08,0x61,0x08,
    0x41,0x08,0x41,0x00,0x41,0x00,0x41,0x00,0x61,0x08,0x61,0x08,0x62,0x08,0x61,0x08,
    0x62,0x08,0x62,0x08,0x62,0x08,0x62,0x08,0x62,0x08,0x82,0x08,0x82,0x08,0x82,0x08,
    0xa2,0x08,0xe3,0x10,0xc3,0x10,0xc3,0x10,0xc3,0x10,0x41,0x00,0xe3,0x10,0x04,0x11,
    0x25,0x19,0x04,0x19,0x25,0x19,0x66,0x21,0x45,0x19,0x24,0x19,0x04,0x19,0xa3,0x08,
    0x04,0x11,0xe7,0x31,0xeb,0x52,0x8a,0x4a,0x45,0x19,0xa6,0x29,0x05,0x19,0x25,0x19,
    0x25,0x19,0x24,0x19,0x65,0x21,0x05,0x19,0x45,0x21,0xe4,0x10,0x62,0x08,0x61,0x08,
    0x00,0x00,0x00,0x00,0x00,0x00,0x00,0x00,0x00,0x00,0x20,0x00,0x00,0x00,0x00,0x00,
    0x00,0x00,0x21,0x00,0xa6,0x29,0xec,0x52,0xc3,0x10,0x82,0x08,0xa3,0x10,0xa2,0x08,
    0x82,0x08,0x82,0x08,0x41,0x00,0x00,0x00,0x00,0x00,0xc3,0x10,0x25,0x21,0xc3,0x10,
    0x25,0x19,0x61,0x00,0x41,0x00,0x41,0x00,0x00,0x00,0xe8,0x39,0x45,0x21,0x20,0x00,
    0x41,0x00,0x41,0x00,0x62,0x08,0x62,0x08,0x82,0x08,0xe4,0x18,0xe4,0x18,0x69,0x42,
    0x6a,0x4a,0x66,0x21,0x86,0x29,0x45,0x21,0x45,0x21,0x25,0x21,0x82,0x08,0x62,0x08,
    0x41,0x00,0x41,0x00,0x41,0x00,0x41,0x00,0xc3,0x10,0xc3,0x10,0x45,0x21,0x25,0x21,
    0x24,0x19,0xe4,0x10,0xe4,0x10,0x61,0x08,0x61,0x08,0x41,0x08,0x00,0x00,0x00,0x00,
    0x00,0x00,0x00,0x00,0x00,0x00,0x00,0x00,0x00,0x00,0x00,0x00,0x00,0x00,0x00,0x00,
    0x00,0x00,0x00,0x00,0x00,0x00,0x00,0x00,0xe4,0x10,0x8a,0x42,0xec,0x4a,0xaa,0x42,
    0x24,0x19,0x20,0x00,0x00,0x00,0x82,0x10,0xab,0x4a,0xec,0x4a,0x6a,0x3a,0x6a,0x3a,
    0xcc,0x4a,0x86,0x29,0x00,0x00,0x21,0x00,0x20,0x00,0x20,0x00,0x21,0x00,0x20,0x00,
    0x00,0x00,0x00,0x00,0xa2,0x10,0xe3,0x10,0xeb,0x52,0xaa,0x4a,0x21,0x00,0x00,0x00,
    0x04,0x21,0x82,0x10,0x00,0x00,0x00,0x00,0x00,0x00,0x00,0x00,0x00,0x00,0x00,0x00,
    0x00,0x00,0x00,0x00,0x00,0x00,0x00,0x00,0x00,0x00,0x00,0x00,0x00,0x00,0x00,0x00,
    0x00,0x00,0x00,0x00,0x41,0x08,0x41,0x08,0x62,0x08,0x62,0x08,0x62,0x08,0x62,0x00,
    0x62,0x08,0x62,0x08,0x61,0x00,0x61,0x08,0x61,0x08,0x41,0x00,0x41,0x00,0x61,0x08,
    0x61,0x08,0x61,0x08,0x62,0x08,0x62,0x08,0x62,0x08,0x62,0x08,0x62,0x08,0x62,0x08,
    0x62,0x08,0x82,0x08,0x82,0x08,0x82,0x08,0xa2,0x08,0xc3,0x10,0xc3,0x10,0xc3,0x10,
    0xe4,0x18,0x62,0x08,0x82,0x08,0xe3,0x10,0xe4,0x10,0x46,0x21,0xa7,0x29,0x45,0x21,
    0x62,0x08,0x41,0x00,0x41,0x00,0xc3,0x10,0xa3,0x08,0x24,0x19,0x24,0x19,0x08,0x32,
    0xcb,0x4a,0x65,0x21,0x86,0x29,0xa7,0x29,0x86,0x21,0x65,0x19,0x45,0x19,0x25,0x19,
    0x45,0x21,0x61,0x00,0x82,0x08,0x61,0x08,0x21,0x00,0x00,0x00,0x00,0x00,0x00,0x00,
    0x00,0x00,0x00,0x00,0x20,0x00,0x41,0x00,0x29,0x42,0xc7,0x31,0xe7,0x31,0x0c,0x5b,
    0xc3,0x10,0x82,0x08,0xa3,0x10,0xa2,0x08,0x62,0x00,0xa2,0x08,0x20,0x00,0x00,0x00,
    0x00,0x00,0x61,0x08,0x65,0x21,0xc3,0x10,0x65,0x21,0xa2,0x08,0x41,0x00,0x82,0x08,
    0x00,0x00,0xc3,0x10,0x82,0x08,0x41,0x00,0x62,0x08,0x62,0x00,0x41,0x00,0x21,0x00,
    0x41,0x00,0x41,0x00,0x41,0x00,0x41,0x00,0xa3,0x08,0x04,0x19,0x24,0x19,0x04,0x19,
    0x86,0x21,0x49,0x3a,0xc7,0x31,0x86,0x29,0x45,0x21,0x25,0x21,0xe4,0x18,0xe4,0x18,
    0xe4,0x18,0xc3,0x10,0xe3,0x18,0xa2,0x10,0x82,0x08,0x62,0x08,0x21,0x00,0x41,0x00,
    0x00,0x00,0x00,0x00,0x00,0x00,0x00,0x00,0x00,0x00,0x00,0x00,0x00,0x00,0x00,0x00,
    0x00,0x00,0x00,0x00,0x00,0x00,0x00,0x00,0x00,0x00,0x00,0x00,0x00,0x00,0x00,0x00,
    0xcb,0x42,0x0c,0x4b,0x6a,0x42,0xc3,0x10,0x00,0x00,0x00,0x00,0xc3,0x18,0xeb,0x52,
    0xec,0x4a,0x6a,0x3a,0xab,0x42,0xcb,0x4a,0x45,0x21,0x00,0x00,0x41,0x00,0x21,0x00,
    0x20,0x00,0x41,0x00,0x20,0x00,0x21,0x00,0x00,0x00,0xe4,0x18,0x24,0x19,0xcb,0x4a,
    0xab,0x4a,0x21,0x00,0x00,0x00,0x25,0x21,0xa2,0x10,0x00,0x00,0x00,0x00,0x00,0x00,
    0x00,0x00,0x00,0x00,0x00,0x00,0x00,0x00,0x00,0x00,0x00,0x00,0x00,0x00,0x00,0x00,
    0x00,0x00,0x00,0x00,0x00,0x00,0x00,0x00,0x00,0x00,0x41,0x00,0x62,0x08,0x62,0x08,
    0x62,0x08,0x62,0x08,0x62,0x08,0x62,0x08,0x62,0x08,0x62,0x08,0x62,0x08,0x61,0x08,
    0x61,0x00,0x61,0x00,0x61,0x00,0x61,0x00,0x61,0x00,0x62,0x08,0x62,0x08,0x62,0x08,
    0x62,0x08,0x62,0x08,0x62,0x08,0x62,0x08,0x62,0x08,0x82,0x08,0x82,0x08,0x82,0x08,
    0xa3,0x08,0xc3,0x10,0xe4,0x10,0xe3,0x10,0xe4,0x10,0xc3,0x10,0x41,0x00,0xc3,0x08,
    0x25,0x19,0x86,0x21,0xa7,0x29,0x41,0x00,0x41,0x08,0x41,0x00,0x82,0x08,0x04,0x19,
    0x82,0x08,0x86,0x21,0x69,0x42,0x65,0x19,0xa6,0x21,0x49,0x32,0xa6,0x29,0xc7,0x29,
    0x65,0x19,0x66,0x21,0x45,0x21,0x45,0x21,0xe4,0x18,0x21,0x00,0x82,0x08,0xa2,0x08,
    0x20,0x00,0x20,0x00,0x00,0x00,0x00,0x00,0x00,0x00,0x20,0x00,0x41,0x00,0x21,0x00,
    0x49,0x3a,0x65,0x21,0x28,0x32,0x8a,0x4a,0x61,0x00,0x62,0x08,0xc3,0x10,0xc3,0x10,
    0x62,0x00,0x82,0x08,0x20,0x00,0x00,0x00,0x00,0x00,0x00,0x00,0x45,0x21,0x45,0x19,
    0x24,0x19,0x04,0x19,0x62,0x08,0xa3,0x10,0x82,0x08,0x41,0x00,0x61,0x00,0x82,0x08,
    0x82,0x08,0x62,0x08,0x41,0x00,0x62,0x08,0x82,0x08,0x41,0x08,0x41,0x08,0x21,0x00,
    0x21,0x00,0x20,0x00,0x41,0x00,0x61,0x00,0x61,0x00,0x20,0x00,0x00,0x00,0x00,0x00,
    0x21,0x00,0x41,0x00,0x41,0x00,0x61,0x08,0x41,0x00,0x20,0x00,0x20,0x00,0x00,0x00,
    0x00,0x00,0x00,0x00,0x00,0x00,0x00,0x00,0x00,0x00,0x82,0x08,0xcb,0x52,0x69,0x42,
    0x40,0x00,0x00,0x00,0x00,0x00,0x00,0x00,0x00,0x00,0x00,0x00,0x00,0x00,0x20,0x00,
    0x00,0x00,0x21,0x00,0x41,0x08,0x21,0x00,0xcb,0x42,0x49,0x3a,0xa2,0x08,0x00,0x00,
    0x00,0x00,0x24,0x19,0x0c,0x53,0xcb,0x4a,0x8a,0x3a,0xab,0x42,0xec,0x52,0x25,0x19,
    0x00,0x00,0x41,0x00,0x41,0x00,0x21,0x00,0x41,0x00,0x21,0x00,0x21,0x00,0x00,0x00,
    0xe4,0x18,0x25,0x19,0xcb,0x4a,0xab,0x4a,0x21,0x00,0x00,0x00,0x24,0x21,0xa3,0x10,
    0x00,0x00,0x00,0x00,0x00,0x00,0x00,0x00,0x00,0x00,0x00,0x00,0x00,0x00,0x00,0x00,
    0x00,0x00,0x00,0x00,0x00,0x00,0x00,0x00,0x00,0x00,0x00,0x00,0x00,0x00,0x00,0x00,
    0x41,0x00,0x61,0x08,0x62,0x08,0x62,0x08,0x62,0x08,0x62,0x08,0x62,0x08,0x62,0x08,
    0x62,0x08,0x61,0x00,0x61,0x00,0x62,0x08,0x61,0x00,0x61,0x00,0x61,0x00,0x61,0x00,
    0x62,0x08,0x62,0x08,0x62,0x08,0x62,0x08,0x62,0x08,0x62,0x08,0x62,0x08,0x62,0x08,
    0x62,0x08,0x62,0x08,0x82,0x08,0xa2,0x08,0xa3,0x08,0xe3,0x10,0xe4,0x10,0xe4,0x10,
    0xe4,0x10,0x04,0x19,0x41,0x00,0x04,0x19,0xa7,0x29,0xa7,0x29,0xa3,0x08,0x41,0x00,
    0x21,0x00,0x82,0x08,0x05,0x19,0xe4,0x10,0xe4,0x10,0xa3,0x08,0x04,0x11,0x69,0x3a,
    0xc7,0x29,0xc7,0x29,0xe7,0x29,0xa6,0x21,0xc7,0x21,0x86,0x21,0x86,0x21,0xe3,0x10,
    0x21,0x00,0xa3,0x08,0xc3,0x08,0x45,0x19,0x82,0x08,0x00,0x00,0x20,0x00,0x00,0x00,
    0x00,0x00,0x41,0x08,0x00,0x00,0x62,0x08,0x8e,0x63,0x65,0x19,0x49,0x3a,0x28,0x3a,
    0x41,0x00,0xa3,0x10,0x82,0x08,0x82,0x08,0x82,0x08,0x82,0x08,0x00,0x00,0x00,0x00,
    0x00,0x00,0x00,0x00,0xa2,0x08,0x45,0x21,0xe3,0x10,0x45,0x21,0xc3,0x10,0x82,0x08,
    0xa3,0x10,0xc3,0x10,0x82,0x08,0x82,0x08,0x82,0x08,0x82,0x08,0xc3,0x10,0x62,0x08,
    0x62,0x08,0x41,0x00,0x41,0x00,0x61,0x08,0x61,0x08,0x41,0x00,0x41,0x00,0x61,0x00,
    0x61,0x08,0x41,0x00,0x20,0x00,0x00,0x00,0x00,0x00,0x00,0x00,0x00,0x00,0x00,0x00,
    0x00,0x00,0x00,0x00,0x00,0x00,0x00,0x00,0x00,0x00,0x00,0x00,0x00,0x00,0x20,0x00,
    0xe3,0x10,0x69,0x42,0xef,0x73,0x51,0x7c,0xcb,0x52,0x03,0x19,0x61,0x08,0x41,0x00,
    0x00,0x00,0x00,0x00,0x20,0x00,0x20,0x00,0x20,0x00,0x20,0x00,0x20,0x00,0x00,0x00,
    0x29,0x3a,0x82,0x08,0x00,0x00,0x00,0x00,0x86,0x29,0x0c,0x53,0xcb,0x4a,0x8b,0x42,
    0xec,0x4a,0xec,0x4a,0x04,0x19,0x00,0x00,0x42,0x08,0x41,0x00,0x21,0x00,0x41,0x08,
    0x41,0x00,0x21,0x00,0x00,0x00,0x04,0x19,0x65,0x21,0xab,0x4a,0xab,0x4a,0x21,0x00,
    0x00,0x00,0x65,0x29,0xc3,0x18,0x00,0x00,0x00,0x00,0x00,0x00,0x00,0x00,0x00,0x00,
    0x00,0x00,0x00,0x00,0x00,0x00,0x00,0x00,0x00,0x00,0x00,0x00,0x00,0x00,0x00,0x00,
    0x00,0x00,0x00,0x00,0x00,0x00,0x41,0x08,0x61,0x08,0x62,0x08,0x62,0x08,0x62,0x08,
    0x62,0x08,0x62,0x08,0x62,0x08,0x62,0x08,0x62,0x08,0x61,0x00,0x61,0x00,0x62,0x08,
    0x62,0x08,0x62,0x08,0x62,0x08,0x62,0x08,0x62,0x08,0x62,0x08,0x62,0x08,0x62,0x08,
    0x62,0x08,0x62,0x08,0x62,0x08,0x62,0x08,0x62,0x08,0x82,0x08,0x82,0x08,0xa3,0x08,
    0xa3,0x10,0xc3,0x10,0xe4,0x10,0xe4,0x10,0xe4,0x10,0xe3,0x10,0xe3,0x10,0xa6,0x29,
    0x08,0x3a,0x25,0x19,0x41,0x00,0x41,0x00,0x04,0x19,0x66,0x21,0x46,0x19,0x25,0x19,
    0x04,0x11,0x04,0x11,0xc3,0x10,0x04,0x19,0xc7,0x31,0xa7,0x29,0xa7,0x21,0xc7,0x29,
    0xa7,0x21,0xa7,0x29,0x86,0x21,0x61,0x08,0x21,0x00,0xe4,0x10,0x45,0x19,0x04,0x19,
    0x45,0x21,0x62,0x08,0x00,0x00,0x21,0x00,0x00,0x00,0x82,0x10,0x41,0x08,0x25,0x21,
    0xef,0x73,0x04,0x11,0xcb,0x4a,0x45,0x21,0x62,0x08,0xa2,0x10,0xa3,0x08,0x82,0x00,
    0x82,0x08,0x62,0x08,0x00,0x00,0x00,0x00,0x00,0x00,0x00,0x00,0x00,0x00,0x24,0x19,
    0x04,0x11,0x24,0x19,0xa6,0x29,0x82,0x08,0x62,0x08,0xa3,0x10,0x82,0x08,0xa2,0x08,
    0x82,0x08,0x82,0x08,0xa3,0x10,0x82,0x08,0x82,0x08,0x82,0x08,0x82,0x08,0xc3,0x10,
    0x82,0x08,0x82,0x08,0x82,0x08,0x82,0x08,0x82,0x08,0xa3,0x10,0x61,0x08,0x00,0x00,
    0x00,0x00,0x00,0x00,0x00,0x00,0x00,0x00,0x00,0x00,0x00,0x00,0x00,0x00,0x00,0x00,
    0x00,0x00,0x20,0x00,0x00,0x00,0x21,0x00,0xe3,0x10,0x48,0x3a,0x4c,0x5b,0x0f,0x74,
    0x6d,0x63,0x85,0x29,0xa2,0x10,0x61,0x08,0x00,0x00,0x00,0x00,0x00,0x00,0x00,0x00,
    0x00,0x00,0x00,0x00,0x00,0x00,0x00,0x00,0x61,0x08,0x00,0x00,0x00,0x00,0xe8,0x39,
    0x0c,0x53,0xcb,0x4a,0x8a,0x3a,0x0c,0x4b,0xab,0x4a,0xe4,0x10,0x21,0x00,0x61,0x00,
    0x41,0x00,0x41,0x08,0x41,0x08,0x41,0x08,0x21,0x00,0x00,0x00,0x25,0x21,0x45,0x19,
    0xeb,0x52,0xaa,0x4a,0x41,0x00,0x00,0x00,0x66,0x29,0xe3,0x18,0x00,0x00,0x00,0x00,
    0x00,0x00,0x00,0x00,0x00,0x00,0x00,0x00,0x00,0x00,0x00,0x00,0x00,0x00,0x00,0x00,
    0x00,0x00,0x00,0x00,0x00,0x00,0x00,0x00,0x00,0x00,0x00,0x00,0x41,0x00,0x61,0x08,
    0x62,0x08,0x62,0x08,0x62,0x08,0x62,0x08,0x62,0x08,0x62,0x08,0x82,0x08,0x62,0x08,
    0x62,0x08,0x62,0x08,0x62,0x08,0x62,0x08,0x62,0x08,0x62,0x08,0x62,0x08,0x62,0x08,
    0x62,0x08,0x62,0x08,0x62,0x08,0x62,0x08,0x82,0x08,0x82,0x08,0x82,0x08,0x62,0x08,
    0x62,0x08,0xa3,0x08,0x82,0x08,0x82,0x08,0x83,0x10,0xc3,0x10,0xe4,0x10,0x04,0x11,
    0x04,0x11,0xe3,0x10,0x66,0x21,0xe8,0x31,0x86,0x29,0x41,0x00,0x00,0x00,0x45,0x21,
    0x86,0x21,0x46,0x21,0x25,0x19,0x25,0x11,0x05,0x11,0xe4,0x10,0x25,0x21,0x62,0x08,
    0x62,0x08,0xe8,0x31,0xc7,0x29,0x08,0x2a,0xa7,0x29,0x86,0x21,0xa2,0x08,0x00,0x00,
    0x82,0x08,0x86,0x21,0xe4,0x10,0x25,0x19,0x66,0x19,0xa7,0x29,0x62,0x08,0x00,0x00,
    0x00,0x00,0x86,0x29,0x6e,0x6b,0x04,0x19,0x04,0x11,0x24,0x11,0x2c,0x53,0x24,0x19,
    0xa3,0x10,0x82,0x08,0xc3,0x10,0xa2,0x08,0x82,0x08,0x82,0x08,0x00,0x00,0x00,0x00,
    0x00,0x00,0x00,0x00,0x00,0x00,0x45,0x21,0xa6,0x29,0x45,0x19,0x86,0x29,0x82,0x08,
    0xc3,0x10,0x82,0x08,0x82,0x08,0xc3,0x10,0xa2,0x08,0x82,0x08,0x61,0x00,0xc3,0x10,
    0x45,0x21,0x61,0x00,0xa2,0x08,0xa2,0x08,0xc3,0x08,0xe3,0x10,0x24,0x19,0xa6,0x29,
    0xa7,0x29,0xa7,0x31,0xc3,0x18,0x00,0x00,0x00,0x00,0x00,0x00,0x00,0x00,0x00,0x00,
    0x00,0x00,0x00,0x00,0x00,0x00,0x00,0x00,0x21,0x00,0x21,0x00,0x00,0x00,0x00,0x00,
    0x41,0x08,0x65,0x21,0xca,0x4a,0x30,0x7c,0x0f,0x74,0x07,0x3a,0xe3,0x18,0x82,0x08,
    0x40,0x00,0x00,0x00,0x00,0x00,0x00,0x00,0x00,0x00,0x00,0x00,0x00,0x00,0x00,0x00,
    0x00,0x00,0x20,0x00,0x29,0x42,0x0c,0x53,0x8a,0x42,0xab,0x42,0x0d,0x53,0x8b,0x42,
    0xa3,0x08,0x21,0x00,0x62,0x08,0x62,0x08,0x41,0x08,0x41,0x08,0x61,0x08,0x41,0x00,
    0x00,0x00,0x66,0x29,0x86,0x21,0xeb,0x52,0xaa,0x4a,0x20,0x00,0x00,0x00,0xa7,0x31,
    0xe4,0x18,0x00,0x00,0x00,0x00,0x00,0x00,0x00,0x00,0x00,0x00,0x00,0x00,0x00,0x00,
    0x00,0x00,0x00,0x00,0x00,0x00,0x00,0x00,0x00,0x00,0x00,0x00,0x00,0x00,0x00,0x00,
    0x00,0x00,0x21,0x00,0x61,0x08,0x62,0x08,0x62,0x08,0x62,0x08,0x62,0x08,0x62,0x08,
    0x62,0x08,0x82,0x08,0x82,0x08,0x62,0x08,0x62,0x08,0x62,0x08,0x62,0x08,0x62,0x08,
    0x62,0x08,0x62,0x08,0x62,0x08,0x62,0x08,0x62,0x08,0x62,0x08,0x62,0x08,0x82,0x08,
    0x82,0x08,0x82,0x08,0x82,0x08,0x82,0x08,0xc3,0x10,0xa3,0x08,0xa3,0x08,0xa3,0x08,
    0x83,0x10,0xa3,0x10,0x04,0x19,0x04,0x11,0xe4,0x10,0x45,0x19,0x08,0x32,0xc7,0x31,
    0x61,0x00,0x00,0x00,0xa3,0x08,0xa7,0x29,0x66,0x21,0x46,0x19,0x25,0x11,0x25,0x11,
    0x05,0x11,0x45,0x19,0xc4,0x10,0x21,0x00,0x00,0x00,0x04,0x19,0xe8,0x29,0xc7,0x21,
    0xc7,0x29,0x24,0x19,0x00,0x00,0xe3,0x10,0xc7,0x29,0xa7,0x29,0x25,0x19,0x25,0x11,
    0x87,0x21,0xc7,0x21,0x28,0x32,0x82,0x08,0x21,0x00,0x82,0x00,0x4d,0x5b,0x51,0x7c,
    0xc7,0x29,0x86,0x21,0xae,0x63,0x45,0x19,0xc3,0x10,0xa3,0x10,0xa2,0x08,0xa2,0x08,
    0x82,0x08,0x61,0x08,0x00,0x00,0x00,0x00,0x00,0x00,0x00,0x00,0x00,0x00,0xa2,0x08,
    0x49,0x3a,0x45,0x19,0xa6,0x29,0xe3,0x10,0xc3,0x10,0xc3,0x10,0xa3,0x08,0xc3,0x10,
    0xc3,0x10,0xc3,0x10,0x82,0x08,0xa2,0x08,0xe4,0x10,0xe3,0x10,0xae,0x6b,0x4d,0x5b,
    0x86,0x21,0xa6,0x29,0xa6,0x29,0x24,0x19,0x04,0x19,0xe4,0x18,0xc3,0x10,0x82,0x08,
    0x82,0x10,0x61,0x08,0x41,0x08,0x61,0x08,0x20,0x00,0x00,0x00,0x00,0x00,0x00,0x00,
    0x00,0x00,0x00,0x00,0x00,0x00,0x00,0x00,0x00,0x00,0x21,0x00,0x04,0x21,0x49,0x42,
    0xeb,0x52,0xe3,0x18,0x41,0x00,0x40,0x00,0x41,0x08,0x00,0x00,0x00,0x00,0x00,0x00,
    0x00,0x00,0x00,0x00,0x00,0x00,0x00,0x00,0xa2,0x10,0x6a,0x42,0x0c,0x53,0x6a,0x42,
    0xab,0x42,0x0d,0x53,0x6a,0x3a,0x83,0x08,0x41,0x00,0x82,0x08,0x62,0x08,0x62,0x08,
    0x41,0x08,0x62,0x08,0x41,0x08,0x20,0x00,0x86,0x29,0xa7,0x29,0xec,0x52,0x69,0x42,
    0x21,0x00,0x21,0x00,0xc7,0x31,0x04,0x19,0x00,0x00,0x00,0x00,0x00,0x00,0x00,0x00,
    0x00,0x00,0x00,0x00,0x00,0x00,0x00,0x00,0x00,0x00,0x00,0x00,0x00,0x00,0x00,0x00,
    0x00,0x00,0x00,0x00,0x00,0x00,0x00,0x00,0x41,0x00,0x62,0x08,0x62,0x08,0x62,0x08,
    0x62,0x08,0x62,0x08,0x62,0x08,0x62,0x08,0x62,0x08,0x62,0x08,0x62,0x08,0x62,0x08,
    0x62,0x08,0x62,0x08,0x62,0x08,0x62,0x08,0x62,0x08,0x62,0x08,0x62,0x08,0x62,0x08,
    0x62,0x08,0x62,0x08,0x62,0x08,0x82,0x08,0x82,0x08,0x82,0x08,0x82,0x08,0x82,0x08,
    0xa3,0x08,0xa3,0x08,0xa3,0x10,0xa3,0x10,0xa3,0x10,0xa3,0x08,0xe4,0x10,0xe4,0x10,
    0x24,0x19,0x08,0x32,0xa7,0x29,0x86,0x29,0xc3,0x10,0x41,0x00,0x86,0x21,0x86,0x21,
    0x66,0x19,0x46,0x19,0x25,0x11,0x05,0x11,0x25,0x19,0xe4,0x10,0x41,0x00,0x21,0x00,
    0x00,0x00,0x04,0x19,0xe8,0x31,0xc7,0x29,0x65,0x21,0x21,0x00,0x41,0x00,0x66,0x21,
    0x6a,0x3a,0x45,0x19,0x25,0x19,0x25,0x19,0x66,0x19,0x29,0x32,0x49,0x3a,0xe7,0x31,
    0x8a,0x42,0x66,0x21,0x20,0x00,0x86,0x21,0x24,0x19,0x49,0x3a,0x6d,0x5b,0x45,0x19,
    0x45,0x21,0xc3,0x10,0x82,0x08,0xa2,0x08,0xa3,0x10,0x61,0x08,0x00,0x00,0x20,0x00,
    0x00,0x00,0x00,0x00,0x20,0x00,0x45,0x21,0x49,0x3a,0xa6,0x21,0x65,0x21,0x66,0x21,
    0x62,0x00,0xe3,0x10,0xa3,0x08,0x82,0x08,0xe4,0x10,0xe3,0x10,0xe4,0x10,0x86,0x21,
    0x25,0x19,0x65,0x21,0x10,0x74,0x92,0x84,0xaa,0x4a,0x45,0x19,0x04,0x11,0xe3,0x10,
    0xc3,0x08,0x04,0x19,0x24,0x19,0x25,0x21,0x25,0x21,0x45,0x21,0x04,0x19,0xc3,0x10,
    0xa2,0x08,0x82,0x08,0x20,0x00,0x00,0x00,0x00,0x00,0x00,0x00,0x00,0x00,0x00,0x00,
    0x00,0x00,0x00,0x00,0x00,0x00,0x00,0x00,0x00,0x00,0x20,0x00,0x61,0x08,0x20,0x00,
    0x00,0x00,0x00,0x00,0x00,0x00,0x00,0x00,0x00,0x00,0x00,0x00,0x00,0x00,0x00,0x00,
    0xaa,0x4a,0xeb,0x4a,0x6a,0x3a,0xcc,0x4a,0x2d,0x53,0x29,0x3a,0x62,0x00,0x41,0x08,
    0x82,0x08,0x62,0x00,0x62,0x08,0x61,0x08,0x82,0x08,0x41,0x00,0x41,0x00,0xa6,0x29,
    0xc7,0x31,0x0c,0x5b,0x69,0x42,0x21,0x00,0x41,0x08,0xe7,0x39,0x04,0x19,0x00,0x00,
    0x00,0x00,0x00,0x00,0x00,0x00,0x00,0x00,0x00,0x00,0x00,0x00,0x00,0x00,0x00,0x00,
    0x00,0x00,0x00,0x00,0x00,0x00,0x00,0x00,0x00,0x00,0x00,0x00,0x00,0x00,0x41,0x08,
    0x62,0x08,0x82,0x08,0x62,0x08,0x62,0x08,0x62,0x08,0x62,0x08,0x82,0x08,0x82,0x08,
    0x62,0x08,0x62,0x08,0x62,0x08,0x62,0x08,0x62,0x08,0x62,0x08,0x62,0x08,0x82,0x08,
    0x62,0x08,0x62,0x08,0x62,0x08,0x62,0x08,0x62,0x08,0x82,0x08,0x82,0x08,0x82,0x08,
    0x82,0x08,0x82,0x08,0x82,0x08,0xa3,0x10,0xa3,0x10,0xa3,0x10,0xa3,0x08,0xa3,0x10,
    0xa3,0x10,0xc3,0x08,0xc3,0x08,0x45,0x19,0xe7,0x29,0x08,0x3a,0x24,0x19,0x61,0x08,
    0x21,0x00,0xa3,0x10,0x86,0x21,0x45,0x19,0x46,0x19,0x46,0x19,0x45,0x19,0x25,0x19,
    0x25,0x19,0x41,0x00,0x21,0x00,0x20,0x00,0x61,0x08,0xe7,0x31,0x29,0x3a,0xe8,0x31,
    0x82,0x08,0x20,0x00,0x45,0x19,0xc7,0x29,0x25,0x11,0x6a,0x3a,0xe4,0x10,0xe4,0x10,
    0x04,0x11,0x86,0x21,0x66,0x21,0x82,0x08,0x82,0x08,0xcb,0x52,0x86,0x29,0x62,0x00,
    0xc3,0x08,0xcb,0x4a,0x4c,0x5b,0x04,0x11,0x25,0x19,0xe4,0x18,0xc3,0x10,0xc3,0x10,
    0xa3,0x10,0x41,0x00,0x00,0x00,0x00,0x00,0x61,0x08,0x41,0x00,0x82,0x08,0x50,0x7c,
    0xae,0x63,0x86,0x21,0x24,0x19,0xa7,0x29,0xa3,0x08,0xa3,0x08,0xc3,0x10,0xa3,0x08,
    0xe3,0x08,0xe3,0x10,0xa6,0x21,0x65,0x19,0x65,0x19,0xa6,0x29,0x49,0x3a,0x8a,0x42,
    0xc7,0x29,0xe3,0x10,0x04,0x11,0x65,0x19,0xe7,0x29,0xe7,0x31,0xc7,0x31,0xc7,0x31,
    0xa6,0x29,0x45,0x21,0x04,0x19,0xa6,0x29,0xa6,0x29,0x66,0x21,0xc3,0x10,0x62,0x08,
    0x20,0x00,0x00,0x00,0x00,0x00,0x00,0x00,0x00,0x00,0x00,0x00,0x00,0x00,0x00,0x00,
    0x20,0x00,0x20,0x00,0x20,0x00,0x00,0x00,0x00,0x00,0x00,0x00,0x00,0x00,0x00,0x00,
    0x00,0x00,0x00,0x00,0x00,0x00,0x00,0x00,0x8a,0x42,0x6a,0x3a,0xcc,0x4a,0x2d,0x53,
    0xe8,0x29,0x41,0x00,0x62,0x08,0x82,0x10,0x82,0x08,0x82,0x08,0x62,0x08,0xa3,0x10,
    0x41,0x00,0x62,0x08,0xc7,0x31,0xe7,0x31,0x6d,0x5b,0x28,0x3a,0x00,0x00,0x41,0x08,
    0xe8,0x39,0x04,0x19,0x00,0x00,0x20,0x00,0x00,0x00,0x00,0x00,0x00,0x00,0x00,0x00,
    0x00,0x00,0x00,0x00,0x00,0x00,0x00,0x00,0x00,0x00,0x00,0x00,0x00,0x00,0x00,0x00,
    0x00,0x00,0x00,0x00,0x41,0x08,0x61,0x08,0x62,0x08,0x82,0x08,0x82,0x08,0x82,0x08,
    0x62,0x08,0x62,0x08,0x62,0x08,0x62,0x08,0x62,0x08,0x82,0x08,0x82,0x08,0x62,0x08,
    0x62,0x08,0x62,0x08,0x62,0x08,0x62,0x08,0x82,0x08,0x82,0x08,0x82,0x08,0x82,0x08,
    0x82,0x08,0x82,0x08,0x82,0x08,0x82,0x08,0xa3,0x08,0x82,0x08,0x82,0x08,0xa3,0x08,
    0xa3,0x10,0xa3,0x10,0xc3,0x10,0xa3,0x10,0xc3,0x10,0xa3,0x08,0x04,0x11,0xe7,0x29,
    0x28,0x32,0xa7,0x29,0x21,0x00,0x00,0x00,0x41,0x08,0x41,0x00,0xa7,0x29,0x66,0x19,
    0x25,0x11,0x46,0x19,0x46,0x19,0x46,0x21,0x83,0x08,0x01,0x00,0x21,0x00,0x20,0x00,
    0x86,0x21,0x28,0x3a,0xe7,0x31,0xc3,0x10,0x00,0x00,0xe3,0x10,0xc7,0x29,0xa7,0x21,
    0x05,0x11,0xa7,0x21,0x8b,0x42,0xa3,0x08,0xa3,0x08,0x00,0x00,0x00,0x00,0x00,0x00,
    0x00,0x00,0x62,0x08,0x0c,0x53,0x28,0x3a,0xe3,0x10,0x6d,0x63,0x8a,0x42,0x45,0x19,
    0x45,0x21,0x82,0x08,0x41,0x08,0x21,0x00,0x21,0x00,0x21,0x00,0x82,0x08,0x45,0x21,
    0x86,0x29,0x44,0x19,0x61,0x00,0xef,0x6b,0x50,0x74,0x08,0x32,0xe3,0x10,0x86,0x21,
    0x24,0x19,0x04,0x11,0xa2,0x08,0xc3,0x08,0x04,0x09,0x24,0x11,0x08,0x32,0xe7,0x29,
    0x28,0x3a,0xa6,0x21,0x65,0x19,0x86,0x21,0x45,0x19,0x04,0x11,0xc7,0x29,0x49,0x3a,
    0xaa,0x42,0xa6,0x29,0x29,0x3a,0xcb,0x4a,0xa6,0x29,0x8a,0x42,0xa7,0x29,0xc7,0x29,
    0xa6,0x29,0x65,0x21,0x65,0x21,0xc7,0x29,0x04,0x11,0x41,0x00,0x20,0x00,0x00,0x00,
    0x00,0x00,0x00,0x00,0x00,0x00,0x00,0x00,0x00,0x00,0x00,0x00,0x00,0x00,0x00,0x00,
    0x00,0x00,0x00,0x00,0x00,0x00,0x00,0x00,0x00,0x00,0x00,0x00,0x00,0x00,0x00,0x00,
    0x69,0x42,0xeb,0x4a,0x0c,0x53,0x65,0x21,0x41,0x00,0xa2,0x08,0xa2,0x08,0x82,0x08,
    0x82,0x08,0x82,0x08,0xc3,0x10,0x62,0x08,0xa3,0x10,0xc7,0x31,0xe7,0x31,0x2d,0x5b,
    0x08,0x32,0x20,0x00,0x82,0x08,0x08,0x3a,0x04,0x19,0x00,0x00,0x00,0x00,0x00,0x00,
    0x00,0x00,0x00,0x00,0x00,0x00,0x00,0x00,0x00,0x00,0x00,0x00,0x00,0x00,0x00,0x00,
    0x00,0x00,0x00,0x00,0x00,0x00,0x00,0x00,0x00,0x00,0x41,0x00,0xa3,0x10,0x62,0x08,
    0x82,0x08,0x62,0x08,0x82,0x08,0x62,0x08,0x82,0x08,0x82,0x08,0x82,0x08,0x62,0x08,
    0x62,0x08,0x62,0x08,0x82,0x08,0x82,0x08,0x82,0x08,0x82,0x08,0x82,0x08,0x82,0x08,
    0x82,0x08,0x82,0x08,0x82,0x08,0x82,0x08,0x82,0x08,0x82,0x08,0x82,0x08,0x82,0x08,
    0xa2,0x08,0xa2,0x08,0xa3,0x08,0xa3,0x10,0xc3,0x10,0xc3,0x10,0xc3,0x10,0xc3,0x10,
    0xc2,0x08,0xe3,0x10,0x07,0x2a,0x69,0x3a,0x49,0x3a,0x45,0x19,0x00,0x00,0xa3,0x10,
    0x04,0x19,0x41,0x00,0x04,0x11,0x29,0x32,0x25,0x11,0x66,0x19,0x87,0x21,0xe4,0x10,
    0x21,0x00,0x21,0x00,0x00,0x00,0x65,0x19,0x49,0x3a,0x08,0x3a,0x04,0x19,0x00,0x00,
    0x62,0x08,0xa7,0x29,0x66,0x19,0x66,0x19,0x46,0x19,0xe4,0x08,0xc7,0x29,0x69,0x42,
    0x61,0x00,0x00,0x00,0x00,0x00,0x00,0x00,0x00,0x00,0xa6,0x21,0xef,0x6b,0xc7,0x29,
    0x24,0x19,0xcf,0x73,0xe7,0x31,0x04,0x19,0xe3,0x18,0x00,0x00,0x41,0x00,0x25,0x19,
    0x45,0x21,0x65,0x21,0x65,0x21,0x86,0x29,0x65,0x21,0xe7,0x31,0x82,0x00,0xae,0x63,
    0x50,0x7c,0xaa,0x42,0x24,0x19,0x25,0x19,0x86,0x21,0x04,0x11,0x24,0x19,0x04,0x11,
    0x24,0x11,0x45,0x11,0xe7,0x29,0xaa,0x42,0xa6,0x21,0x24,0x11,0xc7,0x29,0xc3,0x10,
    0xc7,0x21,0xeb,0x4a,0xeb,0x4a,0x08,0x32,0xe7,0x29,0x49,0x3a,0xc3,0x10,0x49,0x42,
    0xa2,0x08,0xcb,0x4a,0xa3,0x08,0x49,0x42,0xc7,0x31,0x45,0x19,0x08,0x3a,0x86,0x21,
    0xe7,0x29,0x65,0x21,0x82,0x08,0x20,0x00,0x00,0x00,0x00,0x00,0x00,0x00,0x00,0x00,
    0x00,0x00,0x00,0x00,0x00,0x00,0x00,0x00,0x00,0x00,0x00,0x00,0x00,0x00,0x00,0x00,
    0x00,0x00,0x00,0x00,0x00,0x00,0x00,0x00,0xeb,0x4a,0xab,0x4a,0x24,0x19,0x41,0x00,
    0xa3,0x08,0xa2,0x08,0xa2,0x08,0x82,0x08,0x82,0x08,0xe4,0x10,0x62,0x08,0xe3,0x18,
    0x08,0x3a,0xe7,0x31,0x2d,0x5b,0xe8,0x31,0x00,0x00,0xa2,0x10,0x49,0x3a,0x04,0x19,
    0x00,0x00,0x00,0x00,0x00,0x00,0x00,0x00,0x00,0x00,0x00,0x00,0x00,0x00,0x00,0x00,
    0x00,0x00,0x00,0x00,0x00,0x00,0x00,0x00,0x00,0x00,0x00,0x00,0x00,0x00,0x00,0x00,
    0x00,0x00,0x21,0x00,0x82,0x08,0x62,0x08,0x82,0x08,0x62,0x08,0x62,0x08,0x82,0x08,
    0x62,0x08,0x62,0x08,0x62,0x08,0x62,0x08,0x82,0x08,0x82,0x08,0x82,0x08,0x82,0x08,
    0x82,0x08,0x82,0x08,0x82,0x08,0x82,0x08,0x82,0x08,0x82,0x08,0x82,0x08,0x82,0x08,
    0x82,0x08,0x82,0x08,0xa3,0x08,0xa3,0x08,0xa2,0x08,0xc3,0x08,0xa3,0x08,0xc3,0x10,
    0x04,0x19,0xc3,0x10,0xe3,0x10,0xe3,0x10,0xe3,0x10,0xc7,0x29,0x49,0x32,0x28,0x32,
    0x49,0x32,0x04,0x11,0x21,0x00,0x25,0x21,0x45,0x21,0xc3,0x10,0x41,0x00,0x29,0x32,
    0xe8,0x29,0x66,0x19,0x46,0x19,0x41,0x00,0x41,0x00,0x00,0x00,0x04,0x11,0x49,0x3a,
    0x08,0x32,0x65,0x21,0x61,0x00,0x41,0x00,0x66,0x21,0x66,0x21,0x46,0x19,0x05,0x11,
    0x87,0x21,0x45,0x19,0xc3,0x08,0xc7,0x31,0x82,0x08,0x00,0x00,0x00,0x00,0x00,0x00,
    0x24,0x19,0x0f,0x6c,0x30,0x74,0xc3,0x08,0x48,0x3a,0xcf,0x6b,0x86,0x29,0xc3,0x10,
    0x62,0x00,0x04,0x19,0x65,0x21,0x04,0x19,0x04,0x19,0x04,0x19,0xa2,0x08,0x61,0x00,
    0x61,0x00,0x28,0x3a,0xa2,0x08,0x8e,0x63,0x91,0x84,0x8d,0x63,0x45,0x21,0x24,0x19,
    0x86,0x21,0x24,0x19,0x45,0x19,0x65,0x21,0x65,0x19,0x86,0x21,0xe7,0x29,0xe7,0x29,
    0x24,0x11,0x66,0x21,0xe4,0x10,0xc7,0x29,0xeb,0x4a,0x8a,0x42,0x49,0x3a,0x69,0x3a,
    0x82,0x00,0x28,0x3a,0xa3,0x08,0xc3,0x10,0x82,0x00,0x49,0x42,0xc3,0x10,0x04,0x19,
    0x62,0x08,0x65,0x21,0x08,0x3a,0x45,0x19,0xa6,0x29,0xc6,0x29,0x28,0x3a,0x82,0x08,
    0x00,0x00,0x00,0x00,0x00,0x00,0x00,0x00,0x00,0x00,0x00,0x00,0x00,0x00,0x00,0x00,
    0x00,0x00,0x00,0x00,0x00,0x00,0x00,0x00,0x00,0x00,0x00,0x00,0x00,0x00,0x00,0x00,
    0x6a,0x42,0xe3,0x10,0x41,0x00,0xa3,0x10,0xa2,0x08,0xc3,0x10,0xa3,0x10,0xa2,0x08,
    0xe4,0x10,0x61,0x08,0x25,0x21,0x29,0x3a,0x08,0x32,0x4d,0x5b,0xa7,0x29,0x00,0x00,
    0xc3,0x10,0x8a,0x42,0x04,0x19,0x00,0x00,0x00,0x00,0x00,0x00,0x00,0x00,0x00,0x00,
    0x00,0x00,0x00,0x00,0x00,0x00,0x00,0x00,0x00,0x00,0x00,0x00,0x00,0x00,0x00,0x00,
    0x00,0x00,0x00,0x00,0x00,0x00,0x00,0x00,0x00,0x00,0x00,0x00,0x62,0x08,0x62,0x08,
    0x82,0x08,0x82,0x08,0x82,0x08,0x82,0x08,0x82,0x08,0x82,0x08,0x82,0x08,0x82,0x08,
    0x82,0x08,0x82,0x08,0x82,0x08,0x82,0x08,0x82,0x08,0x82,0x08,0x82,0x08,0x82,0x08,
    0x82,0x08,0x82,0x08,0x82,0x08,0x82,0x08,0x82,0x08,0x82,0x08,0xa3,0x10,0xa3,0x10,
    0xc3,0x08,0xc3,0x10,0xa3,0x08,0xe3,0x10,0xe4,0x10,0xe3,0x10,0x04,0x11,0xc3,0x08,
    0xc7,0x21,0x8a,0x3a,0x8a,0x3a,0x8a,0x3a,0xab,0x42,0xc3,0x08,0xc4,0x10,0x66,0x29,
    0x25,0x19,0x04,0x19,0x62,0x08,0xe4,0x10,0xab,0x4a,0x66,0x21,0x61,0x00,0x21,0x00,
    0x21,0x00,0xe3,0x10,0x29,0x3a,0x49,0x3a,0xa7,0x21,0x41,0x00,0x21,0x00,0x25,0x21,
    0x86,0x21,0x66,0x21,0x86,0x21,0xa7,0x21,0x05,0x11,0x25,0x19,0x45,0x21,0x41,0x00,
    0x00,0x00,0x00,0x00,0x00,0x00,0xe3,0x10,0xeb,0x4a,0x30,0x74,0x0c,0x53,0x62,0x00,
    0xca,0x4a,0x6d,0x5b,0x65,0x21,0xa2,0x08,0xa2,0x08,0xa3,0x08,0xa3,0x08,0x62,0x00,
    0x61,0x00,0x62,0x00,0x82,0x00,0xa3,0x08,0x20,0x00,0xc7,0x31,0xa6,0x29,0x28,0x3a,
    0xca,0x4a,0x8a,0x42,0xa6,0x29,0x04,0x19,0x86,0x29,0x65,0x21,0x45,0x21,0x65,0x21,
    0xa6,0x21,0x08,0x32,0xe7,0x29,0x24,0x11,0x08,0x32,0x24,0x11,0xa6,0x29,0xcb,0x4a,
    0x69,0x3a,0x0c,0x53,0x86,0x21,0xc7,0x29,0xe4,0x10,0x62,0x08,0x82,0x08,0x41,0x00,
    0x04,0x11,0xaa,0x4a,0x45,0x21,0x41,0x00,0x41,0x00,0x45,0x21,0x62,0x08,0xe3,0x10,
    0x49,0x42,0x65,0x21,0xe7,0x31,0x49,0x42,0x82,0x08,0x00,0x00,0x00,0x00,0x00,0x00,
    0x00,0x00,0x00,0x00,0x00,0x00,0x00,0x00,0x00,0x00,0x00,0x00,0x00,0x00,0x00,0x00,
    0x00,0x00,0x00,0x00,0x00,0x00,0x00,0x00,0xa3,0x08,0x61,0x00,0xa2,0x08,0xa3,0x10,
    0xa3,0x10,0xa3,0x10,0xa3,0x10,0x04,0x19,0x41,0x00,0x65,0x21,0x28,0x3a,0x49,0x42,
    0x4d,0x5b,0x66,0x21,0x00,0x00,0x04,0x19,0x8a,0x4a,0xe3,0x18,0x00,0x00,0x00,0x00,
    0x00,0x00,0x00,0x00,0x00,0x00,0x00,0x00,0x00,0x00,0x00,0x00,0x00,0x00,0x00,0x00,
    0x00,0x00,0x00,0x00,0x00,0x00,0x00,0x00,0x00,0x00,0x00,0x00,0x00,0x00,0x00,0x00,
    0x00,0x00,0x00,0x00,0x61,0x08,0x82,0x08,0x82,0x08,0x82,0x08,0x82,0x08,0x62,0x08,
    0x82,0x08,0x82,0x08,0x82,0x08,0x82,0x08,0x82,0x08,0x82,0x08,0x82,0x08,0xa3,0x08,
    0xa3,0x08,0xa3,0x08,0xa3,0x08,0xa3,0x08,0xa2,0x08,0xa2,0x08,0xa2,0x08,0xa3,0x08,
    0xa3,0x08,0xa3,0x08,0xa3,0x08,0xc3,0x10,0xc3,0x10,0xc3,0x10,0xe4,0x10,0xe4,0x10,
    0x04,0x11,0x04,0x11,0xc3,0x08,0x08,0x32,0x6a,0x32,0x6a,0x32,0x8a,0x3a,0x8a,0x3a,
    0xab,0x42,0x25,0x19,0x05,0x19,0x66,0x21,0x45,0x21,0x04,0x19,0x04,0x11,0x62,0x08,
    0xe7,0x31,0xe3,0x10,0x20,0x00,0x20,0x00,0xe4,0x10,0x8a,0x42,0x49,0x3a,0xe7,0x29,
    0x82,0x00,0x21,0x00,0xe4,0x10,0x08,0x3a,0xc7,0x29,0x66,0x19,0xa7,0x21,0x8b,0x42,
    0x8b,0x4a,0xc7,0x29,0x61,0x08,0x00,0x00,0x00,0x00,0x00,0x00,0xc3,0x10,0xeb,0x4a,
    0xae,0x5b,0xcf,0x63,0xe7,0x29,0xa2,0x08,0x2c,0x53,0x0b,0x4b,0x65,0x19,0xa2,0x08,
    0x04,0x19,0xc3,0x08,0xa3,0x08,0xc3,0x08,0xc3,0x10,0xa3,0x08,0xa2,0x08,0xa2,0x08,
    0x00,0x00,0xc7,0x39,0xcb,0x52,0x61,0x08,0xe7,0x31,0x92,0x84,0x6d,0x63,0x45,0x19,
    0x65,0x21,0x66,0x21,0x62,0x08,0x41,0x00,0xc3,0x08,0x08,0x32,0xa7,0x29,0xa6,0x21,
    0x65,0x19,0x65,0x19,0x0c,0x53,0x0c,0x53,0xe3,0x10,0xe7,0x31,0xab,0x4a,0x82,0x08,
    0xe3,0x10,0xa3,0x08,0x41,0x00,0x82,0x08,0xe3,0x10,0x49,0x42,0xc7,0x31,0x41,0x00,
    0x61,0x00,0x41,0x00,0x00,0x00,0x04,0x19,0x82,0x08,0xc3,0x10,0x49,0x3a,0x45,0x19,
    0x49,0x3a,0x61,0x08,0x00,0x00,0x00,0x00,0x00,0x00,0x00,0x00,0x00,0x00,0x00,0x00,
    0x00,0x00,0x00,0x00,0x00,0x00,0x00,0x00,0x00,0x00,0x00,0x00,0x00,0x00,0x00,0x00,
    0x62,0x08,0x82,0x08,0xa3,0x10,0xa3,0x10,0xa3,0x10,0xc3,0x10,0xe3,0x10,0x41,0x00,
    0xc7,0x31,0xe8,0x31,0x6a,0x42,0x0c,0x5b,0x45,0x21,0x00,0x00,0x45,0x21,0xaa,0x4a,
    0xe3,0x18,0x00,0x00,0x00,0x00,0x00,0x00,0x00,0x00,0x00,0x00,0x00,0x00,0x00,0x00,
    0x00,0x00,0x00,0x00,0x00,0x00,0x00,0x00,0x00,0x00,0x00,0x00,0x00,0x00,0x00,0x00,
    0x00,0x00,0x00,0x00,0x00,0x00,0x00,0x00,0x00,0x00,0x00,0x00,0x41,0x00,0x82,0x08,
    0x82,0x08,0x82,0x08,0x62,0x08,0x82,0x08,0x82,0x08,0x82,0x08,0x82,0x08,0x82,0x08,
    0x82,0x08,0xa2,0x08,0xa3,0x08,0x82,0x08,0xa3,0x10,0xa3,0x10,0xa3,0x08,0xa3,0x08,
    0xa3,0x08,0xa3,0x08,0xa3,0x08,0xa3,0x08,0xa3,0x08,0xc3,0x10,0xc3,0x10,0xc3,0x10,
    0xe4,0x10,0xc3,0x10,0xe4,0x10,0x04,0x11,0x24,0x11,0xc3,0x08,0x28,0x32,0xab,0x42,
    0x4a,0x32,0x8b,0x3a,0x6a,0x32,0x6a,0x32,0xec,0x4a,0x6a,0x3a,0xe4,0x08,0x66,0x21,
    0x86,0x21,0x66,0x21,0x24,0x19,0xe3,0x10,0x21,0x00,0x41,0x00,0x20,0x00,0x61,0x00,
    0x49,0x3a,0x69,0x3a,0x49,0x3a,0xe4,0x10,0x62,0x00,0xc4,0x10,0xc7,0x31,0x45,0x19,
    0x24,0x19,0xa6,0x21,0x86,0x21,0x45,0x19,0x45,0x21,0xa6,0x29,0x41,0x00,0x20,0x00,
    0x20,0x00,0x41,0x00,0x8a,0x42,0xae,0x5b,0x6d,0x53,0xcf,0x63,0xe8,0x29,0x24,0x19,
    0x6d,0x5b,0xaa,0x3a,0x45,0x19,0xa3,0x08,0x25,0x19,0xe4,0x10,0xc4,0x08,0xc3,0x08,
    0xa3,0x08,0xa3,0x08,0x82,0x08,0x82,0x08,0x41,0x00,0x00,0x00,0x00,0x00,0x00,0x00,
    0xc3,0x10,0x49,0x42,0xc7,0x29,0xa6,0x21,0x65,0x19,0x08,0x32,0xa3,0x10,0x41,0x00,
    0xe4,0x10,0x04,0x11,0x04,0x11,0x86,0x21,0xe3,0x08,0x28,0x32,0xcb,0x42,0xa6,0x21,
    0xa7,0x29,0x61,0x00,0xa3,0x08,0x62,0x00,0x41,0x00,0x82,0x08,0x82,0x08,0x41,0x00,
    0xc3,0x10,0xc7,0x31,0x25,0x21,0x41,0x00,0x61,0x08,0x61,0x08,0x41,0x00,0x62,0x08,
    0x41,0x08,0x86,0x29,0x86,0x29,0x28,0x3a,0xc7,0x29,0x08,0x3a,0x20,0x00,0x00,0x00,
    0x00,0x00,0x00,0x00,0x00,0x00,0x00,0x00,0x00,0x00,0x00,0x00,0x00,0x00,0x00,0x00,
    0x00,0x00,0x00,0x00,0x00,0x00,0x00,0x00,0x82,0x08,0x82,0x08,0xa2,0x10,0x82,0x08,
    0xc3,0x10,0xc3,0x10,0x61,0x00,0x08,0x32,0xe8,0x31,0xaa,0x4a,0xec,0x52,0xe4,0x10,
    0x00,0x00,0x86,0x29,0x8a,0x4a,0xc3,0x10,0x20,0x00,0x00,0x00,0x00,0x00,0x00,0x00,
    0x00,0x00,0x00,0x00,0x00,0x00,0x00,0x00,0x00,0x00,0x00,0x00,0x00,0x00,0x00,0x00,
    0x00,0x00,0x00,0x00,0x00,0x00,0x00,0x00,0x00,0x00,0x00,0x00,0x00,0x00,0x00,0x00,
    0x00,0x00,0x00,0x00,0x62,0x08,0x82,0x08,0xa2,0x08,0x82,0x08,0x82,0x08,0x82,0x08,
    0x82,0x08,0xa2,0x08,0x82,0x08,0x82,0x08,0xa3,0x08,0xa3,0x08,0xa3,0x08,0xa3,0x08,
    0xa3,0x08,0xa3,0x08,0xa3,0x08,0xa3,0x08,0xa3,0x08,0xa3,0x08,0xa3,0x08,0xc3,0x08,
    0xc3,0x08,0xc3,0x08,0xc3,0x10,0xe3,0x10,0xe4,0x10,0xe3,0x10,0x24,0x19,0x04,0x11,
    0xe4,0x08,0xe8,0x29,0xcb,0x42,0x8a,0x3a,0xec,0x4a,0x0c,0x4b,0x4d,0x53,0x0c,0x4b,
    0xec,0x4a,0xab,0x42,0xc7,0x29,0xe4,0x08,0x66,0x19,0x86,0x21,0x66,0x21,0x45,0x21,
    0x82,0x08,0x00,0x00,0x20,0x00,0xe7,0x31,0x8a,0x42,0x6a,0x42,0xe4,0x10,0x41,0x00,
    0x82,0x08,0x82,0x08,0xa3,0x10,0x6a,0x42,0x6d,0x5b,0xae,0x63,0xcf,0x6b,0x6d,0x5b,
    0xaa,0x4a,0x41,0x00,0x00,0x00,0x21,0x00,0x00,0x00,0x45,0x19,0xcb,0x42,0x8e,0x53,
    0xef,0x63,0x0c,0x4b,0xc7,0x29,0x45,0x19,0xae,0x5b,0x89,0x3a,0xc3,0x08,0xc3,0x10,
    0x04,0x11,0xc3,0x08,0xc3,0x08,0xc3,0x08,0xa3,0x08,0x82,0x08,0x82,0x08,0xa2,0x08,
    0x21,0x00,0x00,0x00,0x00,0x00,0x00,0x00,0x00,0x00,0x21,0x00,0xc3,0x08,0x65,0x19,
    0x86,0x21,0xa6,0x29,0x86,0x21,0xe4,0x18,0xe3,0x10,0x82,0x00,0x04,0x11,0x45,0x19,
    0x24,0x11,0x0c,0x53,0x69,0x3a,0xa6,0x21,0xa2,0x08,0x62,0x08,0x62,0x08,0xa3,0x10,
    0x41,0x00,0x41,0x00,0x82,0x08,0x62,0x08,0x41,0x00,0x41,0x00,0x41,0x00,0x61,0x08,
    0x62,0x08,0x21,0x00,0x66,0x29,0x49,0x42,0x86,0x29,0x04,0x19,0x00,0x00,0x29,0x3a,
    0x86,0x29,0x08,0x3a,0x45,0x21,0x00,0x00,0x00,0x00,0x00,0x00,0x00,0x00,0x00,0x00,
    0x00,0x00,0x00,0x00,0x00,0x00,0x00,0x00,0x00,0x00,0x00,0x00,0x00,0x00,0x00,0x00,
    0x82,0x08,0x82,0x08,0xa3,0x10,0xc3,0x10,0x82,0x08,0x82,0x08,0x08,0x3a,0xe7,0x31,
    0xcb,0x52,0xaa,0x4a,0xc3,0x10,0x00,0x00,0xe7,0x39,0x6a,0x4a,0xc3,0x10,0x00,0x00,
    0x00,0x00,0x00,0x00,0x00,0x00,0x00,0x00,0x00,0x00,0x00,0x00,0x00,0x00,0x00,0x00,
    0x00,0x00,0x00,0x00,0x00,0x00,0x00,0x00,0x00,0x00,0x00,0x00,0x00,0x00,0x00,0x00,
    0x00,0x00,0x00,0x00,0x00,0x00,0x00,0x00,0x00,0x00,0x21,0x00,0x62,0x08,0x82,0x08,
    0x82,0x08,0x82,0x08,0x82,0x08,0x82,0x08,0x82,0x08,0xa3,0x10,0xa2,0x10,0xa2,0x08,
    0xa3,0x08,0xa3,0x08,0xa3,0x08,0xc3,0x10,0xc3,0x10,0xa3,0x08,0xa3,0x08,0xc3,0x10,
    0xc3,0x10,0xc3,0x08,0xc3,0x08,0xc3,0x10,0xe3,0x10,0xc3,0x10,0xe3,0x10,0x04,0x11,
    0x04,0x11,0x04,0x19,0x04,0x11,0xe4,0x08,0x08,0x2a,0xab,0x42,0xec,0x4a,0xcb,0x4a,
    0x49,0x3a,0x28,0x3a,0x28,0x3a,0xaa,0x42,0x8e,0x63,0x2c,0x53,0x69,0x3a,0xc7,0x21,
    0x25,0x11,0x24,0x11,0x24,0x19,0x04,0x19,0x03,0x11,0xa2,0x08,0xe8,0x29,0x8a,0x42,
    0x49,0x3a,0x45,0x19,0x21,0x00,0x82,0x10,0x41,0x08,0x00,0x00,0xc3,0x10,0x4d,0x63,
    0x6d,0x5b,0x8e,0x63,0x2c,0x5b,0xae,0x6b,0x08,0x3a,0x41,0x00,0x41,0x00,0x00,0x00,
    0x82,0x08,0x08,0x2a,0xab,0x3a,0xec,0x42,0x8e,0x5b,0xcf,0x63,0x86,0x21,0xe7,0x29,
    0xae,0x5b,0xe7,0x29,0x62,0x00,0xc3,0x08,0xe4,0x18,0xc4,0x10,0xe4,0x10,0xe4,0x10,
    0xa3,0x08,0x83,0x08,0x62,0x08,0x82,0x08,0x21,0x00,0x00,0x00,0x00,0x00,0x00,0x00,
    0x00,0x00,0x08,0x42,0xa6,0x29,0xe3,0x08,0x08,0x2a,0x25,0x11,0x08,0x32,0xe3,0x10,
    0xc3,0x08,0x65,0x19,0xc7,0x29,0x04,0x11,0x86,0x21,0xcb,0x4a,0x65,0x19,0xe7,0x29,
    0xe3,0x10,0x41,0x00,0x62,0x08,0x61,0x08,0x82,0x08,0x41,0x00,0x41,0x00,0x62,0x08,
    0x62,0x08,0x41,0x00,0x41,0x00,0x41,0x00,0x20,0x00,0xa6,0x29,0x49,0x3a,0xa6,0x29,
    0x28,0x3a,0x62,0x08,0x62,0x08,0xe4,0x18,0x69,0x42,0xa6,0x29,0xaa,0x4a,0x81,0x08,
    0x00,0x00,0x00,0x00,0x00,0x00,0x00,0x00,0x00,0x00,0x00,0x00,0x00,0x00,0x00,0x00,
    0x00,0x00,0x00,0x00,0x00,0x00,0x00,0x00,0x82,0x08,0x82,0x08,0xc3,0x10,0x61,0x08,
    0xc3,0x10,0x08,0x3a,0xe7,0x31,0x0c,0x53,0x6a,0x42,0xa2,0x08,0x20,0x00,0x29,0x42,
    0x8a,0x4a,0xa3,0x10,0x00,0x00,0x00,0x00,0x00,0x00,0x00,0x00,0x00,0x00,0x00,0x00,
    0x00,0x00,0x00,0x00,0x00,0x00,0x00,0x00,0x00,0x00,0x00,0x00,0x00,0x00,0x00,0x00,
    0x00,0x00,0x00,0x00,0x00,0x00,0x00,0x00,0x00,0x00,0x00,0x00,0x00,0x00,0x00,0x00,
    0x20,0x00,0x21,0x00,0x62,0x08,0xa2,0x08,0xa3,0x10,0x82,0x08,0x82,0x08,0xa3,0x08,
    0xa2,0x08,0xa3,0x10,0xa3,0x10,0xa3,0x10,0xa3,0x08,0xc3,0x10,0xc3,0x10,0xc3,0x10,
    0xc3,0x10,0xc3,0x10,0xc3,0x10,0xc3,0x10,0xc3,0x10,0xe3,0x10,0xe3,0x10,0xc3,0x10,
    0xe3,0x10,0xe4,0x10,0x04,0x11,0x04,0x11,0x04,0x11,0x04,0x11,0x04,0x09,0xe8,0x29,
    0xab,0x42,0x0c,0x4b,0x4a,0x3a,0xc3,0x10,0x61,0x00,0xa2,0x08,0x82,0x08,0xc3,0x08,
    0x86,0x21,0x4d,0x5b,0x4d,0x53,0xab,0x3a,0x8a,0x3a,0xe8,0x29,0xa6,0x21,0xa6,0x29,
    0xe7,0x29,0x8a,0x42,0x8a,0x3a,0xab,0x42,0x86,0x21,0x21,0x00,0x61,0x08,0x21,0x08,
    0x20,0x00,0x00,0x00,0x41,0x00,0xa2,0x08,0xa2,0x08,0x41,0x00,0xe3,0x10,0xc3,0x10,
    0x82,0x10,0x61,0x08,0x82,0x10,0x21,0x00,0x08,0x32,0x08,0x2a,0x6a,0x32,0xab,0x3a,
    0x49,0x32,0xec,0x4a,0x08,0x32,0x69,0x3a,0x6e,0x53,0x86,0x19,0x82,0x00,0xe4,0x10,
    0xe4,0x10,0xe4,0x10,0xa3,0x08,0xe3,0x08,0xa3,0x08,0xc3,0x10,0xc4,0x10,0x62,0x00,
    0x00,0x00,0x00,0x00,0x00,0x00,0x00,0x00,0x20,0x00,0x04,0x21,0x41,0x00,0x82,0x00,
    0x08,0x2a,0x86,0x19,0xc7,0x29,0xc7,0x29,0xa2,0x08,0x45,0x19,0xc7,0x29,0xe3,0x08,
    0x08,0x32,0xec,0x52,0x86,0x21,0x82,0x00,0xa2,0x08,0x82,0x08,0x61,0x00,0x61,0x08,
    0x41,0x00,0x82,0x08,0x41,0x00,0x62,0x08,0x61,0x00,0x41,0x00,0x41,0x00,0x00,0x00,
    0xa6,0x29,0x08,0x3a,0xc7,0x29,0x86,0x21,0xa2,0x08,0x41,0x00,0x21,0x00,0x00,0x00,
    0x86,0x29,0x49,0x42,0x86,0x21,0x65,0x21,0x00,0x00,0x00,0x00,0x00,0x00,0x00,0x00,
    0x00,0x00,0x00,0x00,0x00,0x00,0x00,0x00,0x00,0x00,0x00,0x00,0x00,0x00,0x00,0x00,
    0x82,0x08,0xc3,0x10,0x41,0x00,0x24,0x19,0x08,0x3a,0x08,0x32,0x0c,0x53,0x28,0x32,
    0x61,0x00,0x61,0x08,0x8a,0x4a,0x69,0x42,0xa3,0x10,0x00,0x00,0x00,0x00,0x00,0x00,
    0x00,0x00,0x00,0x00,0x00,0x00,0x00,0x00,0x00,0x00,0x00,0x00,0x00,0x00,0x00,0x00,
    0x00,0x00,0x00,0x00,0x00,0x00,0x00,0x00,0x00,0x00,0x00,0x00,0x00,0x00,0x00,0x00,
    0x00,0x00,0x00,0x00,0x00,0x00,0x21,0x00,0x41,0x00,0x41,0x00,0x82,0x08,0xa3,0x08,
    0xa2,0x08,0xa3,0x08,0xa3,0x08,0xa2,0x08,0xa3,0x08,0xa3,0x08,0xc3,0x10,0xc3,0x10,
    0xc3,0x10,0xc3,0x10,0xc3,0x10,0xc3,0x10,0xc3,0x10,0xc3,0x10,0xc3,0x10,0xc3,0x10,
    0xc3,0x10,0xc3,0x10,0xe3,0x10,0xe3,0x10,0xe3,0x10,0x04,0x11,0xe4,0x10,0x04,0x19,
    0xe4,0x10,0xe3,0x08,0x8a,0x3a,0xec,0x42,0x4d,0x53,0x8a,0x42,0xa3,0x08,0x00,0x00,
    0x41,0x00,0xe4,0x10,0x04,0x11,0x45,0x19,0xc7,0x29,0xc7,0x29,0x2c,0x4b,0x4c,0x53,
    0xcb,0x42,0xec,0x42,0x0c,0x4b,0xeb,0x42,0x0c,0x43,0xcb,0x42,0xcb,0x4a,0xe8,0x31,
    0x21,0x00,0x00,0x00,0x41,0x00,0x21,0x00,0x00,0x00,0x00,0x00,0x61,0x08,0x41,0x00,
    0x00,0x00,0x00,0x00,0x82,0x08,0x21,0x00,0x00,0x00,0x21,0x00,0xe3,0x10,0xc3,0x10,
    0x49,0x32,0xe8,0x21,0x29,0x2a,0x4a,0x32,0xc8,0x29,0x87,0x21,0xc7,0x21,0x2d,0x4b,
    0x4d,0x4b,0x45,0x11,0xa3,0x08,0x05,0x19,0x05,0x11,0x04,0x11,0xe4,0x08,0xc3,0x08,
    0xa3,0x08,0xe4,0x10,0x04,0x11,0x82,0x00,0x00,0x00,0x00,0x00,0x00,0x00,0x00,0x00,
    0x20,0x00,0x41,0x08,0x41,0x00,0x20,0x00,0xa6,0x21,0x49,0x32,0x66,0x19,0x49,0x32,
    0x24,0x11,0x65,0x19,0xe8,0x29,0xe4,0x08,0x6a,0x3a,0x6a,0x3a,0x45,0x19,0x45,0x19,
    0x82,0x08,0x82,0x08,0x61,0x00,0x61,0x00,0x41,0x00,0x61,0x08,0x62,0x08,0x82,0x08,
    0x82,0x08,0x20,0x00,0xa2,0x10,0x86,0x29,0x04,0x19,0xcb,0x52,0xc7,0x31,0xa3,0x10,
    0x00,0x00,0x21,0x00,0x00,0x00,0x45,0x21,0x24,0x21,0x66,0x29,0xe4,0x10,0x08,0x32,
    0x61,0x08,0x00,0x00,0x00,0x00,0x00,0x00,0x00,0x00,0x00,0x00,0x00,0x00,0x00,0x00,
    0x00,0x00,0x00,0x00,0x00,0x00,0x00,0x00,0xa2,0x10,0x41,0x00,0x86,0x29,0x08,0x32,
    0x49,0x3a,0xeb,0x52,0xa6,0x29,0x41,0x00,0xc2,0x10,0xeb,0x52,0x08,0x3a,0x82,0x08,
    0x00,0x00,0x00,0x00,0x00,0x00,0x00,0x00,0x00,0x00,0x00,0x00,0x00,0x00,0x00,0x00,
    0x00,0x00,0x00,0x00,0x00,0x00,0x00,0x00,0x00,0x00,0x00,0x00,0x00,0x00,0x00,0x00,
    0x00,0x00,0x00,0x00,0x00,0x00,0x00,0x00,0x00,0x00,0x00,0x00,0x21,0x00,0x41,0x00,
    0x41,0x00,0x41,0x00,0xa3,0x10,0xc3,0x10,0xa2,0x08,0xa3,0x08,0xa2,0x08,0xa3,0x08,
    0xa3,0x08,0xa3,0x08,0xa3,0x08,0xc3,0x10,0xe3,0x10,0xc3,0x10,0xc3,0x10,0xe3,0x10,
    0xe4,0x10,0xe3,0x10,0xe3,0x10,0xe3,0x10,0xe4,0x10,0xe4,0x10,0xe4,0x10,0xe4,0x10,
    0x04,0x11,0xe4,0x10,0x24,0x19,0x24,0x19,0x04,0x11,0x69,0x3a,0x2d,0x53,0x4d,0x53,
    0x49,0x3a,0x61,0x00,0x20,0x00,0x82,0x08,0x24,0x19,0x66,0x21,0xa6,0x21,0x86,0x21,
    0x45,0x19,0x24,0x11,0x49,0x32,0x4c,0x4b,0xeb,0x42,0xec,0x42,0x2c,0x43,0xec,0x42,
    0xcb,0x3a,0xeb,0x4a,0x28,0x32,0x41,0x00,0x21,0x00,0x25,0x19,0x21,0x00,0x41,0x00,
    0x20,0x00,0x21,0x00,0x41,0x08,0x41,0x00,0x21,0x00,0x21,0x00,0x41,0x08,0x21,0x00,
    0x00,0x00,0x41,0x00,0x8a,0x4a,0xc7,0x31,0xe8,0x21,0x6a,0x32,0x6a,0x32,0x29,0x32,
    0xe9,0x29,0xc8,0x21,0xc8,0x21,0xaf,0x5b,0xeb,0x42,0xe4,0x08,0x62,0x00,0x04,0x11,
    0x05,0x11,0xe4,0x08,0x04,0x11,0xc3,0x08,0xe4,0x10,0x04,0x11,0xa2,0x00,0x61,0x00,
    0x00,0x00,0x00,0x00,0x00,0x00,0x00,0x00,0x20,0x00,0x41,0x00,0x41,0x00,0x41,0x00,
    0x24,0x11,0x8a,0x32,0xa7,0x19,0x6a,0x3a,0x08,0x2a,0x65,0x21,0xe8,0x29,0xc3,0x08,
    0x6a,0x3a,0x28,0x32,0x04,0x11,0x04,0x19,0xa2,0x08,0xa2,0x08,0x62,0x00,0x62,0x08,
    0x41,0x00,0x62,0x08,0x62,0x08,0x62,0x08,0x82,0x08,0xc3,0x10,0x28,0x3a,0x49,0x3a,
    0xa6,0x29,0x08,0x3a,0x62,0x08,0x21,0x00,0x41,0x00,0x41,0x00,0x41,0x00,0x21,0x00,
    0x21,0x00,0xa2,0x08,0x04,0x11,0xe7,0x31,0xc3,0x10,0x00,0x00,0x00,0x00,0x00,0x00,
    0x00,0x00,0x00,0x00,0x00,0x00,0x00,0x00,0x00,0x00,0x00,0x00,0x00,0x00,0x00,0x00,
    0x41,0x08,0xa7,0x29,0xc7,0x29,0x49,0x3a,0xcb,0x4a,0x45,0x19,0x20,0x00,0x04,0x19,
    0x0c,0x5b,0x07,0x32,0x41,0x00,0x20,0x00,0x21,0x00,0x00,0x00,0x00,0x00,0x20,0x00,
    0x00,0x00,0x00,0x00,0x00,0x00,0x00,0x00,0x00,0x00,0x00,0x00,0x00,0x00,0x00,0x00,
    0x00,0x00,0x00,0x00,0x00,0x00,0x00,0x00,0x00,0x00,0x00,0x00,0x00,0x00,0x00,0x00,
    0x00,0x00,0x21,0x00,0x41,0x08,0x41,0x00,0x41,0x00,0x62,0x08,0xa2,0x08,0xa2,0x08,
    0xa3,0x08,0xa3,0x08,0xa3,0x08,0xc3,0x10,0xc3,0x10,0xc3,0x10,0xc3,0x10,0xc3,0x10,
    0xe3,0x10,0xe3,0x10,0xe3,0x10,0xe3,0x10,0xe3,0x10,0xe3,0x10,0xe4,0x10,0x04,0x11,
    0x04,0x11,0x04,0x19,0x04,0x19,0x04,0x11,0x04,0x11,0x24,0x19,0x25,0x11,0x24,0x11,
    0x8a,0x3a,0x2d,0x53,0x8e,0x63,0x69,0x42,0x61,0x00,0x00,0x00,0xa3,0x08,0xa6,0x29,
    0x66,0x21,0x66,0x19,0x86,0x19,0x86,0x21,0xa7,0x21,0x66,0x19,0xc7,0x21,0x2d,0x4b,
    0x0c,0x43,0xeb,0x3a,0xec,0x42,0xcb,0x42,0xcb,0x42,0x8a,0x42,0x41,0x00,0x20,0x00,
    0x62,0x00,0x8e,0x6b,0x49,0x3a,0x61,0x00,0xa3,0x10,0x20,0x00,0x41,0x08,0x21,0x00,
    0x20,0x00,0x41,0x08,0x20,0x00,0x20,0x00,0x00,0x00,0xc6,0x31,0xce,0x6b,0xc6,0x29,
    0x29,0x32,0x8a,0x3a,0x4a,0x32,0x09,0x2a,0xc8,0x21,0xa8,0x21,0xa7,0x21,0xf0,0x63,
    0x0c,0x4b,0xe4,0x08,0xa7,0x29,0xa7,0x29,0xa3,0x08,0x04,0x11,0x04,0x11,0xc3,0x08,
    0xe4,0x10,0xc3,0x08,0xa2,0x00,0x82,0x08,0x00,0x00,0x00,0x00,0x00,0x00,0x00,0x00,
    0x00,0x00,0x41,0x00,0x41,0x08,0x62,0x00,0x62,0x00,0x49,0x32,0x49,0x32,0xa7,0x19,
    0x4d,0x53,0x4d,0x5b,0xc7,0x29,0xe4,0x10,0xcb,0x42,0x49,0x3a,0x49,0x3a,0x86,0x29,
    0x0c,0x53,0x8a,0x42,0x86,0x29,0x41,0x00,0x41,0x00,0x62,0x08,0x61,0x00,0x41,0x00,
    0x41,0x00,0x69,0x42,0x28,0x3a,0x8a,0x42,0xa6,0x29,0x62,0x08,0x41,0x00,0x41,0x00,
    0x21,0x00,0x20,0x00,0x21,0x00,0x00,0x00,0x04,0x19,0xc7,0x31,0xa7,0x29,0xc3,0x10,
    0x45,0x21,0x00,0x00,0x00,0x00,0x00,0x00,0x00,0x00,0x00,0x00,0x00,0x00,0x00,0x00,
    0x00,0x00,0x00,0x00,0x00,0x00,0x00,0x00,0x86,0x29,0xa7,0x29,0x8a,0x42,0x8a,0x42,
    0xe3,0x10,0x00,0x00,0x86,0x29,0xcb,0x52,0xa6,0x29,0x61,0x00,0x20,0x00,0x21,0x00,
    0x21,0x00,0x00,0x00,0x00,0x00,0x00,0x00,0x00,0x00,0x00,0x00,0x00,0x00,0x00,0x00,
    0x00,0x00,0x00,0x00,0x41,0x00,0x20,0x00,0x00,0x00,0x00,0x00,0x00,0x00,0x00,0x00,
    0x00,0x00,0x00,0x00,0x00,0x00,0x20,0x00,0x21,0x00,0x41,0x00,0x41,0x00,0x21,0x00,
    0x41,0x00,0x82,0x08,0x82,0x08,0xa2,0x08,0xa3,0x08,0xc3,0x10,0xc3,0x10,0xc3,0x08,
    0xc3,0x10,0xc3,0x10,0xc3,0x10,0xc3,0x10,0xc3,0x10,0xe3,0x10,0xe3,0x10,0xe4,0x10,
    0x04,0x11,0x04,0x11,0x04,0x11,0x04,0x11,0x04,0x11,0x04,0x11,0x25,0x19,0x24,0x19,
    0x04,0x19,0xe4,0x10,0x45,0x19,0x0c,0x4b,0x2d,0x4b,0x8e,0x5b,0x49,0x3a,0x41,0x00,
    0x00,0x00,0x82,0x08,0xa7,0x29,0x86,0x21,0x86,0x21,0xa6,0x21,0xa6,0x21,0xa6,0x21,
    0x86,0x21,0xa7,0x21,0x65,0x19,0x8a,0x3a,0x2d,0x4b,0xec,0x42,0xec,0x42,0x0c,0x4b,
    0x8a,0x42,0x82,0x08,0x00,0x00,0x82,0x08,0x21,0x00,0x25,0x19,0xef,0x6b,0x07,0x2a,
    0xc3,0x08,0x00,0x00,0x41,0x08,0x62,0x08,0x20,0x00,0x21,0x00,0x41,0x00,0x00,0x00,
    0xe3,0x10,0x6c,0x5b,0x8d,0x63,0xa5,0x21,0xeb,0x42,0x6a,0x32,0x6a,0x32,0xe8,0x21,
    0xc8,0x21,0x66,0x19,0x29,0x2a,0x10,0x64,0x08,0x2a,0xc3,0x08,0x46,0x19,0xab,0x4a,
    0x29,0x32,0xe4,0x08,0x82,0x00,0xe4,0x10,0xc4,0x10,0xc3,0x08,0xc3,0x08,0x61,0x00,
    0x00,0x00,0x00,0x00,0x00,0x00,0x00,0x00,0x20,0x00,0x41,0x00,0x62,0x08,0x62,0x08,
    0x21,0x00,0xc7,0x29,0xcb,0x42,0xe8,0x21,0x28,0x32,0x69,0x3a,0xc7,0x29,0x04,0x11,
    0x0c,0x53,0x29,0x32,0xe4,0x10,0xc3,0x08,0x86,0x21,0x45,0x21,0xa2,0x08,0x41,0x00,
    0x62,0x08,0x41,0x00,0x61,0x00,0xa2,0x08,0x24,0x19,0x08,0x32,0x49,0x42,0x08,0x3a,
    0x21,0x00,0x41,0x00,0x41,0x00,0x21,0x00,0x61,0x08,0x66,0x29,0xe4,0x18,0xe3,0x10,
    0x00,0x00,0x41,0x00,0x04,0x19,0xc3,0x10,0x66,0x29,0x00,0x00,0x00,0x00,0x00,0x00,
    0x00,0x00,0x00,0x00,0x00,0x00,0x00,0x00,0x00,0x00,0x00,0x00,0x00,0x00,0x00,0x00,
    0x86,0x29,0xab,0x4a,0x08,0x3a,0x61,0x00,0x00,0x00,0xe7,0x39,0x6a,0x4a,0xe4,0x18,
    0x41,0x00,0x41,0x00,0x41,0x00,0x40,0x00,0x20,0x00,0x20,0x00,0x00,0x00,0x00,0x00,
    0x00,0x00,0x00,0x00,0x00,0x00,0x00,0x00,0x00,0x00,0x45,0x21,0xcb,0x52,0x49,0x42,
    0x62,0x08,0x00,0x00,0x00,0x00,0x00,0x00,0x00,0x00,0x00,0x00,0x20,0x00,0x41,0x00,
    0x41,0x00,0x41,0x00,0x41,0x00,0x41,0x00,0x62,0x08,0xa2,0x08,0xa2,0x08,0xa3,0x08,
    0xc3,0x08,0xc3,0x08,0xc3,0x08,0xc3,0x08,0xc3,0x08,0xc3,0x08,0xe3,0x10,0xe3,0x10,
    0xe4,0x10,0x04,0x11,0x04,0x11,0x04,0x11,0x24,0x19,0x24,0x19,0x24,0x19,0x04,0x19,
    0x25,0x19,0x45,0x19,0x04,0x11,0xe4,0x10,0xa3,0x08,0x66,0x19,0xeb,0x4a,0x2c,0x53,
    0x8e,0x5b,0x49,0x3a,0x20,0x00,0x00,0x00,0xa2,0x10,0xc7,0x31,0x86,0x21,0x86,0x21,
    0x86,0x19,0xa7,0x21,0xa7,0x19,0xa7,0x21,0xa7,0x21,0xc7,0x21,0x66,0x19,0x8a,0x3a,
    0x0c,0x43,0x0c,0x43,0xec,0x4a,0xeb,0x4a,0xa2,0x08,0x00,0x00,0x00,0x00,0x61,0x08,
    0x41,0x00,0x00,0x00,0xe7,0x31,0xce,0x63,0x82,0x08,0x21,0x00,0x01,0x00,0x41,0x08,
    0x61,0x08,0x21,0x00,0x00,0x00,0x24,0x19,0x4c,0x5b,0x30,0x74,0x69,0x3a,0x49,0x32,
    0xcb,0x42,0x49,0x2a,0x29,0x2a,0xe8,0x21,0xc8,0x21,0x66,0x11,0x2d,0x4b,0x51,0x6c,
    0xc7,0x21,0x82,0x00,0xe4,0x10,0x25,0x19,0xc8,0x29,0x8a,0x42,0x86,0x21,0xc3,0x08,
    0xa3,0x08,0xc3,0x08,0xc3,0x08,0x41,0x00,0x00,0x00,0x00,0x00,0x00,0x00,0x00,0x00,
    0x21,0x00,0x61,0x00,0x41,0x00,0x61,0x00,0x21,0x00,0xe4,0x10,0xcc,0x42,0x8b,0x3a,
    0xc7,0x21,0x25,0x11,0x08,0x32,0x04,0x11,0x6a,0x3a,0xcb,0x4a,0x08,0x32,0x04,0x19,
    0x41,0x00,0x61,0x00,0x41,0x00,0x62,0x00,0x62,0x00,0x41,0x00,0x45,0x21,0xaa,0x4a,
    0x49,0x3a,0x04,0x11,0x82,0x08,0x62,0x08,0x21,0x00,0x41,0x00,0x21,0x00,0x20,0x00,
    0x41,0x00,0x29,0x42,0x49,0x42,0xc7,0x31,0x86,0x29,0x25,0x19,0x66,0x21,0xc3,0x10,
    0x45,0x21,0x41,0x00,0x00,0x00,0x00,0x00,0x00,0x00,0x00,0x00,0x00,0x00,0x00,0x00,
    0x00,0x00,0x00,0x00,0x00,0x00,0x00,0x00,0x8a,0x4a,0xa6,0x29,0x20,0x00,0x61,0x08,
    0x49,0x42,0x08,0x3a,0x82,0x08,0x62,0x08,0x82,0x08,0x82,0x08,0x61,0x08,0x61,0x08,
    0x20,0x00,0x20,0x00,0x00,0x00,0x00,0x00,0x00,0x00,0x20,0x00,0x00,0x00,0x41,0x00,
    0x28,0x3a,0x2c,0x5b,0x0b,0x53,0x0b,0x53,0x08,0x3a,0x20,0x00,0x00,0x00,0x00,0x00,
    0x00,0x00,0x21,0x00,0x41,0x00,0x41,0x00,0x21,0x00,0x41,0x08,0x21,0x00,0x41,0x00,
    0x82,0x08,0xa2,0x08,0xa3,0x08,0xa3,0x08,0xc3,0x10,0xc3,0x10,0xc3,0x10,0xc3,0x08,
    0xc3,0x10,0xe3,0x10,0xc3,0x10,0xe4,0x10,0x04,0x11,0x04,0x11,0x04,0x19,0x24,0x19,
    0x25,0x19,0x25,0x19,0x45,0x19,0x25,0x19,0x65,0x21,0x24,0x19,0xc3,0x08,0x62,0x00,
    0x65,0x19,0x4d,0x53,0x4d,0x53,0x8e,0x5b,0x69,0x3a,0x62,0x00,0x00,0x00,0xe3,0x10,
    0xc7,0x31,0x86,0x21,0x86,0x21,0xa7,0x21,0x86,0x21,0xa7,0x21,0xc7,0x21,0xc7,0x21,
    0xc7,0x21,0xe8,0x29,0x86,0x19,0xec,0x42,0x0c,0x43,0x0c,0x4b,0xec,0x4a,0xa2,0x08,
    0x00,0x00,0x20,0x00,0x00,0x00,0x00,0x00,0x00,0x00,0x20,0x00,0x20,0x00,0xe7,0x31,
    0xc3,0x10,0x00,0x00,0x20,0x00,0x00,0x00,0x21,0x00,0x41,0x00,0x65,0x21,0x10,0x74,
    0xef,0x6b,0x6a,0x3a,0x6a,0x32,0x0c,0x4b,0x6a,0x32,0x4a,0x2a,0xe8,0x21,0x08,0x22,
    0xc8,0x21,0x09,0x2a,0xae,0x5b,0x8e,0x53,0x45,0x11,0xa3,0x08,0xe4,0x10,0x25,0x19,
    0xe4,0x08,0x25,0x11,0x29,0x32,0x49,0x3a,0x25,0x19,0x82,0x00,0x82,0x08,0x21,0x00,
    0x00,0x00,0x00,0x00,0x00,0x00,0x00,0x00,0x41,0x00,0x62,0x00,0x61,0x00,0x61,0x00,
    0x61,0x00,0x41,0x00,0x8a,0x3a,0x0c,0x43,0x69,0x32,0x65,0x19,0x8a,0x42,0x86,0x21,
    0xe8,0x29,0x2d,0x53,0x04,0x11,0x04,0x11,0xe3,0x10,0x62,0x00,0x82,0x08,0x61,0x00,
    0x21,0x00,0xe7,0x31,0x69,0x42,0x65,0x21,0x08,0x32,0xa2,0x08,0x41,0x00,0x62,0x08,
    0x41,0x00,0x41,0x00,0x20,0x00,0x21,0x00,0x21,0x00,0xa3,0x10,0x24,0x19,0x62,0x08,
    0x82,0x08,0xa3,0x10,0xc3,0x10,0xc3,0x10,0x24,0x19,0x41,0x00,0x20,0x00,0x00,0x00,
    0x00,0x00,0x00,0x00,0x00,0x00,0x00,0x00,0x00,0x00,0x00,0x00,0x00,0x00,0x00,0x00,
    0x04,0x19,0x00,0x00,0xa3,0x10,0x6a,0x4a,0x86,0x29,0x62,0x08,0xa3,0x10,0xa3,0x10,
    0xc3,0x18,0xc2,0x10,0xa2,0x10,0x81,0x10,0x41,0x08,0x20,0x00,0x00,0x00,0x01,0x00,
    0x00,0x00,0x00,0x00,0x04,0x19,0xaa,0x4a,0x8d,0x63,0x4c,0x5b,0xae,0x63,0xef,0x6b,
    0x8d,0x63,0x65,0x21,0x00,0x00,0x20,0x00,0x20,0x00,0x21,0x00,0x41,0x00,0x41,0x00,
    0x41,0x00,0x61,0x08,0x41,0x00,0x82,0x08,0x82,0x08,0x82,0x08,0xc3,0x10,0xc3,0x10,
    0xc3,0x10,0xc3,0x10,0xe3,0x10,0xc3,0x10,0xc3,0x10,0xe4,0x10,0xe3,0x10,0x04,0x11,
    0x04,0x19,0x04,0x11,0x24,0x19,0x45,0x19,0x45,0x19,0x25,0x19,0x45,0x19,0x45,0x19,
    0x04,0x19,0xe3,0x10,0x82,0x00,0xa7,0x21,0x4d,0x53,0x4d,0x53,0x6d,0x53,0xcb,0x42,
    0x41,0x00,0x00,0x00,0x04,0x19,0x08,0x32,0xa7,0x21,0xc7,0x21,0xa7,0x21,0xc7,0x21,
    0xc7,0x21,0xc7,0x21,0xc8,0x21,0xc7,0x21,0xe8,0x29,0xa7,0x21,0x49,0x32,0x4d,0x4b,
    0x2c,0x4b,0x0c,0x4b,0xe4,0x10,0x00,0x00,0x20,0x00,0x20,0x00,0x00,0x00,0x00,0x00,
    0x41,0x00,0x20,0x00,0x20,0x00,0x00,0x00,0x20,0x00,0x00,0x00,0x20,0x00,0x21,0x00,
    0x20,0x00,0xe4,0x10,0xab,0x4a,0x0c,0x53,0x8a,0x3a,0x0d,0x4b,0x2d,0x4b,0x4a,0x2a,
    0x8b,0x32,0x4a,0x2a,0x09,0x22,0xe8,0x21,0x08,0x2a,0xab,0x42,0xcf,0x63,0x4d,0x53,
    0xa6,0x21,0x82,0x08,0x26,0x19,0x05,0x11,0x05,0x11,0xe4,0x08,0xa3,0x00,0x25,0x11,
    0x08,0x32,0x08,0x32,0x04,0x11,0x20,0x00,0x00,0x00,0x00,0x00,0x00,0x00,0x00,0x00,
    0x41,0x00,0x82,0x08,0x61,0x00,0x61,0x08,0x62,0x08,0x21,0x00,0x87,0x21,0x4d,0x4b,
    0xec,0x42,0x45,0x11,0x49,0x3a,0x69,0x3a,0x04,0x11,0x8e,0x63,0x49,0x3a,0x29,0x3a,
    0x04,0x19,0x62,0x00,0x62,0x00,0x62,0x08,0x86,0x29,0x69,0x42,0xa6,0x29,0xa6,0x29,
    0xc3,0x10,0x82,0x08,0x62,0x08,0x41,0x08,0x21,0x00,0x21,0x00,0x41,0x00,0x41,0x00,
    0x21,0x00,0x20,0x00,0x00,0x00,0x21,0x00,0x00,0x00,0x00,0x00,0x00,0x00,0xa2,0x10,
    0x86,0x29,0x41,0x00,0x20,0x00,0x00,0x00,0x00,0x00,0x00,0x00,0x00,0x00,0x00,0x00,
    0x00,0x00,0x00,0x00,0x00,0x00,0x00,0x00,0x00,0x00,0x24,0x21,0x49,0x42,0xe4,0x18,
    0x82,0x08,0x04,0x19,0xe4,0x18,0x04,0x19,0x04,0x19,0x04,0x19,0x24,0x21,0x24,0x21,
    0xa2,0x10,0x00,0x00,0x00,0x00,0x00,0x00,0x20,0x00,0xe7,0x31,0x2c,0x5b,0x4d,0x63,
    0xae,0x6b,0xef,0x6b,0x0f,0x74,0x0f,0x74,0x0f,0x74,0x4c,0x5b,0xc3,0x10,0x00,0x00,
    0x61,0x08,0x41,0x08,0x41,0x08,0x41,0x08,0x41,0x00,0x21,0x00,0x82,0x08,0xa3,0x10,
    0xa3,0x10,0xa3,0x08,0xc3,0x10,0xc3,0x10,0xc3,0x10,0xe3,0x10,0xc3,0x10,0xe4,0x10,
    0xe4,0x10,0xe4,0x10,0x04,0x11,0x04,0x19,0x45,0x19,0x25,0x19,0x45,0x19,0x65,0x21,
    0x66,0x21,0x45,0x21,0x45,0x19,0x04,0x11,0xa3,0x08,0xc3,0x10,0x69,0x3a,0x8e,0x5b,
    0x6d,0x53,0x2c,0x53,0xae,0x63,0x25,0x19,0x00,0x00,0xc3,0x10,0xe7,0x31,0xc7,0x29,
    0xc7,0x21,0xc8,0x29,0xc7,0x21,0xc7,0x29,0xc7,0x29,0xc8,0x29,0xe8,0x29,0x08,0x2a,
    0xa7,0x21,0xc8,0x21,0x0d,0x4b,0x2c,0x4b,0x4d,0x53,0x45,0x19,0x00,0x00,0x21,0x00,
    0x20,0x00,0x00,0x00,0x00,0x00,0x20,0x00,0xc3,0x10,0xc3,0x10,0x00,0x00,0x20,0x00,
    0x00,0x00,0x20,0x00,0x00,0x00,0x00,0x00,0x82,0x00,0xcb,0x4a,0x0c,0x53,0xab,0x42,
    0xcc,0x42,0xcc,0x3a,0x8b,0x32,0x8b,0x32,0x6a,0x2a,0x2a,0x22,0x09,0x1a,0x09,0x22,
    0x49,0x32,0x49,0x32,0x89,0x3a,0xeb,0x42,0x49,0x3a,0x04,0x11,0x25,0x19,0x25,0x19,
    0x66,0x19,0x04,0x09,0x04,0x11,0xc3,0x08,0x82,0x00,0x45,0x19,0x65,0x21,0x41,0x00,
    0x00,0x00,0x00,0x00,0x00,0x00,0x00,0x00,0x41,0x00,0x82,0x08,0x82,0x08,0x61,0x00,
    0x62,0x08,0x41,0x00,0xa3,0x08,0x2d,0x4b,0x2d,0x4b,0xcb,0x42,0x29,0x32,0x0c,0x53,
    0xc3,0x08,0xec,0x4a,0x4d,0x5b,0x25,0x19,0x04,0x19,0x82,0x08,0xa3,0x10,0x45,0x21,
    0x8a,0x42,0x69,0x42,0x28,0x32,0xa2,0x08,0x41,0x00,0x41,0x00,0x41,0x00,0x41,0x00,
    0x41,0x00,0x41,0x00,0x21,0x00,0x21,0x00,0x21,0x00,0x41,0x00,0x41,0x00,0x41,0x00,
    0x21,0x00,0x21,0x00,0x21,0x00,0x41,0x08,0x04,0x19,0x41,0x00,0x20,0x00,0x00,0x00,
    0x00,0x00,0x00,0x00,0x00,0x00,0x00,0x00,0x00,0x00,0x00,0x00,0x00,0x00,0x00,0x00,
    0x86,0x29,0xe8,0x39,0x82,0x08,0xe3,0x10,0x45,0x21,0x45,0x21,0x85,0x29,0x65,0x21,
    0x85,0x29,0xa6,0x31,0x85,0x31,0x27,0x42,0x03,0x21,0x00,0x00,0x00,0x00,0x82,0x08,
    0x28,0x3a,0x4c,0x5b,0x8d,0x63,0xef,0x73,0x0f,0x74,0xee,0x73,0xee,0x73,0xee,0x73,
    0xef,0x73,0xef,0x73,0x89,0x42,0x41,0x00,0x41,0x00,0x61,0x08,0x41,0x00,0x61,0x08,
    0x41,0x00,0x62,0x08,0xa3,0x10,0xc3,0x10,0xa3,0x08,0xe3,0x10,0xc3,0x08,0xe3,0x10,
    0xc3,0x10,0xe3,0x10,0x04,0x19,0xe4,0x10,0x04,0x19,0xe4,0x10,0x45,0x21,0x45,0x19,
    0x45,0x19,0x45,0x19,0x86,0x21,0xa6,0x21,0x45,0x19,0x65,0x21,0x66,0x21,0x86,0x21,
    0x04,0x19,0xc7,0x29,0xcf,0x63,0x8e,0x53,0x6d,0x53,0x6d,0x53,0x2c,0x53,0xa3,0x08,
    0x41,0x00,0x86,0x29,0xa7,0x29,0xe8,0x29,0xe8,0x29,0xe8,0x29,0xe8,0x29,0xc7,0x29,
    0xe7,0x29,0xc7,0x29,0x09,0x2a,0xc7,0x21,0x09,0x2a,0x0c,0x4b,0x2c,0x4b,0x6d,0x53,
    0x45,0x21,0x00,0x00,0x20,0x00,0x21,0x00,0x20,0x00,0x00,0x00,0x00,0x00,0x21,0x00,
    0xe4,0x10,0x25,0x19,0xc3,0x10,0x00,0x00,0x00,0x00,0x00,0x00,0x20,0x00,0xe7,0x31,
    0x49,0x32,0x6a,0x32,0xcb,0x3a,0xcc,0x3a,0xcc,0x3a,0xac,0x3a,0x8b,0x32,0x6a,0x2a,
    0x4a,0x2a,0x29,0x22,0x09,0x22,0xe8,0x21,0x49,0x32,0x6a,0x3a,0x07,0x2a,0xe7,0x29,
    0xe7,0x29,0x65,0x19,0x45,0x19,0x25,0x11,0x25,0x11,0x05,0x11,0xe4,0x08,0xc3,0x08,
    0xe3,0x10,0x61,0x00,0x00,0x00,0x00,0x00,0x00,0x00,0x00,0x00,0x00,0x00,0x00,0x00,
    0x00,0x00,0x41,0x00,0x62,0x00,0xa3,0x08,0xa3,0x08,0x61,0x00,0x41,0x00,0x69,0x3a,
    0x6e,0x4b,0x6e,0x53,0xec,0x42,0xec,0x4a,0x08,0x32,0x45,0x19,0x10,0x74,0xaa,0x42,
    0x08,0x32,0xc3,0x08,0xe4,0x10,0x0c,0x53,0x08,0x32,0x08,0x3a,0xa2,0x08,0x62,0x00,
    0x41,0x00,0x61,0x08,0x61,0x08,0x41,0x00,0x41,0x00,0x41,0x00,0x41,0x00,0xe3,0x10,
    0xa2,0x08,0x21,0x00,0x41,0x00,0x41,0x00,0x21,0x00,0x21,0x00,0x21,0x00,0xe3,0x18,
    0x04,0x19,0x41,0x00,0x00,0x00,0x00,0x00,0x00,0x00,0x00,0x00,0x00,0x00,0x00,0x00,
    0x00,0x00,0x00,0x00,0x00,0x00,0x00,0x00,0x65,0x29,0x61,0x08,0x24,0x21,0x65,0x29,
    0x65,0x29,0x85,0x29,0xa6,0x31,0xc6,0x31,0x07,0x3a,0x27,0x3a,0x0b,0x5b,0x69,0x4a,
    0x00,0x00,0x00,0x00,0x24,0x21,0xcb,0x52,0x4d,0x5b,0xae,0x63,0x0f,0x74,0x0f,0x74,
    0xce,0x73,0xee,0x73,0xee,0x73,0xee,0x73,0xee,0x73,0x2f,0x74,0xce,0x73,0xa6,0x29,
    0x20,0x00,0x41,0x00,0x21,0x00,0x41,0x00,0x82,0x08,0xe3,0x10,0xa3,0x10,0xa3,0x10,
    0xc3,0x10,0xe3,0x10,0xe3,0x10,0xe3,0x10,0xe4,0x10,0x04,0x11,0x04,0x11,0xe4,0x10,
    0x24,0x11,0x45,0x19,0x45,0x19,0xa6,0x21,0xa6,0x21,0x86,0x21,0xa6,0x21,0x65,0x19,
    0x86,0x21,0x86,0x21,0xc7,0x29,0xe7,0x29,0xe8,0x31,0x66,0x19,0xc7,0x21,0x8e,0x5b,
    0x8e,0x53,0x6d,0x53,0x6d,0x5b,0x82,0x08,0xe3,0x10,0x24,0x19,0x86,0x21,0x08,0x32,
    0x08,0x2a,0x09,0x2a,0x08,0x2a,0xe8,0x29,0x08,0x32,0x29,0x32,0xa7,0x19,0x49,0x32,
    0x4d,0x53,0x4d,0x53,0x6d,0x5b,0x86,0x21,0x00,0x00,0x00,0x00,0x20,0x00,0x21,0x00,
    0x21,0x00,0x41,0x00,0x00,0x00,0x21,0x00,0xe4,0x10,0x86,0x21,0xc7,0x31,0x41,0x00,
    0x00,0x00,0x20,0x00,0x00,0x00,0x6d,0x63,0x91,0x7c,0xab,0x3a,0xec,0x42,0xec,0x3a,
    0xed,0x3a,0xcc,0x3a,0x8c,0x32,0x6b,0x2a,0x2a,0x22,0x29,0x22,0x08,0x22,0xe8,0x21,
    0x49,0x32,0x49,0x32,0x28,0x32,0xa6,0x21,0x85,0x21,0xa2,0x08,0xa3,0x08,0x05,0x11,
    0x45,0x19,0x05,0x11,0xe4,0x08,0xe4,0x10,0x04,0x11,0x41,0x00,0x00,0x00,0x00,0x00,
    0x00,0x00,0x00,0x00,0x00,0x00,0x00,0x00,0x00,0x00,0x61,0x08,0x82,0x08,0x61,0x00,
    0x62,0x00,0x62,0x00,0x41,0x00,0x66,0x21,0x8e,0x5b,0x8e,0x53,0xcf,0x63,0x29,0x32,
    0xaf,0x63,0xe3,0x08,0xeb,0x4a,0xef,0x6b,0x66,0x21,0x25,0x19,0x45,0x21,0xaa,0x4a,
    0x08,0x3a,0xe4,0x10,0x25,0x19,0xa2,0x08,0x41,0x00,0x41,0x00,0x41,0x00,0x41,0x00,
    0x41,0x00,0x20,0x00,0xe3,0x10,0xaa,0x4a,0x08,0x3a,0xa3,0x10,0x21,0x00,0x41,0x00,
    0x21,0x00,0x41,0x00,0x20,0x00,0xc7,0x31,0xc3,0x18,0x20,0x00,0x00,0x00,0x00,0x00,
    0x00,0x00,0x00,0x00,0x00,0x00,0x00,0x00,0x00,0x00,0x00,0x00,0x00,0x00,0x00,0x00,
    0x82,0x08,0x45,0x21,0x65,0x29,0x86,0x29,0xa6,0x31,0xc6,0x39,0xe7,0x39,0x48,0x4a,
    0x89,0x4a,0x6d,0x6b,0xeb,0x52,0x40,0x00,0x40,0x00,0xc6,0x31,0x0b,0x53,0x2c,0x5b,
    0xce,0x6b,0x0f,0x74,0xef,0x73,0xef,0x73,0x30,0x7c,0x0f,0x7c,0xee,0x73,0xef,0x73,
    0x0f,0x74,0xef,0x73,0x0f,0x7c,0x4d,0x63,0xe3,0x18,0x20,0x00,0x41,0x08,0x62,0x08,
    0x82,0x08,0xa2,0x08,0xc3,0x08,0xa3,0x08,0xc3,0x08,0xa3,0x08,0xc3,0x08,0xe3,0x10,
    0xe4,0x08,0x25,0x11,0x45,0x19,0x86,0x21,0xe7,0x29,0xc7,0x29,0xe7,0x29,0x66,0x21,
    0x86,0x21,0xa6,0x21,0xa7,0x29,0xa6,0x21,0xc7,0x29,0xa7,0x21,0xe8,0x29,0x08,0x32,
    0xc7,0x29,0xc7,0x29,0x66,0x19,0x29,0x2a,0xae,0x5b,0x6e,0x5b,0x8e,0x5b,0xa2,0x08,
    0x82,0x08,0xe4,0x10,0x65,0x19,0xc7,0x29,0x08,0x2a,0x08,0x2a,0x28,0x2a,0x29,0x32,
    0x08,0x2a,0x86,0x19,0x29,0x2a,0x6e,0x53,0x6d,0x53,0x8e,0x63,0x86,0x29,0x00,0x00,
    0x20,0x00,0x21,0x00,0x21,0x00,0x21,0x00,0x21,0x00,0x41,0x00,0x21,0x00,0x62,0x00,
    0xc3,0x08,0xc7,0x31,0x69,0x42,0xc3,0x10,0x20,0x00,0x00,0x00,0x00,0x00,0x82,0x08,
    0xcf,0x6b,0x30,0x74,0x0c,0x4b,0x2d,0x43,0x0d,0x3b,0xcc,0x32,0x8c,0x32,0x4b,0x2a,
    0x4a,0x2a,0x09,0x22,0x08,0x22,0x29,0x2a,0x8a,0x3a,0x49,0x32,0x08,0x32,0xc7,0x21,
    0x45,0x19,0xa2,0x08,0xc3,0x10,0x46,0x19,0x05,0x11,0xe4,0x10,0xc4,0x08,0xe4,0x10,
    0xc3,0x10,0x20,0x00,0x00,0x00,0x00,0x00,0x00,0x00,0x00,0x00,0x00,0x00,0x00,0x00,
    0x00,0x00,0xc3,0x10,0x45,0x19,0x45,0x21,0xa3,0x08,0x82,0x08,0x41,0x00,0x41,0x00,
    0x4d,0x53,0xf0,0x63,0x4d,0x5b,0x00,0x00,0xe7,0x31,0xeb,0x4a,0xc3,0x08,0x10,0x74,
    0xaa,0x42,0x08,0x32,0xe7,0x31,0x04,0x11,0x04,0x11,0x29,0x3a,0x25,0x19,0x04,0x19,
    0xe4,0x10,0xa3,0x10,0x82,0x08,0x61,0x00,0x41,0x00,0x41,0x00,0xa2,0x10,0xe7,0x31,
    0xe8,0x39,0x45,0x21,0x00,0x00,0x21,0x00,0x41,0x00,0x21,0x00,0x62,0x08,0x65,0x21,
    0x81,0x08,0x00,0x00,0x00,0x00,0x00,0x00,0x00,0x00,0x00,0x00,0x00,0x00,0x00,0x00,
    0x00,0x00,0x00,0x00,0x00,0x00,0x00,0x00,0x45,0x21,0x65,0x29,0x85,0x29,0xa6,0x31,
    0xc6,0x39,0x28,0x42,0x48,0x4a,0xca,0x5a,0x6d,0x6b,0x48,0x42,0x20,0x00,0x40,0x00,
    0x49,0x42,0x4c,0x63,0x4d,0x5b,0xef,0x6b,0xee,0x73,0xee,0x73,0xef,0x73,0xef,0x73,
    0x2c,0x5b,0x4c,0x63,0x10,0x7c,0xef,0x73,0xef,0x73,0xee,0x6b,0x0f,0x74,0x0f,0x7c,
    0xca,0x52,0x61,0x08,0x00,0x00,0x82,0x08,0xa7,0x29,0x45,0x19,0x04,0x11,0x04,0x11,
    0x45,0x19,0xc7,0x29,0x86,0x21,0x28,0x3a,0x49,0x3a,0x29,0x3a,0x49,0x3a,0x28,0x32,
    0xc7,0x29,0x66,0x21,0x04,0x11,0x04,0x11,0x24,0x19,0x86,0x21,0xc7,0x31,0xe7,0x29,
    0x08,0x32,0xcb,0x4a,0xcb,0x4a,0x0c,0x4b,0xeb,0x4a,0xa7,0x21,0x08,0x2a,0x86,0x19,
    0xab,0x42,0xae,0x63,0xae,0x63,0x86,0x21,0x21,0x00,0xc3,0x10,0xe4,0x10,0x86,0x21,
    0xc7,0x29,0xc7,0x21,0xe7,0x29,0xa6,0x21,0x25,0x09,0x49,0x2a,0x6e,0x53,0x6d,0x53,
    0xae,0x63,0x86,0x29,0x00,0x00,0x00,0x00,0x21,0x00,0x41,0x00,0x41,0x08,0x41,0x00,
    0x41,0x00,0x41,0x00,0x41,0x00,0x61,0x00,0x82,0x00,0x45,0x19,0xcb,0x4a,0xa6,0x29,
    0x82,0x08,0x00,0x00,0x21,0x00,0x00,0x00,0xc3,0x10,0xef,0x73,0x51,0x7c,0x4d,0x4b,
    0x8b,0x32,0xac,0x32,0x8b,0x32,0x6b,0x32,0x4a,0x2a,0x09,0x22,0x09,0x2a,0x49,0x32,
    0x69,0x3a,0xe7,0x29,0xe7,0x29,0xe7,0x29,0x44,0x19,0x62,0x00,0xe3,0x10,0x46,0x19,
    0x46,0x19,0xe4,0x10,0xc4,0x08,0xe4,0x10,0xa3,0x08,0x00,0x00,0x00,0x00,0x00,0x00,
    0x00,0x00,0x00,0x00,0x00,0x00,0x00,0x00,0x00,0x00,0x20,0x00,0x61,0x00,0xa3,0x08,
    0x04,0x19,0x04,0x19,0x24,0x19,0xa2,0x08,0x49,0x3a,0x51,0x7c,0x10,0x74,0x66,0x21,
    0x00,0x00,0x8a,0x42,0xe7,0x29,0x44,0x11,0x10,0x74,0x8a,0x42,0x04,0x11,0xa3,0x08,
    0x62,0x00,0x25,0x19,0x86,0x29,0x66,0x29,0x45,0x21,0x65,0x21,0x04,0x19,0x24,0x19,
    0x04,0x19,0xa7,0x31,0x25,0x21,0x21,0x00,0x62,0x08,0xc7,0x31,0xc3,0x10,0x20,0x00,
    0x41,0x00,0x00,0x00,0x65,0x21,0x86,0x29,0x20,0x00,0x00,0x00,0x00,0x00,0x00,0x00,
    0x00,0x00,0x00,0x00,0x00,0x00,0x00,0x00,0x00,0x00,0x00,0x00,0x00,0x00,0x00,0x00,
    0x44,0x21,0x85,0x29,0xa6,0x31,0xe7,0x39,0x28,0x42,0x48,0x4a,0x0b,0x63,0x2c,0x6b,
    0x44,0x29,0x00,0x00,0x00,0x00,0x04,0x19,0x0c,0x5b,0x4d,0x63,0xce,0x6b,0xef,0x6b,
    0xee,0x73,0xce,0x6b,0xce,0x6b,0x0b,0x53,0x48,0x42,0x85,0x29,0x4d,0x63,0x50,0x7c,
    0xce,0x73,0x0f,0x74,0xee,0x73,0x0f,0x74,0x0f,0x74,0x28,0x42,0x20,0x00,0x20,0x00,
    0xcb,0x4a,0xeb,0x4a,0xaa,0x42,0x69,0x3a,0x8a,0x3a,0xaa,0x42,0x8a,0x3a,0x49,0x3a,
    0x08,0x3a,0xa7,0x29,0x65,0x21,0x24,0x19,0x82,0x08,0x41,0x00,0x20,0x00,0x41,0x00,
    0x41,0x00,0xa2,0x08,0xc3,0x10,0x04,0x19,0x29,0x3a,0xeb,0x4a,0x0c,0x4b,0xae,0x63,
    0xcf,0x6b,0xaa,0x42,0xc7,0x29,0xe8,0x29,0xc7,0x29,0x4d,0x5b,0xcf,0x63,0x0c,0x4b,
    0xa2,0x08,0x61,0x00,0xc3,0x10,0x04,0x19,0x65,0x19,0x45,0x19,0xe4,0x08,0xc3,0x00,
    0x8a,0x3a,0xae,0x5b,0x6d,0x53,0xcf,0x63,0x86,0x29,0x00,0x00,0x00,0x00,0x21,0x08,
    0x41,0x00,0x41,0x00,0x41,0x00,0x41,0x00,0x41,0x00,0x41,0x00,0x61,0x00,0x41,0x00,
    0xc3,0x10,0xe4,0x10,0x69,0x3a,0xaa,0x42,0xc7,0x29,0x21,0x00,0x00,0x00,0x20,0x00,
    0x00,0x00,0xe3,0x10,0x8e,0x63,0x92,0x7c,0x2c,0x43,0x4a,0x2a,0x8b,0x32,0x6b,0x32,
    0x4a,0x2a,0x08,0x22,0x08,0x2a,0x6a,0x3a,0x28,0x32,0x08,0x32,0x08,0x32,0xc7,0x29,
    0x65,0x21,0x41,0x00,0xe4,0x10,0x46,0x19,0x46,0x19,0xe4,0x10,0xe4,0x08,0xe4,0x10,
    0x82,0x08,0x00,0x00,0x00,0x00,0x00,0x00,0x00,0x00,0x00,0x00,0x00,0x00,0x00,0x00,
    0x00,0x00,0x41,0x00,0x61,0x00,0x41,0x00,0x41,0x00,0x41,0x00,0x82,0x08,0xc3,0x08,
    0x24,0x19,0xcf,0x6b,0xaf,0x6b,0x86,0x29,0x41,0x00,0x29,0x3a,0x2c,0x53,0x04,0x11,
    0xa6,0x21,0x8e,0x63,0x69,0x42,0x04,0x11,0xa2,0x08,0x41,0x00,0xa3,0x08,0x04,0x19,
    0x86,0x21,0x65,0x21,0x25,0x19,0x86,0x29,0x86,0x29,0xe4,0x18,0x61,0x08,0x41,0x00,
    0x00,0x00,0xe4,0x18,0x49,0x42,0x82,0x08,0x41,0x00,0x04,0x19,0xe7,0x31,0x61,0x00,
    0x20,0x00,0x00,0x00,0x00,0x00,0x00,0x00,0x00,0x00,0x00,0x00,0x00,0x00,0x00,0x00,
    0x00,0x00,0x00,0x00,0x00,0x00,0x00,0x00,0x64,0x21,0xa6,0x31,0xe7,0x39,0x48,0x42,
    0x89,0x4a,0x2c,0x63,0x89,0x52,0x81,0x10,0x00,0x00,0x20,0x00,0x20,0x00,0xc3,0x10,
    0x0c,0x5b,0xef,0x73,0xce,0x6b,0xce,0x6b,0xce,0x6b,0x2b,0x5b,0xea,0x4a,0x0b,0x5b,
    0x8d,0x63,0xeb,0x52,0xa6,0x29,0xae,0x6b,0x30,0x7c,0xce,0x6b,0xee,0x73,0xee,0x73,
    0x0f,0x74,0xce,0x6b,0x65,0x21,0x00,0x00,0xc3,0x10,0xec,0x52,0xcb,0x4a,0x8a,0x42,
    0x8a,0x42,0x69,0x3a,0xe7,0x31,0x45,0x19,0xa3,0x10,0x82,0x08,0x62,0x08,0x41,0x00,
    0x00,0x00,0x00,0x00,0x00,0x00,0x00,0x00,0x00,0x00,0x00,0x00,0x00,0x00,0xa3,0x10,
    0xa6,0x29,0xcb,0x4a,0xae,0x63,0xcf,0x63,0xae,0x63,0x8e,0x5b,0x49,0x3a,0xe8,0x29,
    0xe8,0x31,0xc7,0x29,0xae,0x63,0xef,0x6b,0xeb,0x52,0x04,0x11,0x61,0x00,0x61,0x00,
    0x41,0x00,0x62,0x00,0x04,0x11,0xec,0x4a,0xae,0x5b,0x8e,0x5b,0xcf,0x6b,0x24,0x19,
    0x00,0x00,0x00,0x00,0x21,0x00,0x21,0x08,0x21,0x00,0x41,0x00,0x41,0x00,0x41,0x00,
    0x62,0x08,0x61,0x00,0x82,0x00,0x82,0x08,0xa3,0x08,0xa3,0x00,0x65,0x19,0x8a,0x3a,
    0xcb,0x4a,0x24,0x19,0x00,0x00,0x20,0x00,0x20,0x00,0x00,0x00,0x61,0x00,0xaa,0x42,
    0x92,0x7c,0x8e,0x53,0x09,0x22,0x29,0x22,0x6a,0x32,0xe8,0x21,0x29,0x2a,0x8a,0x3a,
    0x28,0x32,0xc7,0x29,0xe7,0x29,0x08,0x32,0x86,0x21,0x41,0x00,0xc3,0x08,0x46,0x19,
    0x25,0x19,0x04,0x11,0xe4,0x10,0xe4,0x10,0x41,0x00,0x00,0x00,0x00,0x00,0x00,0x00,
    0x00,0x00,0x00,0x00,0x00,0x00,0x00,0x00,0x00,0x00,0x41,0x00,0x62,0x00,0x61,0x00,
    0x82,0x08,0x62,0x08,0x41,0x00,0xe3,0x10,0x41,0x00,0x04,0x19,0xa6,0x29,0x21,0x00,
    0x61,0x00,0x8e,0x63,0x69,0x42,0xcb,0x4a,0x04,0x11,0x45,0x19,0x4d,0x5b,0xeb,0x4a,
    0x25,0x19,0xa2,0x08,0x61,0x00,0x41,0x00,0x61,0x00,0x82,0x00,0x82,0x08,0x41,0x00,
    0x21,0x00,0x21,0x00,0x41,0x00,0x61,0x00,0x41,0x00,0x00,0x00,0xa7,0x29,0x86,0x29,
    0xc3,0x10,0x08,0x3a,0x82,0x08,0x41,0x00,0x00,0x00,0x00,0x00,0x00,0x00,0x00,0x00,
    0x00,0x00,0x00,0x00,0x00,0x00,0x00,0x00,0x00,0x00,0x00,0x00,0x00,0x00,0x00,0x00,
    0x85,0x31,0x07,0x3a,0x48,0x42,0xaa,0x52,0xeb,0x5a,0x65,0x29,0x00,0x00,0x00,0x00,
    0x20,0x00,0x41,0x08,0x62,0x08,0x41,0x00,0x29,0x42,0xcf,0x73,0xae,0x6b,0x8d,0x63,
    0x2b,0x53,0x2b,0x53,0x6d,0x63,0xee,0x73,0xef,0x73,0x0f,0x74,0xaa,0x4a,0x28,0x3a,
    0x10,0x7c,0xef,0x73,0xee,0x73,0x0e,0x74,0xee,0x73,0x0f,0x74,0x0c,0x5b,0xc3,0x10,
    0x00,0x00,0xa6,0x29,0x8a,0x4a,0x49,0x3a,0xe8,0x31,0x66,0x21,0xa2,0x08,0x21,0x00,
    0x00,0x00,0x00,0x00,0x00,0x00,0x00,0x00,0x00,0x00,0x00,0x00,0x00,0x00,0x00,0x00,
    0x00,0x00,0x00,0x00,0x00,0x00,0x00,0x00,0xe4,0x10,0xcb,0x4a,0x6d,0x5b,0xae,0x5b,
    0xae,0x5b,0xcf,0x63,0x2c,0x53,0x08,0x32,0xe8,0x29,0xe8,0x29,0x49,0x32,0x10,0x6c,
    0xef,0x63,0x6d,0x5b,0x8a,0x42,0x07,0x32,0x08,0x32,0xcb,0x4a,0x8e,0x5b,0x8f,0x5b,
    0xaf,0x5b,0xef,0x6b,0x24,0x19,0x00,0x00,0x00,0x00,0x21,0x00,0x21,0x00,0x21,0x00,
    0x41,0x00,0x41,0x00,0x41,0x00,0x41,0x00,0x62,0x08,0xa2,0x08,0x82,0x08,0xc3,0x08,
    0xe3,0x08,0x04,0x09,0x65,0x11,0xaa,0x3a,0xeb,0x4a,0xe4,0x10,0x00,0x00,0x20,0x00,
    0x41,0x00,0xa2,0x08,0x86,0x29,0x20,0x00,0xa6,0x29,0x51,0x74,0xf0,0x63,0xe8,0x21,
    0xe8,0x19,0x29,0x2a,0x6a,0x32,0x6a,0x3a,0xe8,0x29,0xc7,0x21,0xa7,0x21,0xc7,0x29,
    0x45,0x21,0x61,0x00,0x04,0x11,0x46,0x19,0x05,0x11,0x05,0x11,0x04,0x11,0x45,0x19,
    0x21,0x00,0x00,0x00,0x00,0x00,0x00,0x00,0x00,0x00,0x00,0x00,0x00,0x00,0x00,0x00,
    0x00,0x00,0x41,0x00,0x62,0x08,0x61,0x00,0x62,0x08,0x62,0x08,0x62,0x00,0x61,0x00,
    0x82,0x00,0x41,0x00,0x21,0x00,0x21,0x00,0x00,0x00,0x25,0x21,0x66,0x21,0xe7,0x29,
    0x8a,0x42,0x45,0x19,0x04,0x11,0x69,0x42,0x2c,0x53,0x28,0x32,0x65,0x21,0xa2,0x08,
    0x82,0x08,0x62,0x00,0x41,0x00,0x41,0x00,0x21,0x00,0x41,0x00,0x20,0x00,0x41,0x00,
    0xa2,0x08,0x65,0x21,0x65,0x21,0x04,0x11,0x08,0x3a,0x04,0x19,0x41,0x00,0x21,0x00,
    0x00,0x00,0x00,0x00,0x00,0x00,0x00,0x00,0x00,0x00,0x00,0x00,0x00,0x00,0x00,0x00,
    0x00,0x00,0x00,0x00,0x00,0x00,0x00,0x00,0xc6,0x31,0x48,0x4a,0xca,0x52,0x48,0x4a,
    0xa2,0x10,0x00,0x00,0x20,0x00,0x20,0x00,0x41,0x08,0x61,0x08,0x82,0x10,0x21,0x00,
    0xe4,0x18,0x4d,0x63,0x4d,0x63,0x0b,0x5b,0x2b,0x53,0xad,0x63,0xee,0x6b,0xce,0x6b,
    0xef,0x73,0xef,0x73,0xef,0x73,0x28,0x3a,0xcb,0x52,0x30,0x7c,0xee,0x73,0xee,0x6b,
    0xee,0x73,0x0f,0x74,0x10,0x7c,0xa7,0x29,0x00,0x00,0x00,0x00,0x41,0x00,0x82,0x08,
    0x61,0x00,0x00,0x00,0x00,0x00,0x00,0x00,0x00,0x00,0x00,0x00,0x00,0x00,0x00,0x00,
    0x00,0x00,0x00,0x00,0x00,0x00,0x00,0x00,0x00,0x00,0x00,0x00,0x00,0x00,0x00,0x00,
    0x21,0x00,0xe7,0x29,0x0b,0x4b,0xae,0x5b,0xae,0x5b,0xae,0x63,0xaf,0x63,0x0c,0x53,
    0x08,0x32,0x29,0x32,0xe7,0x29,0x2c,0x4b,0x0f,0x64,0xae,0x5b,0xef,0x63,0xef,0x6b,
    0xef,0x6b,0xae,0x63,0x8e,0x5b,0xaf,0x5b,0xaf,0x63,0x04,0x19,0x00,0x00,0x20,0x00,
    0x20,0x08,0x21,0x08,0x21,0x00,0x21,0x00,0x21,0x00,0x41,0x00,0x41,0x00,0x41,0x00,
    0x62,0x08,0xc3,0x10,0xc3,0x08,0xe4,0x10,0x66,0x19,0xc7,0x21,0x69,0x32,0x2d,0x4b,
    0x51,0x74,0xaa,0x4a,0x00,0x00,0x20,0x00,0x21,0x00,0x45,0x21,0xeb,0x52,0xa2,0x10,
    0x00,0x00,0xe3,0x10,0x8e,0x5b,0x51,0x6c,0x29,0x2a,0x08,0x2a,0x8a,0x3a,0x49,0x32,
    0xc7,0x21,0xc7,0x21,0xa7,0x21,0x08,0x32,0x24,0x19,0x41,0x00,0x66,0x21,0x46,0x19,
    0x05,0x11,0xe4,0x10,0x04,0x11,0x04,0x11,0x00,0x00,0x00,0x00,0x00,0x00,0x20,0x00,
    0x00,0x00,0x00,0x00,0x00,0x00,0x00,0x00,0x00,0x00,0x41,0x00,0x62,0x00,0x61,0x00,
    0x62,0x00,0x41,0x00,0x61,0x00,0x61,0x00,0x41,0x00,0x61,0x00,0x41,0x00,0x21,0x00,
    0x01,0x00,0x21,0x00,0x00,0x00,0xc3,0x08,0xa6,0x21,0x49,0x3a,0xc7,0x29,0x04,0x11,
    0xa6,0x21,0xcb,0x4a,0x0c,0x53,0x8a,0x42,0x08,0x32,0x86,0x29,0x45,0x21,0xc3,0x10,
    0xc3,0x10,0x45,0x21,0x86,0x29,0x86,0x29,0xa6,0x29,0x65,0x21,0x86,0x21,0xe7,0x31,
    0xa2,0x08,0x41,0x00,0x21,0x00,0x00,0x00,0x00,0x00,0x00,0x00,0x00,0x00,0x00,0x00,
    0x00,0x00,0x00,0x00,0x00,0x00,0x00,0x00,0x00,0x00,0x00,0x00,0x00,0x00,0x00,0x00,
    0x28,0x42,0x89,0x52,0x45,0x29,0x00,0x00,0x00,0x00,0x20,0x00,0x20,0x00,0x41,0x08,
    0x61,0x08,0x61,0x08,0x20,0x00,0xa2,0x08,0x89,0x42,0x2c,0x5b,0x0c,0x53,0x2c,0x5b,
    0x8d,0x63,0xee,0x73,0xce,0x6b,0xce,0x6b,0xce,0x73,0xce,0x6b,0x0f,0x74,0xad,0x6b,
    0x07,0x3a,0xae,0x6b,0x0f,0x7c,0xee,0x73,0xef,0x73,0x0f,0x74,0x51,0x7c,0x65,0x21,
    0x00,0x00,0x21,0x00,0x00,0x00,0x00,0x00,0x00,0x00,0x00,0x00,0x00,0x00,0x00,0x00,
    0x00,0x00,0x00,0x00,0x00,0x00,0x00,0x00,0x00,0x00,0x00,0x00,0x00,0x00,0x00,0x00,
    0x00,0x00,0x00,0x00,0x00,0x00,0x00,0x00,0x00,0x00,0x62,0x00,0x28,0x32,0x4c,0x53,
    0x8e,0x5b,0x8e,0x5b,0x8e,0x5b,0xae,0x63,0xcb,0x42,0x49,0x32,0x28,0x32,0x08,0x32,
    0x6d,0x5b,0x0f,0x6c,0xce,0x63,0xae,0x5b,0xcf,0x63,0x8e,0x5b,0xef,0x6b,0xcf,0x6b,
    0xc3,0x10,0x00,0x00,0x20,0x00,0x21,0x00,0x21,0x00,0x21,0x00,0x21,0x00,0x21,0x00,
    0x21,0x00,0x21,0x00,0x41,0x00,0x41,0x00,0x62,0x00,0xc3,0x08,0xe4,0x10,0x25,0x19,
    0x87,0x19,0x09,0x22,0xab,0x32,0x2d,0x43,0xcf,0x63,0x8e,0x63,0x41,0x00,0x00,0x00,
    0x20,0x00,0x04,0x19,0xcb,0x4a,0x04,0x11,0x00,0x00,0x00,0x00,0x41,0x00,0xaa,0x42,
    0xef,0x63,0x8a,0x3a,0x8a,0x3a,0x69,0x3a,0xc7,0x21,0xc7,0x21,0x08,0x32,0xe7,0x29,
    0x45,0x19,0x41,0x00,0x45,0x19,0x25,0x19,0xe4,0x10,0xe4,0x08,0x04,0x11,0x82,0x08,
    0x00,0x00,0x00,0x00,0x00,0x00,0x00,0x00,0x00,0x00,0x00,0x00,0x00,0x00,0x00,0x00,
    0x00,0x00,0x41,0x00,0xa2,0x08,0x62,0x00,0x62,0x00,0x41,0x00,0x62,0x00,0x41,0x00,
    0x61,0x00,0x61,0x00,0x41,0x00,0x61,0x00,0x21,0x00,0x21,0x00,0x21,0x00,0x00,0x00,
    0x41,0x00,0xe4,0x10,0x86,0x29,0xe7,0x31,0x04,0x11,0xe3,0x08,0xa6,0x21,0x69,0x3a,
    0x8a,0x42,0x8a,0x42,0x6a,0x42,0x49,0x3a,0x69,0x3a,0x49,0x3a,0xc7,0x29,0xa6,0x29,
    0xa6,0x29,0x86,0x21,0x65,0x21,0xa2,0x08,0x41,0x08,0x00,0x00,0x00,0x00,0x00,0x00,
    0x00,0x00,0x00,0x00,0x00,0x00,0x00,0x00,0x00,0x00,0x00,0x00,0x00,0x00,0x00,0x00,
    0x00,0x00,0x00,0x00,0x00,0x00,0x00,0x00,0xe7,0x39,0xa2,0x10,0x00,0x00,0x00,0x00,
    0x20,0x00,0x20,0x00,0x41,0x08,0x61,0x08,0x62,0x08,0x21,0x00,0x24,0x19,0xeb,0x52,
    0x2c,0x5b,0x0b,0x53,0x4c,0x5b,0xae,0x6b,0xce,0x6b,0xce,0x6b,0xae,0x6b,0xce,0x73,
    0xce,0x73,0xce,0x73,0xce,0x6b,0x0f,0x7c,0xcb,0x52,0x69,0x42,0x30,0x7c,0x0f,0x74,
    0x0f,0x7c,0xcf,0x73,0xe7,0x31,0x20,0x00,0x00,0x00,0x20,0x00,0x00,0x00,0x00,0x00,
    0x00,0x00,0x00,0x00,0x00,0x00,0x00,0x00,0x00,0x00,0x00,0x00,0x00,0x00,0x00,0x00,
    0x00,0x00,0x00,0x00,0x00,0x00,0x00,0x00,0x00,0x00,0x00,0x00,0x00,0x00,0x20,0x00,
    0x41,0x00,0x41,0x00,0x82,0x00,0x69,0x3a,0x6d,0x5b,0x8e,0x63,0x8e,0x5b,0xae,0x63,
    0x8e,0x5b,0x8a,0x42,0x49,0x32,0x28,0x32,0x28,0x32,0xef,0x6b,0xef,0x63,0xce,0x63,
    0xae,0x5b,0x30,0x74,0x6d,0x63,0xc3,0x10,0x00,0x00,0x20,0x00,0x20,0x00,0x20,0x00,
    0x20,0x00,0x20,0x00,0x20,0x00,0x20,0x00,0x20,0x00,0x20,0x00,0x41,0x00,0x41,0x00,
    0x62,0x00,0x82,0x08,0xc3,0x10,0x25,0x19,0x45,0x19,0xe8,0x29,0x49,0x32,0x6a,0x3a,
    0x6a,0x3a,0x86,0x21,0x20,0x00,0x00,0x00,0x41,0x00,0xe3,0x10,0x65,0x19,0x24,0x11,
    0x00,0x00,0x00,0x00,0x20,0x00,0x00,0x00,0xc7,0x21,0xaa,0x3a,0xaa,0x3a,0x49,0x32,
    0xe7,0x29,0xc7,0x29,0x49,0x3a,0xa6,0x21,0x65,0x21,0x41,0x00,0x25,0x19,0x25,0x11,
    0x05,0x11,0x04,0x11,0x04,0x19,0x61,0x00,0x00,0x00,0x00,0x00,0x00,0x00,0x00,0x00,
    0x21,0x00,0x00,0x00,0x00,0x00,0x00,0x00,0x00,0x00,0x61,0x00,0xa2,0x08,0x82,0x00,
    0x62,0x00,0x41,0x00,0x41,0x00,0x61,0x00,0x61,0x00,0x41,0x00,0x41,0x00,0x41,0x00,
    0x41,0x00,0x21,0x00,0x00,0x00,0x00,0x00,0x00,0x00,0x00,0x00,0x00,0x00,0x61,0x00,
    0x65,0x21,0x86,0x21,0x04,0x11,0xe3,0x08,0x04,0x11,0x65,0x19,0x86,0x21,0xc7,0x29,
    0xa6,0x29,0x86,0x21,0x04,0x19,0x45,0x21,0x24,0x19,0xc3,0x10,0x61,0x00,0x41,0x00,
    0x00,0x00,0x00,0x00,0x00,0x00,0x00,0x00,0x00,0x00,0x00,0x00,0x00,0x00,0x00,0x00,
    0x00,0x00,0x00,0x00,0x00,0x00,0x00,0x00,0x00,0x00,0x00,0x00,0x00,0x00,0x00,0x00,
    0x20,0x00,0x00,0x00,0x00,0x00,0x20,0x00,0x20,0x00,0x41,0x08,0x61,0x08,0x82,0x10,
    0x41,0x00,0x86,0x29,0xeb,0x52,0xeb,0x52,0xcb,0x4a,0x4c,0x5b,0x8d,0x6b,0xae,0x6b,
    0xad,0x6b,0xad,0x6b,0xce,0x6b,0xce,0x6b,0xce,0x6b,0xee,0x73,0xee,0x73,0xef,0x73,
    0x0f,0x74,0x49,0x42,0xeb,0x52,0x71,0x84,0x6d,0x63,0x85,0x29,0x00,0x00,0x00,0x00,
    0x00,0x00,0x20,0x00,0x20,0x00,0x00,0x00,0x00,0x00,0x00,0x00,0x00,0x00,0x00,0x00,
    0x00,0x00,0x00,0x00,0x00,0x00,0x00,0x00,0x00,0x00,0x00,0x00,0x00,0x00,0x00,0x00,
    0x00,0x00,0x00,0x00,0x00,0x00,0x00,0x00,0x41,0x08,0x62,0x08,0x21,0x00,0xa2,0x08,
    0xeb,0x4a,0x6d,0x5b,0x8e,0x5b,0xae,0x63,0xef,0x6b,0x8e,0x5b,0x49,0x3a,0x49,0x32,
    0xe8,0x29,0xab,0x42,0xef,0x6b,0xce,0x63,0x30,0x74,0x4d,0x5b,0x61,0x08,0x00,0x00,
    0x20,0x00,0x21,0x00,0x21,0x00,0x20,0x00,0x20,0x00,0x20,0x00,0x20,0x00,0x20,0x00,
    0x20,0x00,0x20,0x00,0x21,0x00,0x41,0x00,0x61,0x00,0x62,0x08,0xa3,0x08,0x04,0x19,
    0x25,0x19,0x45,0x19,0xe4,0x10,0xa3,0x08,0xa2,0x08,0x21,0x00,0x00,0x00,0x62,0x00,
    0x04,0x11,0x86,0x21,0x86,0x19,0xc7,0x21,0x25,0x19,0x21,0x00,0x20,0x00,0x00,0x00,
    0x45,0x19,0x0c,0x4b,0x6a,0x3a,0x08,0x2a,0xe7,0x29,0xc7,0x29,0x08,0x32,0x08,0x32,
    0x24,0x19,0x61,0x00,0x45,0x19,0x05,0x11,0x05,0x11,0xe4,0x10,0xc3,0x10,0x41,0x00,
    0x00,0x00,0x00,0x00,0x00,0x00,0x20,0x00,0x21,0x00,0x20,0x00,0x00,0x00,0x00,0x00,
    0x00,0x00,0x41,0x00,0x62,0x00,0xa3,0x08,0x82,0x00,0x62,0x00,0x61,0x00,0x62,0x00,
    0x82,0x08,0x41,0x00,0x41,0x00,0x41,0x00,0x41,0x00,0x41,0x00,0x21,0x00,0x21,0x00,
    0x00,0x00,0x00,0x00,0x00,0x00,0x20,0x00,0x41,0x00,0xa2,0x08,0x04,0x19,0x04,0x19,
    0x24,0x19,0x04,0x19,0xe3,0x10,0x04,0x11,0xe3,0x10,0xa2,0x08,0xa3,0x08,0xa2,0x08,
    0x82,0x08,0x41,0x00,0x21,0x00,0x00,0x00,0x00,0x00,0x00,0x00,0x00,0x00,0x00,0x00,
    0x00,0x00,0x00,0x00,0x00,0x00,0x00,0x00,0x00,0x00,0x00,0x00,0x00,0x00,0x00,0x00,
    0x00,0x00,0x00,0x00,0x00,0x00,0x00,0x00,0x00,0x00,0x20,0x00,0x20,0x00,0x20,0x00,
    0x41,0x08,0x41,0x08,0x82,0x10,0x00,0x00,0x21,0x00,0x8a,0x42,0xaa,0x4a,0xca,0x4a,
    0x6c,0x5b,0x8d,0x63,0x8d,0x63,0x8d,0x63,0xad,0x6b,0xad,0x6b,0xae,0x6b,0xae,0x6b,
    0xce,0x6b,0xce,0x6b,0xce,0x6b,0xce,0x73,0xef,0x73,0x8e,0x63,0xe7,0x31,0xe7,0x31,
    0xe3,0x10,0x20,0x00,0x20,0x00,0x20,0x00,0x00,0x00,0x00,0x00,0x20,0x00,0x00,0x00,
    0x00,0x00,0x00,0x00,0x00,0x00,0x00,0x00,0x00,0x00,0x00,0x00,0x00,0x00,0x00,0x00,
    0x00,0x00,0x00,0x00,0x00,0x00,0x00,0x00,0x00,0x00,0x00,0x00,0x00,0x00,0x00,0x00,
    0x00,0x00,0x41,0x08,0x62,0x08,0x00,0x00,0x86,0x21,0x4d,0x5b,0x8e,0x5b,0xae,0x63,
    0xcf,0x63,0xef,0x6b,0xeb,0x4a,0x28,0x32,0x49,0x32,0x86,0x21,0x4d,0x5b,0x92,0x84,
    0xcb,0x52,0x41,0x00,0x00,0x00,0x20,0x00,0x20,0x00,0x21,0x00,0x20,0x00,0x20,0x00,
    0x20,0x00,0x20,0x00,0x20,0x00,0x20,0x00,0x20,0x00,0x20,0x00,0x20,0x00,0x41,0x00,
    0x41,0x00,0x41,0x00,0x62,0x00,0xa2,0x08,0x82,0x10,0x41,0x00,0x00,0x00,0x00,0x00,
    0x00,0x00,0x61,0x00,0x85,0x21,0xc6,0x29,0x86,0x19,0xa7,0x21,0xe8,0x21,0xc7,0x21,
    0xa7,0x29,0x45,0x21,0x61,0x00,0x00,0x00,0x08,0x2a,0xeb,0x42,0x69,0x3a,0xe7,0x29,
    0xe7,0x29,0x08,0x2a,0xe8,0x29,0x08,0x32,0xc3,0x08,0x82,0x00,0x86,0x21,0x25,0x11,
    0x05,0x11,0x04,0x11,0xa3,0x08,0x00,0x00,0x00,0x00,0x00,0x00,0x00,0x00,0x21,0x00,
    0x21,0x00,0x20,0x00,0x00,0x00,0x00,0x00,0x00,0x00,0x41,0x00,0x82,0x08,0x62,0x00,
    0x62,0x00,0x41,0x00,0x62,0x08,0x62,0x00,0x61,0x00,0x62,0x00,0x41,0x00,0x41,0x00,
    0x41,0x00,0x41,0x00,0x41,0x00,0x21,0x00,0x00,0x00,0x00,0x00,0x00,0x00,0x00,0x00,
    0x21,0x00,0x41,0x00,0x41,0x00,0x61,0x08,0x82,0x08,0x82,0x08,0x82,0x08,0x62,0x08,
    0x61,0x08,0x41,0x00,0x61,0x00,0x41,0x00,0x21,0x00,0x20,0x00,0x00,0x00,0x00,0x00,
    0x00,0x00,0x00,0x00,0x00,0x00,0x00,0x00,0x00,0x00,0x00,0x00,0x00,0x00,0x00,0x00,
    0x00,0x00,0x00,0x00,0x00,0x00,0x00,0x00,0x00,0x00,0x00,0x00,0x00,0x00,0x00,0x00,
    0x20,0x00,0x20,0x00,0x20,0x00,0x41,0x08,0x41,0x08,0x61,0x08,0x20,0x00,0xe3,0x18,
    0xc7,0x31,0x6a,0x42,0xcb,0x52,0x4c,0x5b,0x6d,0x63,0x6c,0x63,0x6c,0x63,0x8d,0x6b,
    0x8d,0x6b,0xad,0x6b,0xad,0x6b,0xae,0x6b,0xce,0x6b,0xce,0x6b,0xce,0x6b,0xce,0x73,
    0xce,0x6b,0x0f,0x74,0x4c,0x5b,0x03,0x11,0x20,0x00,0x41,0x00,0x21,0x00,0x00,0x00,
    0x00,0x00,0x00,0x00,0x00,0x00,0x00,0x00,0x00,0x00,0x00,0x00,0x00,0x00,0x00,0x00,
    0x00,0x00,0x00,0x00,0x00,0x00,0x00,0x00,0x00,0x00,0x00,0x00,0x00,0x00,0x00,0x00,
    0x00,0x00,0x00,0x00,0x00,0x00,0x00,0x00,0x00,0x00,0x00,0x00,0x41,0x08,0x20,0x00,
    0x41,0x00,0x49,0x3a,0x4d,0x5b,0x8e,0x5b,0x8e,0x5b,0x4d,0x53,0xcb,0x4a,0x49,0x3a,
    0x49,0x3a,0xc7,0x29,0x08,0x32,0xaa,0x4a,0x00,0x00,0x00,0x00,0x20,0x00,0x20,0x00,
    0x20,0x00,0x20,0x00,0x00,0x00,0x20,0x00,0x20,0x00,0x20,0x00,0x20,0x00,0x20,0x00,
    0x21,0x00,0x21,0x00,0x21,0x00,0x20,0x00,0x20,0x00,0x00,0x00,0x00,0x00,0x00,0x00,
    0x00,0x00,0x00,0x00,0x00,0x00,0x00,0x00,0x20,0x00,0x44,0x19,0xcb,0x4a,0x2c,0x53,
    0x29,0x32,0x65,0x19,0xa6,0x21,0x86,0x19,0xa7,0x21,0xa7,0x29,0x86,0x21,0xe4,0x10,
    0xcb,0x42,0xcb,0x42,0x69,0x3a,0x49,0x32,0xa6,0x21,0xe8,0x29,0xe8,0x29,0x08,0x32,
    0xe3,0x10,0x82,0x08,0x66,0x19,0x25,0x11,0x05,0x09,0xe4,0x10,0x82,0x08,0x00,0x00,
    0x00,0x00,0x00,0x00,0x00,0x00,0x21,0x00,0x21,0x00,0x20,0x00,0x00,0x00,0x00,0x00,
    0x00,0x00,0x20,0x00,0xa2,0x08,0x82,0x00,0x62,0x00,0x62,0x00,0x62,0x08,0x62,0x00,
    0x41,0x00,0x41,0x00,0x41,0x00,0x41,0x00,0x41,0x00,0x41,0x00,0x21,0x00,0x21,0x00,
    0x21,0x00,0x20,0x00,0x00,0x00,0x00,0x00,0x00,0x00,0x00,0x00,0x00,0x00,0x00,0x00,
    0x21,0x00,0x41,0x00,0x20,0x00,0x00,0x00,0x21,0x00,0x21,0x00,0x41,0x08,0x21,0x00,
    0x00,0x00,0x00,0x00,0x00,0x00,0x00,0x00,0x00,0x00,0x00,0x00,0x00,0x00,0x00,0x00,
    0x00,0x00,0x00,0x00,0x00,0x00,0x00,0x00,0x00,0x00,0x00,0x00,0x00,0x00,0x00,0x00,
    0x00,0x00,0x00,0x00,0x00,0x00,0x00,0x00,0x20,0x00,0x20,0x00,0x20,0x00,0x41,0x08,
    0x41,0x08,0x00,0x00,0x61,0x08,0x28,0x42,0x8a,0x42,0xeb,0x52,0x4d,0x63,0x4c,0x5b,
    0x4c,0x63,0x6c,0x63,0x6c,0x63,0x8c,0x63,0x8d,0x63,0xad,0x6b,0xad,0x6b,0xae,0x6b,
    0xae,0x6b,0xce,0x6b,0xce,0x6b,0xce,0x6b,0xce,0x73,0xee,0x73,0xee,0x73,0xaa,0x4a,
    0xa2,0x08,0x20,0x00,0x00,0x00,0x00,0x00,0x00,0x00,0x00,0x00,0x00,0x00,0x00,0x00,
    0x00,0x00,0x00,0x00,0x00,0x00,0x00,0x00,0x00,0x00,0x00,0x00,0x00,0x00,0x00,0x00,
    0x00,0x00,0x00,0x00,0x00,0x00,0x00,0x00,0x00,0x00,0x00,0x00,0x00,0x00,0x00,0x00,
    0x00,0x00,0x00,0x00,0x20,0x00,0x20,0x00,0x00,0x00,0xc3,0x10,0xca,0x4a,0x6d,0x5b,
    0x2c,0x53,0x2c,0x53,0x69,0x3a,0xe7,0x31,0xe7,0x31,0xa6,0x29,0x20,0x00,0x00,0x00,
    0x00,0x00,0x20,0x00,0x20,0x00,0x20,0x00,0x20,0x00,0x20,0x00,0x00,0x00,0x00,0x00,
    0x20,0x00,0x20,0x00,0x20,0x00,0x21,0x00,0x21,0x00,0x20,0x00,0x00,0x00,0x00,0x00,
    0x00,0x00,0x00,0x00,0x00,0x00,0x00,0x00,0x00,0x00,0x00,0x00,0x00,0x00,0x00,0x00,
    0x00,0x00,0x20,0x00,0x41,0x00,0x24,0x19,0xc7,0x29,0x49,0x3a,0xe8,0x31,0xa6,0x21,
    0x45,0x19,0x65,0x19,0x86,0x21,0xc7,0x29,0x0c,0x4b,0xaa,0x42,0x08,0x2a,0x08,0x2a,
    0xc7,0x21,0x08,0x2a,0x29,0x32,0x08,0x32,0xe3,0x10,0x24,0x19,0x86,0x21,0xe4,0x08,
    0x05,0x11,0x04,0x11,0x62,0x08,0x00,0x00,0x00,0x00,0x00,0x00,0x00,0x00,0x21,0x00,
    0x21,0x00,0x20,0x00,0x00,0x00,0x00,0x00,0x00,0x00,0x41,0x00,0xa2,0x08,0x82,0x00,
    0x62,0x00,0x61,0x00,0x41,0x00,0x61,0x00,0x61,0x00,0x41,0x00,0x41,0x00,0x41,0x00,
    0x41,0x00,0x41,0x00,0x41,0x00,0x41,0x00,0x21,0x00,0x21,0x00,0x21,0x00,0x21,0x00,
    0x21,0x00,0x21,0x00,0x21,0x00,0x21,0x00,0x20,0x00,0x21,0x00,0x21,0x00,0x20,0x00,
    0x21,0x00,0x00,0x00,0x00,0x00,0x00,0x00,0x00,0x00,0x00,0x00,0x00,0x00,0x00,0x00,
    0x00,0x00,0x00,0x00,0x00,0x00,0x00,0x00,0x00,0x00,0x00,0x00,0x00,0x00,0x00,0x00,
    0x00,0x00,0x00,0x00,0x00,0x00,0x00,0x00,0x00,0x00,0x00,0x00,0x00,0x00,0x00,0x00,
    0x20,0x00,0x20,0x00,0x20,0x00,0x00,0x00,0x00,0x00,0x00,0x00,0x03,0x19,0x69,0x42,
    0xeb,0x52,0x2c,0x5b,0x0b,0x5b,0x2c,0x5b,0x4c,0x63,0x4c,0x63,0x6c,0x63,0x6c,0x63,
    0x8d,0x63,0x8d,0x63,0x8d,0x6b,0xad,0x6b,0xae,0x6b,0xae,0x6b,0xae,0x6b,0xce,0x6b,
    0xcd,0x73,0xee,0x73,0xee,0x73,0xad,0x6b,0xe7,0x31,0x41,0x00,0x20,0x00,0x00,0x00,
    0x00,0x00,0x00,0x00,0x00,0x00,0x00,0x00,0x00,0x00,0x00,0x00,0x00,0x00,0x00,0x00,
    0x00,0x00,0x00,0x00,0x00,0x00,0x00,0x00,0x00,0x00,0x00,0x00,0x00,0x00,0x00,0x00,
    0x00,0x00,0x00,0x00,0x00,0x00,0x00,0x00,0x00,0x00,0x00,0x00,0x00,0x00,0x00,0x00,
    0x00,0x00,0x21,0x00,0x04,0x11,0x48,0x3a,0x0b,0x4b,0xaa,0x42,0xa6,0x29,0x65,0x21,
    0x45,0x21,0x41,0x00,0x00,0x00,0x00,0x00,0x20,0x00,0x20,0x00,0x21,0x00,0x20,0x00,
    0x20,0x00,0x20,0x00,0x00,0x00,0x00,0x00,0x20,0x00,0x20,0x00,0x00,0x00,0x00,0x00,
    0x00,0x00,0x00,0x00,0x00,0x00,0x00,0x00,0x00,0x00,0x00,0x00,0x00,0x00,0x00,0x00,
    0x00,0x00,0x00,0x00,0x00,0x00,0x00,0x00,0x00,0x00,0x00,0x00,0x00,0x00,0x00,0x00,
    0x00,0x00,0x61,0x08,0x24,0x21,0x08,0x3a,0x28,0x32,0xa6,0x19,0x04,0x09,0x08,0x2a,
    0x0c,0x4b,0x8a,0x3a,0x08,0x2a,0xc7,0x21,0xe7,0x29,0x08,0x2a,0x8a,0x3a,0x28,0x32,
    0xe4,0x10,0x66,0x21,0xcb,0x42,0xc7,0x21,0x25,0x11,0xe4,0x10,0x41,0x00,0x00,0x00,
    0x00,0x00,0x00,0x00,0x00,0x00,0x21,0x00,0x21,0x00,0x20,0x00,0x00,0x00,0x00,0x00,
    0x00,0x00,0x41,0x00,0x82,0x00,0x62,0x00,0x62,0x00,0x62,0x00,0x62,0x08,0x61,0x00,
    0x41,0x00,0x41,0x00,0x41,0x00,0x41,0x00,0x41,0x00,0x21,0x00,0x41,0x00,0x41,0x00,
    0x21,0x00,0x21,0x00,0x41,0x00,0x41,0x00,0x21,0x00,0x21,0x00,0x21,0x00,0x21,0x00,
    0x20,0x00,0x20,0x00,0x41,0x00,0x20,0x00,0x00,0x00,0x00,0x00,0x20,0x00,0x20,0x00,
    0x00,0x00,0x00,0x00,0x00,0x00,0x00,0x00,0x20,0x00,0x00,0x00,0x00,0x00,0x00,0x00,
    0x00,0x00,0x00,0x00,0x00,0x00,0x00,0x00,0x00,0x00,0x00,0x00,0x00,0x00,0x00,0x00,
    0x00,0x00,0x00,0x00,0x00,0x00,0x00,0x00,0x20,0x00,0x00,0x00,0x00,0x00,0x00,0x00,
    0x20,0x00,0x00,0x00,0x03,0x11,0xaa,0x4a,0x0b,0x5b,0x0b,0x5b,0x0b,0x5b,0x2b,0x5b,
    0x4c,0x63,0x4c,0x63,0x4c,0x63,0x6c,0x63,0x6d,0x63,0x8d,0x63,0x8d,0x63,0x8d,0x6b,
    0xad,0x6b,0xae,0x6b,0xae,0x6b,0xce,0x6b,0xcd,0x73,0xcd,0x73,0xee,0x73,0x0f,0x74,
    0xeb,0x52,0xe3,0x10,0x00,0x00,0x00,0x00,0x00,0x00,0x00,0x00,0x00,0x00,0x00,0x00,
    0x00,0x00,0x00,0x00,0x00,0x00,0x00,0x00,0x00,0x00,0x00,0x00,0x00,0x00,0x00,0x00,
    0x00,0x00,0x00,0x00,0x00,0x00,0x00,0x00,0x00,0x00,0x00,0x00,0x00,0x00,0x00,0x00,
    0x00,0x00,0x00,0x00,0x00,0x00,0x00,0x00,0x00,0x00,0x00,0x00,0x41,0x00,0x08,0x32,
    0x28,0x32,0x86,0x21,0x65,0x19,0xe4,0x10,0x20,0x00,0x00,0x00,0x00,0x00,0x20,0x00,
    0x20,0x00,0x20,0x00,0x20,0x00,0x20,0x00,0x20,0x00,0x00,0x00,0x00,0x00,0x00,0x00,
    0x20,0x00,0x00,0x00,0x00,0x00,0x00,0x00,0x00,0x00,0x00,0x00,0x00,0x00,0x00,0x00,
    0x00,0x00,0x00,0x00,0x00,0x00,0x00,0x00,0x00,0x00,0x00,0x00,0x00,0x00,0x00,0x00,
    0x00,0x00,0x00,0x00,0x00,0x00,0x20,0x00,0x00,0x00,0x00,0x00,0x00,0x00,0x20,0x00,
    0x04,0x19,0x49,0x32,0xe8,0x29,0x6a,0x3a,0x2c,0x4b,0xaa,0x3a,0xe8,0x29,0xc7,0x29,
    0xc7,0x21,0x08,0x2a,0x49,0x32,0xe7,0x29,0xa2,0x08,0x21,0x00,0xe4,0x10,0xe8,0x29,
    0x49,0x32,0x65,0x21,0x00,0x00,0x00,0x00,0x00,0x00,0x00,0x00,0x00,0x00,0x21,0x00,
    0x21,0x00,0x21,0x00,0x00,0x00,0x00,0x00,0x00,0x00,0x41,0x00,0xa2,0x08,0x82,0x08,
    0x62,0x00,0x82,0x08,0x82,0x08,0x41,0x00,0x61,0x00,0x61,0x00,0x41,0x00,0x41,0x00,
    0x41,0x00,0x41,0x00,0x41,0x00,0x21,0x00,0x41,0x00,0x41,0x00,0x41,0x00,0x21,0x00,
    0x21,0x00,0x21,0x00,0x21,0x00,0x21,0x00,0x21,0x00,0x21,0x00,0x20,0x00,0x20,0x00,
    0x20,0x00,0x00,0x00,0x00,0x00,0x20,0x00,0x20,0x00,0x00,0x00,0x00,0x00,0x20,0x00,
    0x20,0x00,0x00,0x00,0x00,0x00,0x00,0x00,0x00,0x00,0x00,0x00,0x00,0x00,0x00,0x00,
    0x00,0x00,0x00,0x00,0x00,0x00,0x00,0x00,0x00,0x00,0x00,0x00,0x00,0x00,0x00,0x00,
    0x00,0x00,0x00,0x00,0x00,0x00,0x00,0x00,0x00,0x00,0x00,0x00,0x82,0x08,0x69,0x4a,
    0x0b,0x53,0xeb,0x52,0x0b,0x5b,0x0b,0x5b,0x2b,0x5b,0x2c,0x63,0x4c,0x63,0x6c,0x63,
    0x6d,0x63,0x6d,0x63,0x8d,0x6b,0x8d,0x6b,0xad,0x6b,0xad,0x6b,0xcd,0x6b,0xce,0x6b,
    0xcd,0x73,0xce,0x73,0xce,0x6b,0x0f,0x74,0xae,0x6b,0xe7,0x31,0x41,0x00,0x00,0x00,
    0x00,0x00,0x00,0x00,0x00,0x00,0x00,0x00,0x00,0x00,0x00,0x00,0x00,0x00,0x00,0x00,
    0x00,0x00,0x00,0x00,0x00,0x00,0x00,0x00,0x00,0x00,0x00,0x00,0x00,0x00,0x00,0x00,
    0x00,0x00,0x00,0x00,0x00,0x00,0x00,0x00,0x00,0x00,0x00,0x00,0x00,0x00,0x00,0x00,
    0x00,0x00,0x21,0x00,0x24,0x19,0x86,0x21,0x65,0x21,0x24,0x19,0x82,0x08,0x00,0x00,
    0x00,0x00,0x00,0x00,0x20,0x00,0x20,0x00,0x20,0x00,0x20,0x00,0x00,0x00,0x00,0x00,
    0x20,0x00,0x00,0x00,0x00,0x00,0x00,0x00,0x00,0x00,0x00,0x00,0x00,0x00,0x00,0x00,
    0x00,0x00,0x00,0x00,0x00,0x00,0x00,0x00,0x00,0x00,0x00,0x00,0x00,0x00,0x00,0x00,
    0x00,0x00,0x00,0x00,0x00,0x00,0x00,0x00,0x00,0x00,0x00,0x00,0x00,0x00,0x00,0x00,
    0x21,0x00,0x21,0x00,0x21,0x00,0x41,0x00,0x00,0x00,0x00,0x00,0x45,0x21,0xec,0x4a,
    0xeb,0x42,0x69,0x3a,0xc7,0x29,0xa7,0x29,0xc7,0x29,0x49,0x32,0x6a,0x3a,0x49,0x3a,
    0x82,0x08,0x00,0x00,0x00,0x00,0x00,0x00,0xc3,0x10,0x65,0x21,0x20,0x00,0x00,0x00,
    0x00,0x00,0x00,0x00,0x20,0x00,0x20,0x00,0x21,0x00,0x21,0x00,0x01,0x00,0x00,0x00,
    0x00,0x00,0x41,0x08,0x62,0x00,0x62,0x00,0x42,0x00,0x62,0x00,0x82,0x08,0x41,0x00,
    0x41,0x00,0x41,0x00,0x41,0x00,0x41,0x00,0x41,0x00,0x41,0x00,0x62,0x08,0x21,0x00,
    0x21,0x00,0x21,0x00,0x41,0x00,0x21,0x00,0x21,0x00,0x21,0x00,0x21,0x00,0x21,0x00,
    0x20,0x00,0x21,0x00,0x20,0x00,0x21,0x00,0x20,0x00,0x20,0x00,0x21,0x00,0x00,0x00,
    0x20,0x00,0x00,0x00,0x00,0x00,0x20,0x00,0x00,0x00,0x00,0x00,0x00,0x00,0x00,0x00,
    0x00,0x00,0x00,0x00,0x00,0x00,0x00,0x00,0x00,0x00,0x00,0x00,0x00,0x00,0x00,0x00,
    0x00,0x00,0x00,0x00,0x00,0x00,0x00,0x00,0x00,0x00,0x00,0x00,0x00,0x00,0x00,0x00,
    0x00,0x00,0x20,0x00,0x00,0x00,0x86,0x29,0xeb,0x52,0xeb,0x52,0xeb,0x5a,0x2b,0x5b,
    0x2b,0x5b,0x2b,0x5b,0x4c,0x63,0x4c,0x63,0x4c,0x63,0x6d,0x63,0x6d,0x63,0x8d,0x6b,
    0xad,0x6b,0xad,0x6b,0xad,0x6b,0xcd,0x6b,0xce,0x73,0xce,0x6b,0xce,0x6b,0x0f,0x74,
    0xce,0x6b,0xaa,0x4a,0x45,0x21,0x21,0x00,0x00,0x00,0x00,0x00,0x00,0x00,0x00,0x00,
    0x00,0x00,0x00,0x00,0x00,0x00,0x00,0x00,0x00,0x00,0x00,0x00,0x00,0x00,0x00,0x00,
    0x00,0x00,0x00,0x00,0x00,0x00,0x00,0x00,0x00,0x00,0x00,0x00,0x00,0x00,0x00,0x00,
    0x00,0x00,0x00,0x00,0x00,0x00,0x00,0x00,0x20,0x00,0x62,0x08,0xc3,0x10,0xe4,0x10,
    0xe4,0x10,0x41,0x00,0x00,0x00,0x00,0x00,0x20,0x00,0x20,0x00,0x20,0x00,0x00,0x00,
    0x20,0x00,0x20,0x00,0x00,0x00,0x00,0x00,0x00,0x00,0x00,0x00,0x00,0x00,0x00,0x00,
    0x00,0x00,0x00,0x00,0x00,0x00,0x00,0x00,0x00,0x00,0x00,0x00,0x00,0x00,0x00,0x00,
    0x00,0x00,0x00,0x00,0x00,0x00,0x00,0x00,0x00,0x00,0x00,0x00,0x00,0x00,0x00,0x00,
    0x00,0x00,0x00,0x00,0x00,0x00,0x00,0x00,0x21,0x00,0x41,0x00,0x41,0x00,0x61,0x00,
    0x62,0x08,0x21,0x00,0x45,0x19,0x4d,0x53,0xeb,0x42,0x49,0x32,0xe7,0x29,0xa7,0x21,
    0xc7,0x29,0x49,0x32,0x28,0x32,0x28,0x3a,0x82,0x08,0x00,0x00,0x20,0x00,0x20,0x00,
    0x00,0x00,0x00,0x00,0x00,0x00,0x00,0x00,0x00,0x00,0x00,0x00,0x20,0x00,0x20,0x00,
    0x21,0x00,0x21,0x00,0x00,0x00,0x00,0x00,0x00,0x00,0x41,0x08,0x82,0x08,0x62,0x00,
    0x62,0x00,0x62,0x00,0x62,0x08,0x41,0x00,0x41,0x00,0x41,0x00,0x41,0x00,0x41,0x00,
    0x21,0x00,0x21,0x00,0x21,0x00,0x41,0x00,0x41,0x00,0x21,0x00,0x21,0x00,0x21,0x00,
    0x21,0x00,0x21,0x00,0x21,0x00,0x21,0x00,0x21,0x00,0x21,0x00,0x21,0x00,0x21,0x00,
    0x21,0x00,0x20,0x00,0x20,0x00,0x20,0x00,0x20,0x00,0x00,0x00,0x00,0x00,0x20,0x00,
    0x00,0x00,0x00,0x00,0x00,0x00,0x00,0x00,0x00,0x00,0x00,0x00,0x00,0x00,0x00,0x00,
    0x00,0x00,0x00,0x00,0x00,0x00,0x00,0x00,0x00,0x00,0x00,0x00,0x00,0x00,0x00,0x00,
    0x00,0x00,0x00,0x00,0x00,0x00,0x00,0x00,0x20,0x00,0x20,0x00,0x20,0x00,0x61,0x08,
    0x49,0x42,0x0b,0x5b,0xeb,0x52,0xeb,0x52,0x0b,0x5b,0x2b,0x5b,0x2b,0x63,0x4c,0x63,
    0x6c,0x63,0x6d,0x63,0x6d,0x63,0x8d,0x63,0x8d,0x6b,0xad,0x6b,0xad,0x6b,0xad,0x6b,
    0xce,0x73,0xce,0x6b,0xce,0x6b,0xee,0x6b,0x4d,0x5b,0x8a,0x42,0x29,0x3a,0xe4,0x10,
    0x00,0x00,0x00,0x00,0x00,0x00,0x00,0x00,0x00,0x00,0x00,0x00,0x00,0x00,0x00,0x00,
    0x00,0x00,0x00,0x00,0x00,0x00,0x00,0x00,0x00,0x00,0x00,0x00,0x00,0x00,0x00,0x00,
    0x00,0x00,0x00,0x00,0x00,0x00,0x00,0x00,0x00,0x00,0x00,0x00,0x00,0x00,0x00,0x00,
    0x20,0x00,0x41,0x00,0x62,0x08,0x82,0x10,0x21,0x00,0x00,0x00,0x00,0x00,0x20,0x00,
    0x20,0x00,0x20,0x00,0x00,0x00,0x00,0x00,0x00,0x00,0x00,0x00,0x00,0x00,0x00,0x00,
    0x00,0x00,0x00,0x00,0x00,0x00,0x00,0x00,0x00,0x00,0x00,0x00,0x00,0x00,0x00,0x00,
    0x00,0x00,0x00,0x00,0x00,0x00,0x00,0x00,0x00,0x00,0x00,0x00,0x00,0x00,0x00,0x00,
    0x00,0x00,0x00,0x00,0x00,0x00,0x00,0x00,0x00,0x00,0x00,0x00,0x00,0x00,0x00,0x00,
    0x00,0x00,0x41,0x00,0x82,0x08,0xa2,0x08,0xc3,0x08,0x82,0x00,0x28,0x32,0x2c,0x4b,
    0x8a,0x3a,0x08,0x2a,0xe8,0x29,0xc7,0x29,0xe8,0x29,0x08,0x2a,0x49,0x32,0xe7,0x29,
    0x62,0x08,0x62,0x08,0x20,0x00,0x00,0x00,0x20,0x00,0x20,0x00,0x00,0x00,0x00,0x00,
    0x00,0x00,0x00,0x00,0x00,0x00,0x00,0x00,0x20,0x00,0x20,0x00,0x00,0x00,0x00,0x00,
    0x00,0x00,0x41,0x08,0x82,0x08,0x62,0x00,0x62,0x00,0x41,0x00,0x41,0x00,0x41,0x00,
    0x41,0x00,0x41,0x00,0x41,0x00,0x41,0x00,0x41,0x00,0x61,0x00,0x41,0x00,0x41,0x00,
    0x21,0x00,0x41,0x00,0x21,0x00,0x41,0x00,0x21,0x00,0x21,0x00,0x21,0x00,0x21,0x00,
    0x21,0x00,0x21,0x00,0x21,0x00,0x21,0x00,0x00,0x00,0x20,0x00,0x00,0x00,0x21,0x00,
    0x20,0x00,0x00,0x00,0x00,0x00,0x20,0x00,0x00,0x00,0x00,0x00,0x00,0x00,0x00,0x00,
    0x00,0x00,0x00,0x00,0x00,0x00,0x00,0x00,0x00,0x00,0x00,0x00,0x00,0x00,0x00,0x00,
    0x00,0x00,0x00,0x00,0x00,0x00,0x00,0x00,0x00,0x00,0x00,0x00,0x20,0x00,0x20,0x00,
    0x20,0x00,0x20,0x00,0x41,0x00,0x20,0x00,0x24,0x19,0xcb,0x52,0xeb,0x52,0xeb,0x52,
    0x0b,0x5b,0x2b,0x5b,0x2b,0x5b,0x2c,0x5b,0x4c,0x5b,0x6c,0x63,0x6d,0x63,0x6d,0x63,
    0x8d,0x63,0x8d,0x6b,0xad,0x6b,0xad,0x6b,0xad,0x6b,0xce,0x6b,0xef,0x73,0x8d,0x63,
    0xeb,0x4a,0x8a,0x42,0x6a,0x42,0x29,0x3a,0xc3,0x10,0x00,0x00,0x00,0x00,0x00,0x00,
    0x00,0x00,0x00,0x00,0x00,0x00,0x20,0x00,0x00,0x00,0x00,0x00,0x00,0x00,0x00,0x00,
    0x00,0x00,0x00,0x00,0x00,0x00,0x00,0x00,0x00,0x00,0x00,0x00,0x00,0x00,0x00,0x00,
    0x00,0x00,0x00,0x00,0x00,0x00,0x20,0x00,0x20,0x00,0x00,0x00,0x41,0x08,0x82,0x08,
    0x00,0x00,0x00,0x00,0x00,0x00,0x20,0x00,0x00,0x00,0x00,0x00,0x00,0x00,0x00,0x00,
    0x00,0x00,0x00,0x00,0x00,0x00,0x00,0x00,0x00,0x00,0x00,0x00,0x00,0x00,0x00,0x00,
    0x00,0x00,0x00,0x00,0x00,0x00,0x00,0x00,0x00,0x00,0x00,0x00,0x00,0x00,0x00,0x00,
    0x00,0x00,0x00,0x00,0x00,0x00,0x00,0x00,0x00,0x00,0x00,0x00,0x00,0x00,0x00,0x00,
    0x00,0x00,0x00,0x00,0x00,0x00,0x00,0x00,0x62,0x00,0x82,0x00,0x82,0x00,0x82,0x00,
    0xa3,0x08,0x04,0x11,0x0c,0x4b,0x2c,0x4b,0xaa,0x3a,0x28,0x32,0xc7,0x29,0xa7,0x21,
    0xc7,0x21,0x08,0x2a,0x8a,0x3a,0x86,0x21,0x82,0x08,0x86,0x29,0x45,0x19,0x82,0x08,
    0x20,0x00,0x00,0x00,0x20,0x00,0x00,0x00,0x00,0x00,0x00,0x00,0x00,0x00,0x00,0x00,
    0x00,0x00,0x00,0x00,0x00,0x00,0x00,0x00,0x00,0x00,0x61,0x00,0x62,0x00,0x61,0x00,
    0x62,0x00,0x62,0x00,0x41,0x00,0x41,0x00,0x61,0x00,0x41,0x00,0x41,0x00,0x41,0x00,
    0x41,0x00,0x41,0x00,0x21,0x00,0x21,0x00,0x21,0x00,0x41,0x00,0x21,0x00,0x21,0x00,
    0x21,0x00,0x21,0x00,0x21,0x00,0x21,0x00,0x21,0x00,0x21,0x00,0x21,0x00,0x21,0x00,
    0x20,0x00,0x21,0x00,0x00,0x00,0x20,0x00,0x20,0x00,0x00,0x00,0x00,0x00,0x20,0x00,
    0x00,0x00,0x00,0x00,0x00,0x00,0x00,0x00,0x00,0x00,0x00,0x00,0x00,0x00,0x00,0x00,
    0x00,0x00,0x00,0x00,0x00,0x00,0x00,0x00,0x00,0x00,0x00,0x00,0x00,0x00,0x00,0x00,
    0x00,0x00,0x00,0x00,0x00,0x00,0x00,0x00,0x20,0x00,0x20,0x00,0x41,0x00,0x20,0x00,
    0x21,0x00,0xe7,0x31,0x0b,0x53,0xea,0x52,0xeb,0x52,0x0b,0x5b,0x0b,0x5b,0x2b,0x5b,
    0x4c,0x5b,0x4c,0x5b,0x6c,0x63,0x6c,0x63,0x6c,0x63,0x8d,0x6b,0x8d,0x6b,0x8d,0x6b,
    0xae,0x6b,0xce,0x6b,0x4c,0x5b,0x8a,0x42,0x49,0x3a,0x49,0x3a,0x49,0x3a,0x49,0x3a,
    0xe7,0x31,0xa2,0x08,0x20,0x00,0x00,0x00,0x00,0x00,0x00,0x00,0x00,0x00,0x20,0x00,
    0x20,0x00,0x00,0x00,0x00,0x00,0x00,0x00,0x00,0x00,0x00,0x00,0x00,0x00,0x00,0x00,
    0x00,0x00,0x00,0x00,0x00,0x00,0x00,0x00,0x00,0x00,0x20,0x00,0x20,0x00,0x00,0x00,
    0x00,0x00,0x04,0x19,0x66,0x29,0x00,0x00,0x41,0x00,0xe4,0x18,0x41,0x00,0x20,0x00,
    0x00,0x00,0x00,0x00,0x00,0x00,0x00,0x00,0x00,0x00,0x00,0x00,0x00,0x00,0x00,0x00,
    0x00,0x00,0x00,0x00,0x00,0x00,0x00,0x00,0x00,0x00,0x00,0x00,0x00,0x00,0x00,0x00,
    0x00,0x00,0x00,0x00,0x00,0x00,0x00,0x00,0x00,0x00,0x00,0x00,0x00,0x00,0x00,0x00,
    0x00,0x00,0x00,0x00,0x00,0x00,0x00,0x00,0x00,0x00,0x00,0x00,0x61,0x08,0x41,0x08,
    0x82,0x08,0xe3,0x10,0xe3,0x10,0xc3,0x08,0x41,0x00,0x65,0x19,0xcf,0x63,0x8e,0x53,
    0x0c,0x43,0xcb,0x42,0x8a,0x3a,0xaa,0x42,0xaa,0x3a,0xaa,0x3a,0x69,0x3a,0x45,0x19,
    0x41,0x00,0xa6,0x29,0x86,0x21,0xa6,0x21,0x45,0x19,0xa2,0x08,0x20,0x00,0x00,0x00,
    0x00,0x00,0x20,0x00,0x00,0x00,0x00,0x00,0x00,0x00,0x00,0x00,0x00,0x00,0x00,0x00,
    0x00,0x00,0x61,0x08,0x82,0x08,0x62,0x08,0x62,0x00,0x62,0x00,0xc3,0x10,0x62,0x00,
    0x62,0x08,0x41,0x00,0x41,0x00,0x41,0x00,0x41,0x00,0x21,0x00,0x41,0x00,0x41,0x00,
    0x21,0x00,0x21,0x00,0x21,0x00,0x21,0x00,0x41,0x00,0x21,0x00,0x21,0x00,0x21,0x00,
    0x21,0x00,0x21,0x00,0x21,0x00,0x21,0x00,0x21,0x00,0x20,0x00,0x00,0x00,0x21,0x00,
    0x20,0x00,0x00,0x00,0x00,0x00,0x00,0x00,0x00,0x00,0x00,0x00,0x00,0x00,0x00,0x00,
    0x00,0x00,0x00,0x00,0x00,0x00,0x00,0x00,0x00,0x00,0x00,0x00,0x00,0x00,0x00,0x00,
    0x00,0x00,0x00,0x00,0x00,0x00,0x00,0x00,0x00,0x00,0x00,0x00,0x00,0x00,0x00,0x00,
    0x20,0x00,0x20,0x00,0x20,0x00,0x21,0x00,0x20,0x00,0xc3,0x10,0x89,0x4a,0xeb,0x52,
    0xea,0x52,0x0b,0x53,0x0b,0x5b,0x2b,0x5b,0x2b,0x5b,0x4c,0x5b,0x4c,0x63,0x6c,0x63,
    0x6d,0x63,0x8d,0x63,0x6d,0x63,0xae,0x6b,0xae,0x6b,0x0c,0x53,0x8a,0x42,0x49,0x3a,
    0x49,0x32,0x6a,0x3a,0x69,0x3a,0x69,0x3a,0x69,0x3a,0xe7,0x31,0x82,0x08,0x00,0x00,
    0x00,0x00,0x00,0x00,0x00,0x00,0x00,0x00,0x20,0x00,0x00,0x00,0x00,0x00,0x00,0x00,
    0x00,0x00,0x00,0x00,0x00,0x00,0x00,0x00,0x00,0x00,0x00,0x00,0x00,0x00,0x00,0x00,
    0x20,0x00,0x21,0x00,0x00,0x00,0x00,0x00,0xc7,0x31,0xa6,0x29,0x00,0x00,0x04,0x19,
    0x0c,0x53,0xab,0x4a,0xe4,0x10,0x20,0x00,0x20,0x00,0x00,0x00,0x20,0x00,0x00,0x00,
    0x00,0x00,0x00,0x00,0x00,0x00,0x00,0x00,0x00,0x00,0x00,0x00,0x00,0x00,0x00,0x00,
    0x00,0x00,0x00,0x00,0x00,0x00,0x00,0x00,0x00,0x00,0x00,0x00,0x00,0x00,0x61,0x08,
    0x29,0x42,0xa2,0x10,0x00,0x00,0x00,0x00,0x00,0x00,0x00,0x00,0x00,0x00,0x00,0x00,
    0x00,0x00,0x00,0x00,0x20,0x00,0x62,0x08,0x82,0x08,0xc3,0x08,0xe4,0x08,0x45,0x19,
    0xe4,0x08,0x86,0x21,0xef,0x63,0x8d,0x53,0x2c,0x4b,0xcb,0x42,0xab,0x42,0xcb,0x42,
    0x0c,0x4b,0x6d,0x53,0x2c,0x53,0xe7,0x29,0x61,0x00,0xe7,0x29,0xa6,0x21,0x66,0x19,
    0x86,0x19,0x86,0x21,0x45,0x19,0xc3,0x10,0x41,0x00,0x00,0x00,0x00,0x00,0x00,0x00,
    0x20,0x00,0x00,0x00,0x00,0x00,0x00,0x00,0x00,0x00,0x21,0x00,0x61,0x08,0x62,0x08,
    0x82,0x08,0x82,0x08,0x82,0x08,0x61,0x00,0x21,0x00,0x41,0x00,0x41,0x00,0x41,0x00,
    0x41,0x00,0x21,0x00,0x21,0x00,0x21,0x00,0x21,0x00,0x41,0x00,0x21,0x00,0x21,0x00,
    0x41,0x00,0x41,0x00,0x20,0x00,0x21,0x00,0x21,0x00,0x21,0x00,0x21,0x00,0x21,0x00,
    0x21,0x00,0x21,0x00,0x20,0x00,0x20,0x00,0x00,0x00,0x00,0x00,0x00,0x00,0x20,0x00,
    0x00,0x00,0x00,0x00,0x00,0x00,0x00,0x00,0x00,0x00,0x00,0x00,0x00,0x00,0x00,0x00,
    0x00,0x00,0x00,0x00,0x00,0x00,0x00,0x00,0x00,0x00,0x00,0x00,0x00,0x00,0x00,0x00,
    0x00,0x00,0x00,0x00,0x00,0x00,0x00,0x00,0x20,0x00,0x20,0x00,0x20,0x00,0x41,0x00,
    0x62,0x08,0x41,0x00,0x65,0x21,0xeb,0x52,0xea,0x52,0xea,0x52,0x0b,0x5b,0x0b,0x5b,
    0x2b,0x5b,0x2b,0x5b,0x4c,0x5b,0x4c,0x63,0x6c,0x63,0x6d,0x63,0xad,0x6b,0x6d,0x63,
    0xab,0x4a,0x8a,0x42,0x8a,0x42,0x49,0x3a,0x8a,0x3a,0x8a,0x42,0x8a,0x3a,0xaa,0x3a,
    0x69,0x32,0x8a,0x3a,0xc7,0x29,0xa3,0x10,0x00,0x00,0x00,0x00,0x00,0x00,0x00,0x00,
    0x20,0x00,0x20,0x00,0x00,0x00,0x00,0x00,0x00,0x00,0x00,0x00,0x00,0x00,0x00,0x00,
    0x00,0x00,0x00,0x00,0x00,0x00,0x20,0x00,0x41,0x00,0x00,0x00,0x61,0x08,0x49,0x42,
    0x45,0x21,0x00,0x00,0x86,0x21,0xcf,0x63,0xae,0x5b,0x0c,0x4b,0x8a,0x42,0xc3,0x08,
    0x20,0x00,0x20,0x00,0x00,0x00,0x00,0x00,0x00,0x00,0x00,0x00,0x00,0x00,0x00,0x00,
    0x00,0x00,0x00,0x00,0x00,0x00,0x00,0x00,0x00,0x00,0x00,0x00,0x00,0x00,0x00,0x00,
    0x00,0x00,0x00,0x00,0x00,0x00,0x00,0x00,0xe7,0x39,0x86,0x31,0x00,0x00,0x20,0x00,
    0x00,0x00,0x00,0x00,0x00,0x00,0x00,0x00,0x00,0x00,0x00,0x00,0x00,0x00,0x20,0x00,
    0x61,0x00,0xc3,0x08,0xc3,0x08,0xc4,0x08,0x04,0x11,0xe8,0x29,0xef,0x63,0x8d,0x53,
    0x0c,0x43,0xcb,0x42,0xaa,0x3a,0xeb,0x42,0xeb,0x42,0x2c,0x4b,0x4d,0x53,0x08,0x32,
    0x40,0x00,0xc3,0x10,0xa6,0x21,0xc7,0x21,0xa7,0x21,0x45,0x11,0x45,0x19,0x65,0x19,
    0x45,0x19,0xe3,0x10,0x82,0x08,0x20,0x00,0x00,0x00,0x00,0x00,0x00,0x00,0x00,0x00,
    0x00,0x00,0x00,0x00,0x00,0x00,0x00,0x00,0x21,0x00,0x41,0x00,0x41,0x00,0x61,0x00,
    0x41,0x00,0x41,0x00,0x41,0x00,0x41,0x00,0x41,0x00,0x41,0x00,0x41,0x00,0x21,0x00,
    0x21,0x00,0x41,0x00,0x21,0x00,0x21,0x00,0x21,0x00,0x21,0x00,0x20,0x00,0x21,0x00,
    0x21,0x00,0x20,0x00,0x20,0x00,0x21,0x00,0x00,0x00,0x00,0x00,0x00,0x00,0x00,0x00,
    0x00,0x00,0x00,0x00,0x00,0x00,0x20,0x00,0x00,0x00,0x00,0x00,0x00,0x00,0x00,0x00,
    0x00,0x00,0x00,0x00,0x00,0x00,0x00,0x00,0x00,0x00,0x00,0x00,0x00,0x00,0x00,0x00,
    0x00,0x00,0x00,0x00,0x00,0x00,0x00,0x00,0x00,0x00,0x00,0x00,0x00,0x00,0x00,0x00,
    0x00,0x00,0x20,0x00,0x41,0x00,0x41,0x00,0x41,0x00,0x62,0x08,0xa2,0x08,0x28,0x3a,
    0x0b,0x53,0xea,0x52,0xeb,0x52,0xeb,0x5a,0x0b,0x5b,0x2b,0x5b,0x2b,0x5b,0x4c,0x5b,
    0x6c,0x63,0x8d,0x63,0x2c,0x5b,0x89,0x42,0x49,0x3a,0x6a,0x3a,0x49,0x3a,0x8a,0x42,
    0x8a,0x42,0x8a,0x3a,0xaa,0x42,0xcb,0x42,0xaa,0x3a,0x6a,0x3a,0x49,0x3a,0xe8,0x31,
    0xc3,0x10,0x00,0x00,0x00,0x00,0x00,0x00,0x20,0x00,0x20,0x00,0x00,0x00,0x00,0x00,
    0x00,0x00,0x00,0x00,0x00,0x00,0x00,0x00,0x00,0x00,0x00,0x00,0x20,0x00,0x00,0x00,
    0x00,0x00,0x45,0x21,0xcb,0x52,0xa2,0x10,0x00,0x00,0x49,0x3a,0x10,0x6c,0xcf,0x63,
    0x8e,0x5b,0xcf,0x63,0x2d,0x53,0x69,0x3a,0x82,0x08,0x20,0x00,0x00,0x00,0x00,0x00,
    0x00,0x00,0x00,0x00,0x00,0x00,0x00,0x00,0x00,0x00,0x00,0x00,0x00,0x00,0x00,0x00,
    0x00,0x00,0x00,0x00,0x00,0x00,0x00,0x00,0x00,0x00,0x00,0x00,0x00,0x00,0x00,0x00,
    0x00,0x00,0x20,0x00,0x20,0x00,0x00,0x00,0x00,0x00,0x00,0x00,0x00,0x00,0x00,0x00,
    0x00,0x00,0x00,0x00,0x00,0x00,0x00,0x00,0x21,0x00,0x82,0x00,0xc3,0x08,0x04,0x11,
    0xa3,0x08,0x29,0x32,0xcf,0x63,0x4c,0x4b,0x2c,0x4b,0xaa,0x3a,0xcb,0x42,0xcb,0x42,
    0x0c,0x43,0x4d,0x53,0xeb,0x42,0xe4,0x10,0x00,0x00,0x00,0x00,0x20,0x00,0xa3,0x08,
    0x45,0x19,0x86,0x21,0x45,0x19,0x45,0x19,0x24,0x11,0x24,0x11,0x45,0x19,0x04,0x19,
    0xa3,0x10,0x61,0x08,0x00,0x00,0x00,0x00,0x00,0x00,0x00,0x00,0x00,0x00,0x00,0x00,
    0x00,0x00,0x00,0x00,0x00,0x00,0x20,0x00,0x21,0x00,0x21,0x00,0x21,0x00,0x41,0x00,
    0x41,0x00,0x41,0x00,0x41,0x00,0x41,0x00,0x41,0x00,0x41,0x00,0x41,0x00,0x21,0x00,
    0x21,0x00,0x21,0x00,0x21,0x00,0x21,0x00,0x21,0x00,0x21,0x00,0x21,0x00,0x20,0x00,
    0x00,0x00,0x00,0x00,0x20,0x00,0x20,0x00,0x00,0x00,0x00,0x00,0x00,0x00,0x00,0x00,
    0x00,0x00,0x00,0x00,0x00,0x00,0x00,0x00,0x00,0x00,0x00,0x00,0x00,0x00,0x00,0x00,
    0x00,0x00,0x00,0x00,0x00,0x00,0x00,0x00,0x00,0x00,0x00,0x00,0x00,0x00,0x00,0x00,
    0x00,0x00,0x00,0x00,0x00,0x00,0x00,0x00,0x20,0x00,0x21,0x00,0x21,0x00,0x41,0x00,
    0x61,0x00,0x61,0x08,0x61,0x00,0x24,0x19,0xa9,0x4a,0xeb,0x52,0xca,0x52,0x0b,0x5b,
    0x0b,0x5b,0x2b,0x5b,0x2c,0x5b,0x6d,0x63,0x4d,0x5b,0xeb,0x52,0x69,0x42,0x28,0x32,
    0x29,0x32,0x49,0x32,0x49,0x3a,0x69,0x3a,0x8a,0x3a,0x8a,0x3a,0x8a,0x3a,0xab,0x42,
    0xab,0x42,0x8a,0x3a,0x8a,0x3a,0x8a,0x3a,0x08,0x32,0xc3,0x10,0x00,0x00,0x21,0x00,
    0x20,0x00,0x20,0x00,0x20,0x00,0x20,0x00,0x00,0x00,0x00,0x00,0x00,0x00,0x00,0x00,
    0x00,0x00,0x20,0x00,0x00,0x00,0x00,0x00,0x28,0x3a,0xcb,0x52,0x82,0x08,0x25,0x21,
    0x2c,0x53,0x10,0x6c,0xae,0x63,0xce,0x63,0xcf,0x6b,0xcf,0x6b,0xae,0x63,0x6d,0x5b,
    0x28,0x32,0x41,0x00,0x00,0x00,0x00,0x00,0x00,0x00,0x20,0x00,0x00,0x00,0x00,0x00,
    0x00,0x00,0x00,0x00,0x00,0x00,0x00,0x00,0x00,0x00,0x00,0x00,0x00,0x00,0x00,0x00,
    0x00,0x00,0x00,0x00,0x00,0x00,0x00,0x00,0x00,0x00,0x00,0x00,0x00,0x00,0x00,0x00,
    0x00,0x00,0x00,0x00,0x00,0x00,0x00,0x00,0x00,0x00,0x00,0x00,0x00,0x00,0x00,0x00,
    0x20,0x00,0x61,0x00,0x82,0x08,0xa3,0x10,0xa2,0x08,0x8a,0x32,0xef,0x63,0x2c,0x4b,
    0x2c,0x43,0xcb,0x42,0x0c,0x43,0xeb,0x42,0x2c,0x4b,0x6d,0x53,0x69,0x3a,0xe3,0x10,
    0x00,0x00,0x41,0x00,0x21,0x00,0x00,0x00,0x00,0x00,0x61,0x00,0x04,0x19,0x25,0x19,
    0x65,0x19,0x24,0x11,0x24,0x11,0x24,0x11,0x24,0x11,0x24,0x19,0x82,0x08,0x00,0x00,
    0x00,0x00,0x00,0x00,0x00,0x00,0x00,0x00,0x00,0x00,0x00,0x00,0x00,0x00,0x00,0x00,
    0x00,0x00,0x20,0x00,0x20,0x00,0x00,0x00,0x00,0x00,0x01,0x00,0x01,0x00,0x21,0x00,
    0x21,0x00,0x21,0x00,0x21,0x00,0x41,0x00,0x21,0x00,0x20,0x00,0x21,0x00,0x21,0x00,
    0x00,0x00,0x20,0x00,0x00,0x00,0x00,0x00,0x00,0x00,0x00,0x00,0x00,0x00,0x00,0x00,
    0x00,0x00,0x00,0x00,0x00,0x00,0x00,0x00,0x20,0x00,0x00,0x00,0x00,0x00,0x00,0x00,
    0x00,0x00,0x00,0x00,0x00,0x00,0x00,0x00,0x00,0x00,0x00,0x00,0x00,0x00,0x00,0x00,
    0x00,0x00,0x00,0x00,0x00,0x00,0x00,0x00,0x00,0x00,0x00,0x00,0x00,0x00,0x20,0x00,
    0x21,0x00,0x41,0x00,0x21,0x00,0x41,0x00,0x61,0x00,0x61,0x00,0x82,0x08,0x81,0x08,
    0x86,0x29,0xeb,0x52,0xca,0x52,0xeb,0x52,0xeb,0x52,0x0b,0x53,0x4c,0x5b,0x0c,0x5b,
    0x8a,0x42,0x08,0x32,0x08,0x32,0x28,0x3a,0x29,0x32,0x69,0x3a,0x8a,0x3a,0x8a,0x3a,
    0x8a,0x3a,0x8a,0x3a,0xaa,0x42,0xcb,0x42,0xab,0x42,0xab,0x42,0xcb,0x42,0xaa,0x42,
    0xaa,0x42,0x28,0x3a,0xa3,0x10,0x20,0x00,0x20,0x00,0x21,0x00,0x20,0x00,0x20,0x00,
    0x20,0x00,0x20,0x00,0x20,0x00,0x20,0x00,0x21,0x00,0x00,0x00,0x40,0x00,0x0b,0x53,
    0x0c,0x53,0x86,0x29,0x2c,0x5b,0x10,0x74,0xef,0x6b,0xae,0x63,0xae,0x63,0xcf,0x6b,
    0x0f,0x74,0x0f,0x74,0xef,0x6b,0xce,0x6b,0x4d,0x53,0xc7,0x29,0x41,0x08,0x00,0x00,
    0x00,0x00,0x20,0x00,0x00,0x00,0x00,0x00,0x00,0x00,0x00,0x00,0x00,0x00,0x00,0x00,
    0x00,0x00,0x00,0x00,0x00,0x00,0x00,0x00,0x00,0x00,0x00,0x00,0x00,0x00,0x00,0x00,
    0x00,0x00,0x00,0x00,0x00,0x00,0x00,0x00,0x00,0x00,0x00,0x00,0x00,0x00,0x00,0x00,
    0x00,0x00,0x00,0x00,0x00,0x00,0x00,0x00,0x00,0x00,0x20,0x00,0x41,0x00,0x62,0x08,
    0x62,0x00,0xeb,0x42,0xef,0x63,0xec,0x42,0xcb,0x3a,0xcb,0x3a,0xaa,0x3a,0xeb,0x42,
    0x6d,0x53,0x4c,0x53,0xe7,0x31,0x41,0x00,0x21,0x00,0x41,0x00,0x21,0x00,0x41,0x00,
    0x21,0x00,0x00,0x00,0x00,0x00,0x21,0x00,0x82,0x08,0xe3,0x10,0x24,0x19,0x04,0x11,
    0xe4,0x10,0xe4,0x10,0x62,0x08,0x00,0x00,0x00,0x00,0x00,0x00,0x00,0x00,0x00,0x00,
    0x00,0x00,0x00,0x00,0x00,0x00,0x00,0x00,0x00,0x00,0x00,0x00,0x00,0x00,0x00,0x00,
    0x00,0x00,0x00,0x00,0x00,0x00,0x01,0x00,0x00,0x00,0x00,0x00,0x00,0x00,0x21,0x00,
    0x21,0x00,0x20,0x00,0x20,0x00,0x21,0x00,0x00,0x00,0x00,0x00,0x00,0x00,0x00,0x00,
    0x20,0x00,0x20,0x00,0x00,0x00,0x00,0x00,0x00,0x00,0x00,0x00,0x00,0x00,0x00,0x00,
    0x00,0x00,0x00,0x00,0x00,0x00,0x00,0x00,0x00,0x00,0x00,0x00,0x00,0x00,0x00,0x00,
    0x00,0x00,0x00,0x00,0x00,0x00,0x00,0x00,0x00,0x00,0x00,0x00,0x00,0x00,0x00,0x00,
    0x00,0x00,0x00,0x00,0x20,0x00,0x20,0x00,0x21,0x00,0x41,0x00,0x41,0x00,0x41,0x00,
    0x41,0x00,0x62,0x08,0x82,0x08,0x61,0x08,0xc3,0x10,0x08,0x3a,0xeb,0x52,0xeb,0x52,
    0x0b,0x53,0x2c,0x5b,0xeb,0x52,0x48,0x3a,0xe7,0x31,0xe7,0x31,0x08,0x32,0x49,0x3a,
    0x6a,0x3a,0x69,0x3a,0x6a,0x3a,0xaa,0x42,0xaa,0x42,0xaa,0x42,0xcb,0x42,0xcb,0x42,
    0xab,0x42,0xcb,0x42,0xcb,0x42,0xab,0x42,0x8a,0x3a,0x8a,0x3a,0xe8,0x31,0xa2,0x08,
    0x00,0x00,0x20,0x00,0x00,0x00,0x20,0x00,0x20,0x00,0x20,0x00,0x20,0x00,0x20,0x00,
    0x00,0x00,0xe3,0x18,0xae,0x6b,0xef,0x73,0x2c,0x53,0xef,0x6b,0xef,0x6b,0xae,0x63,
    0xce,0x6b,0xef,0x6b,0xef,0x73,0x0f,0x74,0xef,0x6b,0x0f,0x74,0x0f,0x74,0x0f,0x74,
    0xef,0x6b,0x4d,0x5b,0x62,0x08,0x00,0x00,0x21,0x00,0x20,0x00,0x20,0x00,0x00,0x00,
    0x00,0x00,0x00,0x00,0x00,0x00,0x00,0x00,0x00,0x00,0x00,0x00,0x00,0x00,0x00,0x00,
    0x00,0x00,0x00,0x00,0x00,0x00,0x00,0x00,0x00,0x00,0x00,0x00,0x00,0x00,0x00,0x00,
    0x00,0x00,0x00,0x00,0x00,0x00,0x00,0x00,0x00,0x00,0x00,0x00,0x00,0x00,0x00,0x00,
    0x00,0x00,0x20,0x00,0x21,0x00,0x21,0x00,0x41,0x00,0x2c,0x4b,0xcf,0x5b,0x0c,0x43,
    0xcb,0x3a,0xab,0x3a,0xcb,0x3a,0x0c,0x43,0x8e,0x53,0x2c,0x4b,0x65,0x21,0x00,0x00,
    0x41,0x00,0x41,0x00,0x21,0x00,0x21,0x00,0x21,0x00,0x41,0x00,0x20,0x00,0x20,0x00,
    0x00,0x00,0x00,0x00,0x20,0x00,0x62,0x08,0xa2,0x08,0xc3,0x10,0x62,0x08,0x00,0x00,
    0x00,0x00,0x00,0x00,0x00,0x00,0x00,0x00,0x00,0x00,0x00,0x00,0x00,0x00,0x00,0x00,
    0x00,0x00,0x00,0x00,0x00,0x00,0x20,0x00,0x00,0x00,0x00,0x00,0x00,0x00,0x00,0x00,
    0x00,0x00,0x00,0x00,0x00,0x00,0x00,0x00,0x00,0x00,0x00,0x00,0x00,0x00,0x00,0x00,
    0x00,0x00,0x00,0x00,0x00,0x00,0x00,0x00,0x00,0x00,0x00,0x00,0x00,0x00,0x00,0x00,
    0x00,0x00,0x00,0x00,0x00,0x00,0x00,0x00,0x00,0x00,0x00,0x00,0x00,0x00,0x00,0x00,
    0x00,0x00,0x00,0x00,0x00,0x00,0x00,0x00,0x00,0x00,0x00,0x00,0x00,0x00,0x00,0x00,
    0x00,0x00,0x00,0x00,0x00,0x00,0x00,0x00,0x20,0x00,0x20,0x00,0x21,0x00,0x21,0x00,
    0x21,0x00,0x41,0x00,0x41,0x00,0x41,0x00,0x41,0x00,0x61,0x00,0x61,0x08,0x82,0x08,
    0x82,0x08,0xe4,0x10,0x49,0x42,0xaa,0x4a,0xcb,0x52,0x8a,0x4a,0x28,0x3a,0xe7,0x31,
    0xa6,0x29,0xe7,0x29,0x08,0x32,0x49,0x3a,0x8a,0x3a,0x6a,0x3a,0x8a,0x42,0xaa,0x42,
    0xaa,0x42,0xcb,0x42,0xcb,0x42,0xcb,0x42,0xaa,0x42,0xcb,0x42,0xcb,0x42,0xcb,0x42,
    0xaa,0x3a,0x6a,0x3a,0x69,0x3a,0x28,0x32,0xe4,0x10,0x20,0x00,0x20,0x00,0x21,0x00,
    0x21,0x00,0x21,0x00,0x00,0x00,0x00,0x00,0xa6,0x29,0x30,0x7c,0xef,0x73,0x8d,0x63,
    0xce,0x6b,0xce,0x6b,0xee,0x6b,0xee,0x6b,0xee,0x6b,0xee,0x73,0x0e,0x74,0xee,0x73,
    0x0e,0x74,0xee,0x73,0xef,0x73,0xce,0x6b,0x72,0x84,0x69,0x42,0x00,0x00,0x41,0x00,
    0x41,0x00,0x21,0x00,0x21,0x00,0x00,0x00,0x21,0x00,0x41,0x00,0x00,0x00,0x00,0x00,
    0x00,0x00,0x00,0x00,0x00,0x00,0x00,0x00,0x00,0x00,0x00,0x00,0x00,0x00,0x00,0x00,
    0x00,0x00,0x00,0x00,0x00,0x00,0x00,0x00,0x00,0x00,0x00,0x00,0x00,0x00,0x00,0x00,
    0x00,0x00,0x00,0x00,0x00,0x00,0x00,0x00,0x00,0x00,0x20,0x00,0x21,0x00,0x21,0x00,
    0x61,0x00,0x4d,0x4b,0xcf,0x5b,0x0c,0x4b,0xeb,0x3a,0xeb,0x42,0xec,0x42,0x4d,0x4b,
    0x6d,0x53,0xeb,0x42,0xc3,0x08,0x21,0x00,0x41,0x00,0x41,0x00,0x41,0x00,0x41,0x00,
    0x21,0x00,0x20,0x00,0x21,0x00,0x00,0x00,0x20,0x00,0x21,0x00,0x00,0x00,0x00,0x00,
    0x00,0x00,0x00,0x00,0x20,0x00,0x00,0x00,0x00,0x00,0x00,0x00,0x00,0x00,0x00,0x00,
    0x00,0x00,0x00,0x00,0x00,0x00,0x00,0x00,0x00,0x00,0x20,0x00,0x41,0x00,0x62,0x08,
    0x62,0x08,0x61,0x08,0x61,0x08,0x61,0x08,0x41,0x08,0x41,0x00,0x21,0x00,0x21,0x00,
    0x21,0x00,0x21,0x00,0x20,0x00,0x21,0x00,0x20,0x00,0x20,0x00,0x20,0x00,0x20,0x00,
    0x20,0x00,0x20,0x00,0x00,0x00,0x00,0x00,0x00,0x00,0x00,0x00,0x00,0x00,0x00,0x00,
    0x00,0x00,0x00,0x00,0x00,0x00,0x00,0x00,0x00,0x00,0x00,0x00,0x00,0x00,0x00,0x00,
    0x00,0x00,0x00,0x00,0x00,0x00,0x00,0x00,0x00,0x00,0x00,0x00,0x00,0x00,0x00,0x00,
    0x20,0x00,0x20,0x00,0x20,0x00,0x20,0x00,0x21,0x00,0x41,0x00,0x41,0x00,0x41,0x00,
    0x41,0x00,0x41,0x00,0x61,0x08,0x62,0x08,0x62,0x00,0x82,0x08,0x24,0x19,0x08,0x3a,
    0x48,0x3a,0x28,0x32,0xe7,0x31,0xa6,0x29,0xc7,0x29,0x08,0x32,0x29,0x32,0x49,0x3a,
    0x69,0x3a,0x6a,0x3a,0x8a,0x42,0xaa,0x42,0xaa,0x42,0xcb,0x42,0xcb,0x42,0xcb,0x42,
    0xcb,0x42,0xeb,0x4a,0xeb,0x42,0xcb,0x42,0xca,0x3a,0x8a,0x3a,0x8a,0x3a,0x8a,0x42,
    0x49,0x42,0x82,0x08,0x20,0x00,0x41,0x00,0x00,0x00,0x00,0x00,0x41,0x00,0x89,0x42,
    0x50,0x7c,0xce,0x6b,0xae,0x63,0xae,0x63,0xce,0x6b,0xce,0x6b,0x0f,0x6c,0x0e,0x74,
    0xee,0x73,0xee,0x73,0xee,0x73,0xee,0x73,0xee,0x73,0xee,0x73,0xce,0x6b,0x50,0x7c,
    0x6e,0x63,0x41,0x00,0x41,0x00,0x41,0x00,0x41,0x00,0x41,0x00,0x00,0x00,0x41,0x00,
    0xe4,0x10,0x61,0x00,0x00,0x00,0x21,0x00,0x00,0x00,0x00,0x00,0x00,0x00,0x00,0x00,
    0x00,0x00,0x00,0x00,0x00,0x00,0x00,0x00,0x00,0x00,0x00,0x00,0x00,0x00,0x00,0x00,
    0x00,0x00,0x00,0x00,0x00,0x00,0x00,0x00,0x00,0x00,0x00,0x00,0x00,0x00,0x00,0x00,
    0x00,0x00,0x00,0x00,0x21,0x00,0x00,0x00,0xa2,0x08,0x8e,0x53,0xcf,0x5b,0x0c,0x43,
    0x0c,0x43,0xeb,0x42,0x2c,0x4b,0x6d,0x53,0x8e,0x5b,0x48,0x32,0x41,0x00,0x41,0x00,
    0x41,0x00,0x41,0x00,0x41,0x00,0x21,0x00,0x41,0x00,0x21,0x00,0x21,0x00,0x21,0x00,
    0x20,0x00,0x20,0x00,0x20,0x00,0x00,0x00,0x20,0x00,0x20,0x00,0x00,0x00,0x00,0x00,
    0x00,0x00,0x00,0x00,0x00,0x00,0x00,0x00,0x00,0x00,0x00,0x00,0x00,0x00,0x00,0x00,
    0x00,0x00,0x00,0x00,0x41,0x00,0x61,0x08,0x61,0x08,0x41,0x08,0x41,0x00,0x41,0x00,
    0x41,0x08,0x41,0x08,0x41,0x00,0x41,0x00,0x41,0x00,0x21,0x00,0x21,0x00,0x21,0x00,
    0x20,0x00,0x20,0x00,0x20,0x00,0x20,0x00,0x00,0x00,0x00,0x00,0x00,0x00,0x00,0x00,
    0x00,0x00,0x00,0x00,0x00,0x00,0x00,0x00,0x00,0x00,0x00,0x00,0x00,0x00,0x00,0x00,
    0x00,0x00,0x00,0x00,0x00,0x00,0x00,0x00,0x00,0x00,0x00,0x00,0x00,0x00,0x00,0x00,
    0x00,0x00,0x00,0x00,0x00,0x00,0x00,0x00,0x20,0x00,0x20,0x00,0x20,0x00,0x20,0x00,
    0x21,0x00,0x41,0x00,0x41,0x00,0x41,0x00,0x41,0x00,0x61,0x00,0x62,0x08,0x62,0x08,
    0x82,0x08,0x82,0x08,0xa2,0x08,0x24,0x19,0xc7,0x29,0x08,0x32,0xa6,0x29,0xa6,0x21,
    0xe7,0x29,0x08,0x32,0x28,0x32,0x49,0x3a,0x69,0x3a,0x69,0x3a,0x6a,0x3a,0x8a,0x3a,
    0xaa,0x42,0xaa,0x42,0xab,0x42,0xab,0x42,0xcb,0x42,0xcb,0x42,0xcb,0x42,0xaa,0x3a,
    0xcb,0x3a,0xcb,0x42,0xaa,0x3a,0x8a,0x3a,0x49,0x3a,0x04,0x11,0x41,0x00,0x00,0x00,
    0xe3,0x10,0xca,0x52,0xef,0x6b,0x30,0x74,0xae,0x63,0xae,0x63,0xce,0x6b,0xce,0x6b,
    0xee,0x6b,0xee,0x73,0x0e,0x74,0x0e,0x74,0xee,0x73,0xee,0x73,0xee,0x73,0xee,0x73,
    0xce,0x73,0xee,0x73,0x30,0x7c,0xcf,0x73,0xa3,0x10,0x21,0x00,0x41,0x00,0x41,0x00,
    0x62,0x08,0x20,0x00,0x82,0x00,0x0c,0x4b,0x6a,0x3a,0xa3,0x08,0x00,0x00,0x00,0x00,
    0x00,0x00,0x00,0x00,0x00,0x00,0x00,0x00,0x00,0x00,0x00,0x00,0x00,0x00,0x00,0x00,
    0x00,0x00,0x00,0x00,0x00,0x00,0x00,0x00,0x00,0x00,0x00,0x00,0x00,0x00,0x00,0x00,
    0x00,0x00,0x00,0x00,0x00,0x00,0x00,0x00,0x00,0x00,0x00,0x00,0x20,0x00,0x00,0x00,
    0x25,0x19,0xcf,0x5b,0xae,0x53,0x0c,0x4b,0xeb,0x42,0xeb,0x42,0x2c,0x4b,0x8e,0x53,
    0x4d,0x53,0xe7,0x29,0x00,0x00,0x62,0x08,0x41,0x00,0x41,0x00,0x41,0x00,0x41,0x00,
    0x41,0x00,0x21,0x00,0x41,0x08,0x21,0x00,0x21,0x00,0x21,0x00,0x20,0x00,0x20,0x00,
    0x20,0x00,0x20,0x00,0x20,0x00,0x20,0x00,0x00,0x00,0x00,0x00,0x00,0x00,0x00,0x00,
    0x00,0x00,0x00,0x00,0x00,0x00,0x00,0x00,0x00,0x00,0x00,0x00,0x00,0x00,0x20,0x00,
    0x20,0x00,0x00,0x00,0x00,0x00,0x00,0x00,0x00,0x00,0x00,0x00,0x00,0x00,0x00,0x00,
    0x00,0x00,0x00,0x00,0x00,0x00,0x00,0x00,0x00,0x00,0x00,0x00,0x00,0x00,0x00,0x00,
    0x00,0x00,0x00,0x00,0x00,0x00,0x00,0x00,0x00,0x00,0x00,0x00,0x00,0x00,0x00,0x00,
    0x00,0x00,0x00,0x00,0x00,0x00,0x00,0x00,0x00,0x00,0x00,0x00,0x00,0x00,0x00,0x00,
    0x00,0x00,0x00,0x00,0x00,0x00,0x00,0x00,0x00,0x00,0x00,0x00,0x00,0x00,0x00,0x00,
    0x20,0x00,0x20,0x00,0x20,0x00,0x20,0x00,0x21,0x00,0x41,0x00,0x41,0x00,0x41,0x00,
    0x61,0x00,0x61,0x08,0x61,0x08,0x61,0x08,0x82,0x08,0x82,0x08,0xa3,0x08,0xa2,0x08,
    0x24,0x19,0xa6,0x29,0xa6,0x21,0xa6,0x21,0xc7,0x29,0x08,0x2a,0x28,0x32,0x49,0x32,
    0x49,0x3a,0x6a,0x3a,0x6a,0x3a,0x8a,0x3a,0x8a,0x3a,0xaa,0x42,0xab,0x42,0xaa,0x42,
    0x8a,0x42,0xaa,0x42,0xca,0x42,0xca,0x42,0xcb,0x42,0xab,0x3a,0x8a,0x3a,0x6a,0x3a,
    0x29,0x32,0x65,0x21,0x41,0x00,0x08,0x3a,0x30,0x7c,0x50,0x7c,0xce,0x6b,0x8d,0x5b,
    0xae,0x63,0xae,0x63,0xce,0x6b,0xce,0x6b,0xee,0x73,0xee,0x73,0xee,0x73,0xee,0x73,
    0xee,0x73,0xee,0x73,0xee,0x73,0xef,0x73,0xef,0x73,0x0f,0x7c,0x10,0x7c,0x24,0x19,
    0x01,0x00,0x62,0x08,0x61,0x00,0x82,0x08,0x21,0x00,0x21,0x00,0x29,0x2a,0x49,0x22,
    0x4a,0x2a,0xcb,0x42,0x86,0x21,0x21,0x00,0x00,0x00,0x00,0x00,0x00,0x00,0x00,0x00,
    0x00,0x00,0x00,0x00,0x00,0x00,0x00,0x00,0x00,0x00,0x00,0x00,0x00,0x00,0x00,0x00,
    0x00,0x00,0x00,0x00,0x00,0x00,0x00,0x00,0x00,0x00,0x00,0x00,0x00,0x00,0x00,0x00,
    0x00,0x00,0x20,0x00,0x21,0x00,0x00,0x00,0x66,0x21,0xef,0x63,0x8e,0x53,0x0c,0x4b,
    0x0c,0x43,0x0c,0x43,0x4d,0x53,0xae,0x5b,0x0c,0x4b,0x45,0x19,0x21,0x00,0x42,0x08,
    0x41,0x00,0x41,0x00,0x61,0x00,0x41,0x00,0x41,0x00,0x41,0x00,0x41,0x00,0x41,0x00,
    0x21,0x00,0x21,0x00,0x21,0x00,0x21,0x00,0x21,0x00,0x21,0x00,0x20,0x00,0x20,0x00,
    0x00,0x00,0x00,0x00,0x00,0x00,0x00,0x00,0x00,0x00,0x00,0x00,0x00,0x00,0x00,0x00,
    0x00,0x00,0x00,0x00,0x00,0x00,0x00,0x00,0x00,0x00,0x00,0x00,0x00,0x00,0x00,0x00,
    0x00,0x00,0x00,0x00,0x00,0x00,0x00,0x00,0x00,0x00,0x00,0x00,0x00,0x00,0x00,0x00,
    0x00,0x00,0x00,0x00,0x00,0x00,0x00,0x00,0x00,0x00,0x00,0x00,0x00,0x00,0x00,0x00,
    0x00,0x00,0x00,0x00,0x00,0x00,0x00,0x00,0x00,0x00,0x00,0x00,0x00,0x00,0x00,0x00,
    0x00,0x00,0x00,0x00,0x00,0x00,0x00,0x00,0x00,0x00,0x00,0x00,0x00,0x00,0x00,0x00,
    0x00,0x00,0x00,0x00,0x00,0x00,0x00,0x00,0x20,0x00,0x20,0x00,0x20,0x00,0x20,0x00,
    0x21,0x00,0x41,0x00,0x41,0x00,0x41,0x00,0x61,0x00,0x61,0x00,0x61,0x00,0x61,0x08,
    0x82,0x08,0x82,0x08,0xa2,0x08,0xa3,0x08,0xc3,0x08,0x04,0x11,0x66,0x21,0xa7,0x21,
    0xa7,0x29,0x08,0x32,0x29,0x32,0x49,0x32,0x49,0x3a,0x69,0x3a,0x69,0x3a,0xaa,0x42,
    0xaa,0x42,0xaa,0x42,0xaa,0x42,0xaa,0x42,0xaa,0x42,0xca,0x42,0xca,0x42,0xca,0x42,
    0xcb,0x42,0x8a,0x3a,0x8a,0x3a,0x6a,0x3a,0x28,0x32,0xa2,0x00,0xc7,0x29,0x71,0x84,
    0xcf,0x6b,0x8d,0x63,0x8d,0x5b,0xce,0x63,0xce,0x63,0xce,0x6b,0xef,0x73,0xef,0x73,
    0xee,0x73,0xee,0x73,0xee,0x73,0xee,0x73,0xee,0x73,0xee,0x73,0xee,0x73,0xee,0x73,
    0x0f,0x74,0x30,0x7c,0xa6,0x29,0x41,0x00,0x82,0x08,0x62,0x08,0x82,0x08,0x41,0x08,
    0x01,0x00,0xc8,0x29,0xab,0x32,0x49,0x1a,0x66,0x09,0x46,0x11,0x87,0x21,0xc3,0x10,
    0x21,0x00,0x00,0x00,0x00,0x00,0x00,0x00,0x00,0x00,0x00,0x00,0x00,0x00,0x00,0x00,
    0x00,0x00,0x00,0x00,0x00,0x00,0x00,0x00,0x00,0x00,0x00,0x00,0x00,0x00,0x00,0x00,
    0x00,0x00,0x00,0x00,0x00,0x00,0x00,0x00,0x00,0x00,0x20,0x00,0x21,0x00,0x00,0x00,
    0x86,0x21,0xef,0x63,0x8e,0x5b,0xec,0x42,0x0b,0x43,0x2c,0x4b,0x8e,0x53,0x8e,0x5b,
    0xcb,0x42,0x82,0x00,0x21,0x00,0x42,0x08,0x41,0x00,0x21,0x00,0x21,0x00,0x21,0x00,
    0x00,0x00,0x21,0x00,0x00,0x00,0x21,0x00,0x00,0x00,0x00,0x00,0x00,0x00,0x00,0x00,
    0x00,0x00,0x00,0x00,0x00,0x00,0x00,0x00,0x00,0x00,0x00,0x00,0x00,0x00,0x00,0x00,
    0x00,0x00,0x00,0x00,0x00,0x00,0x00,0x00,0x00,0x00,0x00,0x00,0x00,0x00,0x00,0x00,
    0x00,0x00,0x00,0x00,0x00,0x00,0x00,0x00,0x00,0x00,0x00,0x00,0x00,0x00,0x00,0x00,
    0x00,0x00,0x00,0x00,0x00,0x00,0x00,0x00,0x00,0x00,0x00,0x00,0x00,0x00,0x00,0x00,
    0x00,0x00,0x00,0x00,0x00,0x00,0x00,0x00,0x00,0x00,0x00,0x00,0x00,0x00,0x00,0x00,
    0x00,0x00,0x00,0x00,0x00,0x00,0x00,0x00,0x00,0x00,0x00,0x00,0x00,0x00,0x00,0x00,
    0x00,0x00,0x00,0x00,0x00,0x00,0x00,0x00,0x00,0x00,0x00,0x00,0x00,0x00,0x00,0x00,
    0x20,0x00,0x20,0x00,0x20,0x00,0x20,0x00,0x21,0x00,0x21,0x00,0x41,0x00,0x41,0x00,
    0x41,0x00,0x61,0x08,0x61,0x08,0x61,0x08,0x82,0x08,0x82,0x08,0xa2,0x08,0xc3,0x10,
    0xc3,0x10,0xe4,0x10,0x25,0x19,0xa7,0x29,0xe8,0x31,0x08,0x32,0x08,0x32,0x29,0x32,
    0x29,0x3a,0x49,0x3a,0x49,0x3a,0xcb,0x4a,0xaa,0x42,0x8a,0x42,0x8a,0x42,0x8a,0x42,
    0xaa,0x42,0xaa,0x42,0xaa,0x42,0xaa,0x3a,0x8a,0x3a,0x6a,0x3a,0x49,0x3a,0x08,0x32,
    0x24,0x11,0xe7,0x29,0xef,0x6b,0xce,0x63,0x8e,0x5b,0x8e,0x5b,0xae,0x63,0xae,0x63,
    0xce,0x6b,0xce,0x6b,0xee,0x73,0xee,0x73,0xee,0x73,0xee,0x73,0xee,0x73,0xee,0x73,
    0xee,0x6b,0x0e,0x74,0xce,0x6b,0xee,0x73,0x50,0x84,0x08,0x3a,0x41,0x00,0x82,0x08,
    0x62,0x08,0xa3,0x10,0x82,0x08,0x01,0x00,0xc8,0x21,0x2d,0x43,0xab,0x22,0x6a,0x1a,
    0x29,0x1a,0x87,0x11,0x25,0x09,0xc3,0x08,0x41,0x00,0x20,0x00,0x00,0x00,0x20,0x00,
    0x20,0x00,0x00,0x00,0x00,0x00,0x00,0x00,0x00,0x00,0x00,0x00,0x00,0x00,0x00,0x00,
    0x00,0x00,0x00,0x00,0x00,0x00,0x00,0x00,0x00,0x00,0x00,0x00,0x00,0x00,0x00,0x00,
    0x00,0x00,0x00,0x00,0x00,0x00,0x00,0x00,0x28,0x32,0xcf,0x63,0x8e,0x53,0x0c,0x43,
    0xeb,0x42,0x4c,0x4b,0x6d,0x53,0x8d,0x5b,0x08,0x32,0x61,0x00,0x00,0x00,0x21,0x00,
    0x21,0x00,0x21,0x00,0x21,0x00,0x21,0x00,0x21,0x00,0x21,0x00,0x21,0x00,0x21,0x00,
    0x21,0x00,0x21,0x00,0x21,0x00,0x21,0x00,0x21,0x00,0x21,0x00,0x21,0x00,0x20,0x00,
    0x21,0x00,0x20,0x00,0x20,0x00,0x21,0x00,0x00,0x00,0x00,0x00,0x00,0x00,0x00,0x00,
    0x00,0x00,0x00,0x00,0x00,0x00,0x00,0x00,0x00,0x00,0x00,0x00,0x00,0x00,0x00,0x00,
    0x00,0x00,0x00,0x00,0x00,0x00,0x00,0x00,0x00,0x00,0x00,0x00,0x00,0x00,0x00,0x00,
    0x00,0x00,0x00,0x00,0x00,0x00,0x00,0x00,0x00,0x00,0x00,0x00,0x00,0x00,0x00,0x00,
    0x00,0x00,0x00,0x00,0x00,0x00,0x00,0x00,0x00,0x00,0x00,0x00,0x00,0x00,0x00,0x00,
    0x00,0x00,0x00,0x00,0x00,0x00,0x00,0x00,0x00,0x00,0x00,0x00,0x00,0x00,0x00,0x00,
    0x00,0x00,0x00,0x00,0x00,0x00,0x00,0x00,0x20,0x00,0x20,0x00,0x20,0x00,0x20,0x00,
    0x21,0x00,0x21,0x00,0x41,0x00,0x41,0x00,0x41,0x00,0x61,0x08,0x61,0x08,0x61,0x08,
    0x62,0x08,0x62,0x08,0x82,0x08,0xa2,0x08,0xc3,0x10,0xe4,0x10,0xc4,0x10,0x45,0x21,
    0x08,0x32,0x29,0x32,0x29,0x32,0x29,0x32,0x49,0x3a,0x49,0x3a,0x49,0x3a,0x49,0x3a,
    0x49,0x3a,0x69,0x3a,0x8a,0x42,0x8a,0x3a,0xaa,0x42,0xaa,0x42,0x8a,0x3a,0x8a,0x3a,
    0x49,0x32,0x28,0x32,0xa6,0x21,0x04,0x11,0x49,0x32,0xef,0x6b,0x8e,0x63,0x4d,0x5b,
    0x8d,0x5b,0xae,0x63,0xce,0x63,0xce,0x63,0xee,0x73,0xee,0x73,0xee,0x73,0xee,0x73,
    0xee,0x73,0xee,0x73,0xee,0x73,0xee,0x73,0x0f,0x74,0xee,0x6b,0xee,0x73,0x50,0x84,
    0x8a,0x4a,0x82,0x08,0x82,0x08,0x82,0x08,0xc3,0x10,0xa2,0x08,0x21,0x00,0xe8,0x21,
    0x6e,0x4b,0xec,0x32,0xac,0x2a,0x2d,0x33,0xab,0x2a,0x09,0x1a,0xc7,0x19,0x87,0x19,
    0xa3,0x08,0x61,0x00,0x20,0x00,0x00,0x00,0x20,0x00,0x00,0x00,0x00,0x00,0x00,0x00,
    0x00,0x00,0x00,0x00,0x00,0x00,0x00,0x00,0x00,0x00,0x00,0x00,0x00,0x00,0x00,0x00,
    0x00,0x00,0x00,0x00,0x00,0x00,0x00,0x00,0x00,0x00,0x00,0x00,0x00,0x00,0x21,0x00,
    0x0c,0x53,0xcf,0x63,0xae,0x53,0x6d,0x4b,0xeb,0x42,0x4c,0x4b,0xae,0x53,0x2c,0x4b,
    0x65,0x21,0x00,0x00,0x21,0x00,0x21,0x00,0x21,0x00,0x41,0x00,0x41,0x00,0x21,0x00,
    0x41,0x00,0x21,0x00,0x21,0x00,0x21,0x00,0x21,0x00,0x21,0x00,0x21,0x00,0x20,0x00,
    0x21,0x00,0x21,0x00,0x21,0x00,0x20,0x00,0x21,0x00,0x21,0x00,0x20,0x00,0x20,0x00,
    0x00,0x00,0x00,0x00,0x00,0x00,0x00,0x00,0x00,0x00,0x00,0x00,0x00,0x00,0x00,0x00,
    0x00,0x00,0x00,0x00,0x00,0x00,0x00,0x00,0x00,0x00,0x00,0x00,0x00,0x00,0x00,0x00,
    0x00,0x00,0x00,0x00,0x00,0x00,0x00,0x00,0x00,0x00,0x00,0x00,0x00,0x00,0x00,0x00,
    0x00,0x00,0x00,0x00,0x00,0x00,0x00,0x00,0x00,0x00,0x00,0x00,0x00,0x00,0x00,0x00,
    0x00,0x00,0x00,0x00,0x00,0x00,0x00,0x00,0x00,0x00,0x00,0x00,0x00,0x00,0x00,0x00,
    0x00,0x00,0x00,0x00,0x00,0x00,0x00,0x00,0x00,0x00,0x00,0x00,0x00,0x00,0x00,0x00,
    0x20,0x00,0x20,0x00,0x20,0x00,0x20,0x00,0x21,0x00,0x21,0x00,0x41,0x00,0x41,0x00,
    0x41,0x00,0x41,0x00,0x61,0x08,0x62,0x08,0x62,0x08,0x62,0x08,0x82,0x08,0xa2,0x08,
    0xc3,0x10,0xe3,0x10,0xe4,0x10,0x04,0x19,0x25,0x19,0x66,0x19,0xc7,0x29,0x29,0x3a,
    0x28,0x32,0x49,0x3a,0x69,0x3a,0x69,0x3a,0x69,0x3a,0x69,0x3a,0x69,0x3a,0x89,0x3a,
    0x8a,0x3a,0x8a,0x3a,0x6a,0x3a,0x49,0x3a,0x29,0x32,0x66,0x19,0x04,0x09,0xaa,0x42,
    0xcf,0x63,0x6d,0x53,0x6d,0x5b,0x8d,0x5b,0x8d,0x5b,0x8d,0x63,0xae,0x63,0xce,0x6b,
    0xce,0x6b,0xee,0x73,0xee,0x73,0xee,0x73,0xee,0x73,0xee,0x73,0xee,0x73,0xee,0x73,
    0xee,0x6b,0xee,0x73,0x50,0x7c,0xeb,0x52,0xc2,0x10,0xa2,0x10,0xa3,0x10,0xa3,0x10,
    0xc3,0x10,0x00,0x00,0xe8,0x21,0xd0,0x53,0x4e,0x3b,0x0d,0x33,0xcc,0x2a,0xed,0x32,
    0xcc,0x2a,0xab,0x2a,0x6a,0x22,0x08,0x22,0xe7,0x21,0x24,0x11,0x21,0x00,0x21,0x00,
    0x00,0x00,0x00,0x00,0x00,0x00,0x00,0x00,0x00,0x00,0x00,0x00,0x00,0x00,0x00,0x00,
    0x00,0x00,0x00,0x00,0x00,0x00,0x00,0x00,0x00,0x00,0x00,0x00,0x00,0x00,0x20,0x00,
    0x20,0x00,0x21,0x00,0x20,0x00,0x20,0x00,0xaa,0x42,0xcf,0x5b,0x6d,0x4b,0x8d,0x53,
    0x2c,0x4b,0x8d,0x53,0xae,0x5b,0xca,0x42,0xe4,0x10,0x00,0x00,0x21,0x00,0x21,0x00,
    0x41,0x00,0x41,0x00,0x41,0x00,0x21,0x00,0x62,0x08,0x21,0x00,0x21,0x00,0x20,0x00,
    0x21,0x00,0x21,0x00,0x21,0x00,0x20,0x00,0x21,0x00,0x21,0x00,0x21,0x00,0x21,0x00,
    0x00,0x00,0x20,0x00,0x20,0x00,0x20,0x00,0x20,0x00,0x00,0x00,0x00,0x00,0x00,0x00,
    0x00,0x00,0x00,0x00,0x00,0x00,0x00,0x00,0x00,0x00,0x00,0x00,0x00,0x00,0x00,0x00,
    0x00,0x00,0x00,0x00,0x00,0x00,0x00,0x00,0x00,0x00,0x00,0x00,0x00,0x00,0x00,0x00,
    0x00,0x00,0x00,0x00,0x00,0x00,0x00,0x00,0x00,0x00,0x00,0x00,0x00,0x00,0x00,0x00,
    0x00,0x00,0x00,0x00,0x00,0x00,0x00,0x00,0x00,0x00,0x00,0x00,0x00,0x00,0x00,0x00,
    0x00,0x00,0x00,0x00,0x00,0x00,0x00,0x00,0x00,0x00,0x00,0x00,0x00,0x00,0x00,0x00,
    0x00,0x00,0x00,0x00,0x00,0x00,0x00,0x00,0x20,0x00,0x20,0x00,0x20,0x00,0x20,0x00,
    0x21,0x00,0x21,0x00,0x41,0x00,0x41,0x00,0x41,0x00,0x41,0x00,0x61,0x08,0x61,0x08,
    0x62,0x08,0x82,0x08,0x82,0x08,0xa3,0x08,0xc3,0x10,0xe3,0x10,0x04,0x11,0x04,0x11,
    0x25,0x19,0x25,0x11,0x86,0x21,0x08,0x32,0x08,0x32,0x08,0x32,0x28,0x32,0x49,0x3a,
    0x69,0x3a,0x69,0x3a,0x49,0x32,0x69,0x32,0x69,0x32,0x69,0x32,0x49,0x32,0x08,0x32,
    0x45,0x19,0x04,0x11,0xcb,0x42,0xae,0x5b,0x2c,0x4b,0x6d,0x53,0x8d,0x5b,0x6d,0x5b,
    0x8d,0x63,0x8d,0x63,0xae,0x6b,0xce,0x6b,0xce,0x6b,0xce,0x6b,0xce,0x73,0xce,0x73,
    0xce,0x73,0xce,0x6b,0xce,0x6b,0xee,0x73,0xce,0x6b,0x2f,0x7c,0x0b,0x53,0xc3,0x10,
    0xc3,0x10,0xc3,0x10,0xa3,0x10,0x04,0x19,0x21,0x00,0xa7,0x21,0xf0,0x53,0x6e,0x3b,
    0x2d,0x2b,0x2d,0x33,0x2e,0x33,0xed,0x32,0xed,0x32,0xec,0x2a,0xab,0x22,0xcb,0x2a,
    0xcb,0x32,0x08,0x2a,0xc3,0x08,0x21,0x00,0x01,0x00,0x21,0x00,0x00,0x00,0x00,0x00,
    0x00,0x00,0x00,0x00,0x00,0x00,0x00,0x00,0x00,0x00,0x00,0x00,0x00,0x00,0x00,0x00,
    0x00,0x00,0x00,0x00,0x00,0x00,0x20,0x00,0x20,0x00,0x21,0x00,0x41,0x00,0x41,0x00,
    0xcb,0x42,0xcf,0x63,0x8d,0x53,0x8e,0x53,0x4c,0x4b,0x8d,0x53,0x8d,0x5b,0x69,0x3a,
    0x82,0x08,0x20,0x00,0x41,0x00,0x21,0x00,0x21,0x00,0x21,0x00,0x21,0x00,0x21,0x00,
    0x21,0x00,0x21,0x00,0x21,0x00,0x21,0x00,0x21,0x00,0x21,0x00,0x21,0x00,0x21,0x00,
    0x21,0x00,0x21,0x00,0x21,0x00,0x20,0x00,0x00,0x00,0x20,0x00,0x00,0x00,0x00,0x00,
    0x20,0x00,0x00,0x00,0x00,0x00,0x00,0x00,0x00,0x00,0x00,0x00,0x00,0x00,0x00,0x00,
    0x00,0x00,0x00,0x00,0x00,0x00,0x00,0x00,0x00,0x00,0x00,0x00,0x00,0x00,0x00,0x00,
    0x00,0x00,0x00,0x00,0x00,0x00,0x00,0x00,0x00,0x00,0x00,0x00,0x00,0x00,0x00,0x00,
    0x00,0x00,0x00,0x00,0x00,0x00,0x00,0x00,0x00,0x00,0x00,0x00,0x00,0x00,0x00,0x00,
    0x00,0x00,0x00,0x00,0x00,0x00,0x00,0x00,0x00,0x00,0x00,0x00,0x00,0x00,0x00,0x00,
    0x00,0x00,0x00,0x00,0x00,0x00,0x00,0x00,0x00,0x00,0x00,0x00,0x00,0x00,0x00,0x00,
    0x20,0x00,0x20,0x00,0x20,0x00,0x20,0x00,0x21,0x00,0x41,0x00,0x41,0x00,0x41,0x00,
    0x41,0x00,0x41,0x00,0x61,0x08,0x61,0x08,0x62,0x08,0x62,0x08,0x82,0x08,0xa3,0x08,
    0xa3,0x08,0xa3,0x08,0xc3,0x10,0xe3,0x10,0x04,0x11,0x25,0x19,0x86,0x21,0x86,0x21,
    0xa6,0x21,0xe7,0x29,0x08,0x32,0x28,0x32,0x49,0x32,0x49,0x32,0x49,0x32,0x49,0x32,
    0x28,0x32,0x29,0x32,0x08,0x2a,0x04,0x11,0x45,0x19,0xec,0x4a,0x6d,0x53,0x0c,0x4b,
    0x4d,0x53,0x4d,0x53,0x6d,0x53,0x6d,0x5b,0x8d,0x63,0x8d,0x63,0xae,0x6b,0xce,0x6b,
    0xce,0x6b,0xce,0x6b,0xce,0x73,0xce,0x73,0xce,0x6b,0xee,0x73,0xee,0x73,0xce,0x6b,
    0x50,0x7c,0xeb,0x52,0xc2,0x08,0x04,0x19,0x04,0x19,0x04,0x11,0x25,0x19,0x41,0x00,
    0x66,0x19,0xaf,0x53,0x6e,0x43,0x4d,0x2b,0x2d,0x23,0x0d,0x2b,0xed,0x2a,0xed,0x32,
    0xec,0x2a,0x0d,0x33,0x0c,0x2b,0x0c,0x33,0xec,0x32,0xab,0x3a,0x46,0x11,0x62,0x00,
    0x21,0x00,0x00,0x00,0x00,0x00,0x00,0x00,0x00,0x00,0x00,0x00,0x00,0x00,0x00,0x00,
    0x00,0x00,0x00,0x00,0x00,0x00,0x00,0x00,0x00,0x00,0x00,0x00,0x20,0x00,0x20,0x00,
    0x21,0x00,0x41,0x00,0x41,0x00,0x82,0x00,0x0b,0x4b,0xae,0x5b,0xae,0x5b,0x8d,0x53,
    0x6d,0x53,0x6d,0x53,0x4d,0x53,0xe7,0x29,0x41,0x00,0x21,0x00,0x21,0x00,0x21,0x00,
    0x20,0x00,0x21,0x00,0x21,0x00,0x21,0x00,0x21,0x00,0x21,0x00,0x21,0x00,0x21,0x00,
    0x21,0x00,0x21,0x00,0x21,0x00,0x21,0x00,0x21,0x00,0x20,0x00,0x20,0x00,0x20,0x00,
    0x20,0x00,0x20,0x00,0x00,0x00,0x00,0x00,0x00,0x00,0x00,0x00,0x00,0x00,0x00,0x00,
    0x00,0x00,0x00,0x00,0x00,0x00,0x00,0x00,0x00,0x00,0x00,0x00,0x00,0x00,0x00,0x00,
    0x00,0x00,0x00,0x00,0x00,0x00,0x00,0x00,0x00,0x00,0x00,0x00,0x00,0x00,0x00,0x00,
    0x00,0x00,0x00,0x00,0x00,0x00,0x00,0x00,0x00,0x00,0x00,0x00,0x00,0x00,0x00,0x00,
    0x00,0x00,0x00,0x00,0x00,0x00,0x00,0x00,0x00,0x00,0x00,0x00,0x00,0x00,0x00,0x00,
    0x00,0x00,0x00,0x00,0x00,0x00,0x00,0x00,0x00,0x00,0x00,0x00,0x00,0x00,0x00,0x00,
    0x00,0x00,0x00,0x00,0x00,0x00,0x00,0x00,0x20,0x00,0x20,0x00,0x20,0x00,0x20,0x00,
    0x21,0x00,0x41,0x00,0x41,0x00,0x41,0x00,0x41,0x00,0x41,0x00,0x61,0x08,0x61,0x08,
    0x62,0x08,0x62,0x08,0x62,0x08,0x82,0x08,0xc3,0x10,0xc3,0x08,0xe4,0x10,0xe4,0x10,
    0xe3,0x10,0x04,0x19,0x25,0x19,0x25,0x19,0x45,0x19,0x86,0x21,0xc7,0x29,0x08,0x32,
    0x08,0x32,0x08,0x32,0x08,0x2a,0x08,0x2a,0xc7,0x29,0xa7,0x21,0xc3,0x08,0x45,0x19,
    0xec,0x4a,0x0c,0x4b,0xec,0x4a,0x2c,0x4b,0x2c,0x4b,0x4d,0x53,0x6d,0x53,0x6d,0x5b,
    0x8d,0x63,0x8d,0x63,0xae,0x6b,0xad,0x6b,0xce,0x6b,0xce,0x6b,0xce,0x6b,0xce,0x6b,
    0xce,0x73,0xce,0x6b,0xce,0x73,0x2f,0x7c,0xeb,0x52,0xe3,0x10,0xe4,0x10,0x04,0x19,
    0x25,0x19,0xa6,0x21,0x82,0x00,0x45,0x19,0x6e,0x4b,0x4e,0x43,0x6e,0x3b,0x6e,0x33,
    0x6e,0x33,0x6e,0x3b,0x2d,0x33,0x0c,0x33,0x0d,0x33,0x2d,0x33,0x8e,0x3b,0xaf,0x43,
    0xcc,0x32,0x8b,0x32,0x87,0x19,0xa3,0x00,0x41,0x00,0x20,0x00,0x00,0x00,0x00,0x00,
    0x00,0x00,0x00,0x00,0x00,0x00,0x00,0x00,0x00,0x00,0x00,0x00,0x00,0x00,0x00,0x00,
    0x00,0x00,0x20,0x00,0x20,0x00,0x21,0x00,0x41,0x00,0x62,0x00,0x62,0x00,0xe3,0x08,
    0x2c,0x4b,0xcf,0x63,0xae,0x5b,0x4d,0x53,0x8e,0x5b,0x8d,0x5b,0x0c,0x4b,0x45,0x19,
    0x00,0x00,0x41,0x00,0x20,0x00,0x21,0x00,0x21,0x00,0x21,0x00,0x21,0x00,0x21,0x00,
    0x21,0x00,0x21,0x00,0x21,0x00,0x21,0x00,0x21,0x00,0x21,0x00,0x21,0x00,0x21,0x00,
    0x20,0x00,0x20,0x00,0x00,0x00,0x00,0x00,0x20,0x00,0x20,0x00,0x00,0x00,0x00,0x00,
    0x00,0x00,0x00,0x00,0x00,0x00,0x00,0x00,0x00,0x00,0x00,0x00,0x00,0x00,0x00,0x00,
    0x00,0x00,0x00,0x00,0x00,0x00,0x00,0x00,0x00,0x00,0x00,0x00,0x00,0x00,0x00,0x00,
    0x00,0x00,0x00,0x00,0x00,0x00,0x00,0x00,0x00,0x00,0x00,0x00,0x00,0x00,0x00,0x00,
    0x00,0x00,0x00,0x00,0x00,0x00,0x00,0x00,0x00,0x00,0x00,0x00,0x00,0x00,0x00,0x00,
    0x00,0x00,0x00,0x00,0x00,0x00,0x00,0x00,0x00,0x00,0x00,0x00,0x00,0x00,0x00,0x00,
    0x00,0x00,0x00,0x00,0x00,0x00,0x00,0x00,0x00,0x00,0x00,0x00,0x00,0x00,0x00,0x00,
    0x20,0x00,0x20,0x00,0x20,0x00,0x20,0x00,0x21,0x00,0x41,0x00,0x41,0x00,0x41,0x00,
    0x41,0x00,0x41,0x00,0x61,0x08,0x61,0x08,0x62,0x08,0x62,0x08,0x62,0x08,0x82,0x08,
    0xa2,0x08,0xc3,0x08,0xc3,0x10,0xc3,0x10,0xe4,0x10,0x04,0x11,0x04,0x11,0x45,0x19,
    0x45,0x19,0x45,0x19,0x65,0x21,0xa6,0x21,0xc7,0x29,0xe7,0x29,0xc7,0x29,0xa6,0x21,
    0x45,0x21,0xc3,0x08,0x65,0x19,0xeb,0x4a,0x0c,0x4b,0xeb,0x42,0xeb,0x42,0x0c,0x4b,
    0x2c,0x4b,0x4c,0x4b,0x6d,0x53,0x6d,0x5b,0x8d,0x63,0x8d,0x63,0xad,0x6b,0xad,0x6b,
    0xad,0x6b,0xad,0x6b,0xad,0x6b,0xce,0x6b,0xce,0x6b,0xad,0x6b,0x2f,0x7c,0x0b,0x5b,
    0xe3,0x10,0xc3,0x10,0xc3,0x10,0xc4,0x10,0x87,0x21,0xa3,0x00,0x45,0x11,0x8e,0x53,
    0x8e,0x4b,0x4e,0x3b,0x2d,0x3b,0x6f,0x43,0xaf,0x43,0x6e,0x3b,0xcf,0x4b,0xae,0x43,
    0x6e,0x43,0x8f,0x43,0x6e,0x3b,0x6e,0x3b,0xec,0x32,0x4a,0x22,0xc8,0x19,0x45,0x11,
    0xe3,0x08,0x61,0x00,0x21,0x00,0x00,0x00,0x00,0x00,0x00,0x00,0x00,0x00,0x00,0x00,
    0x00,0x00,0x00,0x00,0x00,0x00,0x00,0x00,0x20,0x00,0x21,0x00,0x21,0x00,0x41,0x00,
    0x82,0x08,0x62,0x00,0x62,0x00,0x25,0x19,0x2c,0x53,0xcf,0x5b,0xae,0x5b,0x8e,0x5b,
    0xae,0x5b,0x8e,0x5b,0xaa,0x42,0xe3,0x10,0x00,0x00,0x41,0x08,0x20,0x00,0x41,0x00,
    0x41,0x00,0x21,0x00,0x21,0x00,0x21,0x00,0x21,0x00,0x21,0x00,0x21,0x00,0x21,0x00,
    0x21,0x00,0x21,0x00,0x21,0x00,0x21,0x00,0x20,0x00,0x20,0x00,0x00,0x00,0x00,0x00,
    0x20,0x00,0x20,0x00,0x00,0x00,0x00,0x00,0x00,0x00,0x00,0x00,0x00,0x00,0x00,0x00,
    0x00,0x00,0x00,0x00,0x00,0x00,0x00,0x00,0x00,0x00,0x00,0x00,0x00,0x00,0x00,0x00,
    0x00,0x00,0x00,0x00,0x00,0x00,0x00,0x00,0x00,0x00,0x00,0x00,0x00,0x00,0x00,0x00,
    0x00,0x00,0x00,0x00,0x00,0x00,0x00,0x00,0x00,0x00,0x00,0x00,0x00,0x00,0x00,0x00,
    0x00,0x00,0x00,0x00,0x00,0x00,0x00,0x00,0x00,0x00,0x00,0x00,0x00,0x00,0x00,0x00,
    0x00,0x00,0x00,0x00,0x00,0x00,0x00,0x00,0x00,0x00,0x00,0x00,0x00,0x00,0x00,0x00,
    0x00,0x00,0x00,0x00,0x00,0x00,0x00,0x00,0x20,0x00,0x20,0x00,0x20,0x00,0x20,0x00,
    0x21,0x00,0x41,0x00,0x41,0x00,0x41,0x00,0x41,0x00,0x41,0x00,0x41,0x00,0x41,0x00,
    0x62,0x08,0x62,0x08,0x82,0x08,0x82,0x08,0x82,0x08,0xc3,0x08,0xc3,0x10,0xc3,0x08,
    0xe3,0x10,0x04,0x11,0x04,0x19,0x24,0x19,0x45,0x19,0x45,0x19,0x45,0x19,0x66,0x21,
    0x86,0x21,0x86,0x21,0x86,0x21,0x25,0x19,0xa3,0x08,0x66,0x21,0xcb,0x4a,0xcb,0x42,
    0xaa,0x3a,0xeb,0x42,0x2c,0x4b,0x0c,0x4b,0x2c,0x4b,0x4c,0x53,0x6d,0x53,0x6d,0x5b,
    0x8d,0x63,0x8d,0x63,0xad,0x6b,0xad,0x6b,0xad,0x6b,0xad,0x6b,0xad,0x6b,0xae,0x6b,
    0xad,0x6b,0x2f,0x7c,0x4c,0x5b,0x03,0x11,0xa2,0x10,0xc3,0x10,0x82,0x08,0x66,0x21,
    0xc3,0x08,0x25,0x11,0x6d,0x53,0xcf,0x5b,0x6d,0x43,0x4d,0x3b,0x6e,0x43,0x6f,0x43,
    0x8f,0x4b,0x8e,0x4b,0xce,0x4b,0xef,0x4b,0xaf,0x4b,0x6e,0x43,0x4e,0x3b,0xec,0x32,
    0xcc,0x32,0x8b,0x2a,0x29,0x22,0x4a,0x2a,0x28,0x2a,0x45,0x11,0xc3,0x08,0x41,0x00,
    0x41,0x00,0x20,0x00,0x00,0x00,0x00,0x00,0x00,0x00,0x00,0x00,0x00,0x00,0x41,0x00,
    0x41,0x00,0x20,0x00,0x41,0x00,0x82,0x08,0xa2,0x08,0x62,0x00,0x41,0x00,0x65,0x19,
    0x2c,0x4b,0xae,0x5b,0x8e,0x5b,0x8e,0x5b,0xae,0x5b,0x6d,0x53,0x28,0x32,0x41,0x00,
    0x21,0x00,0x21,0x00,0x21,0x00,0x21,0x00,0x21,0x00,0x00,0x00,0x21,0x00,0x21,0x00,
    0x21,0x00,0x21,0x00,0x21,0x00,0x21,0x00,0x21,0x00,0x21,0x00,0x21,0x00,0x21,0x00,
    0x21,0x00,0x20,0x00,0x20,0x00,0x20,0x00,0x20,0x00,0x20,0x00,0x00,0x00,0x00,0x00,
    0x00,0x00,0x00,0x00,0x00,0x00,0x00,0x00,0x00,0x00,0x00,0x00,0x00,0x00,0x00,0x00,
    0x00,0x00,0x00,0x00,0x00,0x00,0x00,0x00,0x00,0x00,0x00,0x00,0x00,0x00,0x00,0x00,
    0x00,0x00,0x00,0x00,0x00,0x00,0x00,0x00,0x00,0x00,0x00,0x00,0x00,0x00,0x00,0x00,
    0x00,0x00,0x00,0x00,0x00,0x00,0x00,0x00,0x00,0x00,0x00,0x00,0x00,0x00,0x00,0x00,
    0x00,0x00,0x00,0x00,0x00,0x00,0x00,0x00,0x00,0x00,0x00,0x00,0x00,0x00,0x00,0x00,
    0x00,0x00,0x00,0x00,0x00,0x00,0x00,0x00,0x00,0x00,0x00,0x00,0x00,0x00,0x00,0x00,
    0x20,0x00,0x20,0x00,0x20,0x00,0x20,0x00,0x20,0x00,0x21,0x00,0x21,0x00,0x21,0x00,
    0x41,0x00,0x41,0x00,0x41,0x00,0x41,0x00,0x61,0x08,0x61,0x08,0x82,0x08,0x82,0x08,
    0x82,0x08,0xa2,0x08,0xc3,0x10,0xc3,0x10,0xe3,0x10,0xe4,0x10,0x04,0x11,0x24,0x19,
    0x45,0x19,0x45,0x19,0x65,0x19,0x25,0x11,0x25,0x19,0x25,0x19,0xe4,0x10,0xa3,0x08,
    0xa7,0x21,0xaa,0x3a,0x8a,0x3a,0x8a,0x3a,0xcb,0x42,0xcb,0x42,0xeb,0x42,0x0c,0x4b,
    0x2c,0x4b,0x2c,0x53,0x4c,0x5b,0x6d,0x5b,0x8d,0x63,0x8d,0x63,0x8d,0x6b,0x8d,0x6b,
    0x8d,0x6b,0xae,0x6b,0xae,0x6b,0x8e,0x6b,0x0f,0x74,0x2c,0x5b,0xe3,0x10,0xa2,0x10,
    0xa3,0x10,0x82,0x08,0x25,0x19,0xa3,0x08,0x25,0x11,0xae,0x63,0xef,0x63,0xce,0x5b,
    0x2c,0x43,0x2c,0x43,0x6d,0x4b,0x6e,0x53,0xae,0x53,0xef,0x5b,0x0f,0x5c,0xae,0x4b,
    0xcf,0x4b,0xae,0x43,0x8e,0x43,0x2d,0x33,0xcb,0x2a,0xcc,0x2a,0xab,0x2a,0xab,0x2a,
    0x0c,0x3b,0x8a,0x32,0x29,0x2a,0x25,0x11,0x04,0x11,0x41,0x00,0x20,0x00,0x00,0x00,
    0x20,0x00,0x00,0x00,0x21,0x00,0x41,0x00,0x41,0x00,0x41,0x00,0x82,0x08,0x82,0x08,
    0x61,0x08,0x61,0x00,0x41,0x00,0x66,0x21,0x0c,0x4b,0xae,0x5b,0x8e,0x53,0x6d,0x53,
    0xae,0x5b,0xcb,0x42,0xa6,0x29,0x20,0x00,0x21,0x00,0x41,0x00,0x21,0x00,0x21,0x00,
    0x21,0x00,0x21,0x00,0x21,0x00,0x21,0x00,0x21,0x00,0x21,0x00,0x21,0x00,0x21,0x00,
    0x21,0x00,0x21,0x00,0x21,0x00,0x21,0x00,0x21,0x00,0x20,0x00,0x20,0x00,0x20,0x00,
    0x00,0x00,0x00,0x00,0x00,0x00,0x00,0x00,0x00,0x00,0x00,0x00,0x00,0x00,0x00,0x00,
    0x00,0x00,0x00,0x00,0x00,0x00,0x00,0x00,0x00,0x00,0x00,0x00,0x00,0x00,0x00,0x00,
    0x00,0x00,0x00,0x00,0x00,0x00,0x00,0x00,0x00,0x00,0x00,0x00,0x00,0x00,0x00,0x00,
    0x00,0x00,0x00,0x00,0x00,0x00,0x00,0x00,0x00,0x00,0x00,0x00,0x00,0x00,0x00,0x00,
    0x00,0x00,0x00,0x00,0x00,0x00,0x00,0x00,0x00,0x00,0x00,0x00,0x00,0x00,0x00,0x00,
    0x00,0x00,0x00,0x00,0x00,0x00,0x00,0x00,0x00,0x00,0x00,0x00,0x00,0x00,0x00,0x00,
    0x00,0x00,0x00,0x00,0x00,0x00,0x00,0x00,0x20,0x00,0x20,0x00,0x20,0x00,0x20,0x00,
    0x20,0x00,0x21,0x00,0x21,0x00,0x21,0x00,0x41,0x00,0x41,0x00,0x41,0x00,0x41,0x00,
    0x41,0x00,0x61,0x00,0x61,0x08,0x61,0x08,0x62,0x08,0x82,0x08,0x82,0x08,0xa2,0x08,
    0xa3,0x08,0xe3,0x10,0xe4,0x10,0x04,0x11,0x45,0x19,0x65,0x19,0x66,0x21,0x65,0x19,
    0x04,0x11,0xc3,0x08,0x82,0x00,0xa7,0x29,0x69,0x3a,0x69,0x32,0x8a,0x3a,0x8a,0x3a,
    0xcb,0x42,0xcb,0x42,0xcb,0x42,0xeb,0x4a,0x0c,0x4b,0x2c,0x53,0x4c,0x5b,0x6d,0x63,
    0x6c,0x63,0x6d,0x63,0x6d,0x63,0x8d,0x63,0xad,0x6b,0x8d,0x63,0x8e,0x6b,0x0f,0x74,
    0x0c,0x5b,0xe3,0x10,0x82,0x08,0x82,0x10,0x62,0x08,0xe4,0x10,0xa2,0x08,0x04,0x11,
    0x6e,0x5b,0x30,0x6c,0xef,0x63,0xae,0x63,0xce,0x5b,0xce,0x63,0xce,0x63,0xef,0x6b,
    0xef,0x6b,0xef,0x63,0xef,0x63,0xce,0x5b,0xce,0x4b,0xae,0x4b,0xae,0x43,0x8e,0x43,
    0x4d,0x3b,0x6e,0x3b,0x6e,0x43,0x2d,0x3b,0x0d,0x3b,0xcc,0x32,0x49,0x2a,0x45,0x11,
    0x04,0x11,0x82,0x08,0x41,0x00,0x21,0x00,0x21,0x00,0x41,0x00,0x82,0x00,0xa2,0x08,
    0xa2,0x08,0xa3,0x08,0xc3,0x10,0xc3,0x10,0x61,0x00,0x41,0x00,0x41,0x00,0x86,0x21,
    0x4d,0x53,0xef,0x63,0x8d,0x53,0xae,0x5b,0xae,0x5b,0xaa,0x42,0x25,0x19,0x20,0x00,
    0x21,0x00,0x21,0x00,0x21,0x00,0x21,0x00,0x21,0x00,0x21,0x00,0x21,0x00,0x21,0x00,
    0x21,0x00,0x21,0x00,0x20,0x00,0x21,0x00,0x21,0x00,0x21,0x00,0x21,0x00,0x21,0x00,
    0x21,0x00,0x20,0x00,0x21,0x00,0x20,0x00,0x00,0x00,0x00,0x00,0x00,0x00,0x00,0x00,
    0x00,0x00,0x00,0x00,0x00,0x00,0x00,0x00,0x00,0x00,0x00,0x00,0x00,0x00,0x00,0x00,
    0x00,0x00,0x00,0x00,0x00,0x00,0x00,0x00,0x00,0x00,0x00,0x00,0x00,0x00,0x00,0x00,
    0x00,0x00,0x00,0x00,0x00,0x00,0x00,0x00,0x00,0x00,0x00,0x00,0x00,0x00,0x00,0x00,
    0x00,0x00,0x00,0x00,0x00,0x00,0x00,0x00,0x00,0x00,0x00,0x00,0x00,0x00,0x00,0x00,
    0x00,0x00,0x00,0x00,0x00,0x00,0x00,0x00,0x00,0x00,0x00,0x00,0x00,0x00,0x00,0x00,
    0x00,0x00,0x00,0x00,0x00,0x00,0x00,0x00,0x00,0x00,0x00,0x00,0x00,0x00,0x00,0x00,
    0x00,0x00,0x20,0x00,0x20,0x00,0x20,0x00,0x20,0x00,0x20,0x00,0x20,0x00,0x21,0x00,
    0x21,0x00,0x41,0x00,0x41,0x00,0x41,0x00,0x61,0x08,0x61,0x00,0x61,0x08,0x61,0x08,
    0x62,0x08,0x82,0x08,0x82,0x08,0xa3,0x08,0xc3,0x08,0xe3,0x10,0x04,0x11,0xe4,0x10,
    0x24,0x11,0x65,0x19,0x65,0x19,0xa7,0x21,0xa7,0x29,0x86,0x21,0x08,0x32,0x49,0x3a,
    0x28,0x32,0x49,0x32,0x8a,0x3a,0xaa,0x3a,0xaa,0x3a,0xaa,0x3a,0xcb,0x42,0xeb,0x4a,
    0x0c,0x4b,0x2c,0x53,0x4c,0x5b,0x4c,0x5b,0x4c,0x63,0x4c,0x63,0x6c,0x63,0x6d,0x63,
    0x8d,0x63,0x8d,0x63,0xce,0x6b,0xcb,0x52,0xe3,0x10,0x82,0x08,0xa2,0x10,0x82,0x08,
    0xa3,0x10,0x82,0x08,0xa3,0x08,0x2c,0x4b,0xcf,0x5b,0xef,0x63,0xce,0x63,0xce,0x6b,
    0xce,0x6b,0xce,0x6b,0xae,0x6b,0xce,0x6b,0xef,0x73,0xee,0x6b,0xce,0x6b,0xce,0x63,
    0xae,0x53,0x6d,0x43,0xae,0x43,0xef,0x4b,0xef,0x4b,0xaf,0x4b,0x6e,0x43,0x2d,0x3b,
    0x4a,0x22,0x4a,0x2a,0xc7,0x19,0x25,0x11,0xe4,0x10,0xc3,0x08,0x62,0x00,0x21,0x00,
    0x41,0x00,0x82,0x00,0xc3,0x08,0xc3,0x10,0xc3,0x08,0x82,0x00,0x62,0x00,0x62,0x00,
    0x41,0x00,0x41,0x00,0x41,0x00,0xe8,0x31,0x8e,0x5b,0x10,0x64,0x4d,0x4b,0x8e,0x5b,
    0x6d,0x53,0x28,0x32,0xa2,0x08,0x00,0x00,0x21,0x00,0x21,0x00,0x21,0x00,0x21,0x00,
    0x21,0x00,0x21,0x00,0x20,0x00,0x21,0x00,0x21,0x00,0x21,0x00,0x20,0x00,0x20,0x00,
    0x20,0x00,0x20,0x00,0x20,0x00,0x20,0x00,0x21,0x00,0x21,0x00,0x21,0x00,0x20,0x00,
    0x00,0x00,0x00,0x00,0x00,0x00,0x00,0x00,0x00,0x00,0x00,0x00,0x00,0x00,0x00,0x00,
    0x00,0x00,0x00,0x00,0x00,0x00,0x00,0x00,0x00,0x00,0x00,0x00,0x00,0x00,0x00,0x00,
    0x00,0x00,0x00,0x00,0x00,0x00,0x00,0x00,0x00,0x00,0x00,0x00,0x00,0x00,0x00,0x00,
    0x00,0x00,0x00,0x00,0x00,0x00,0x00,0x00,0x00,0x00,0x00,0x00,0x00,0x00,0x00,0x00,
    0x00,0x00,0x00,0x00,0x00,0x00,0x00,0x00,0x00,0x00,0x00,0x00,0x00,0x00,0x00,0x00,
    0x00,0x00,0x00,0x00,0x00,0x00,0x00,0x00,0x00,0x00,0x00,0x00,0x00,0x00,0x00,0x00,
    0x00,0x00,0x00,0x00,0x00,0x00,0x00,0x00,0x00,0x00,0x20,0x00,0x20,0x00,0x20,0x00,
    0x20,0x00,0x20,0x00,0x20,0x00,0x20,0x00,0x21,0x00,0x21,0x00,0x41,0x00,0x41,0x00,
    0x41,0x00,0x61,0x00,0x61,0x00,0x61,0x00,0x82,0x08,0x82,0x08,0x82,0x08,0xa2,0x08,
    0xa3,0x08,0xe3,0x10,0xe4,0x10,0xe4,0x10,0x04,0x11,0x45,0x19,0x66,0x19,0x86,0x19,
    0xc7,0x29,0xe8,0x29,0x08,0x2a,0x08,0x2a,0x28,0x2a,0x69,0x32,0x69,0x32,0x8a,0x3a,
    0x8a,0x3a,0xaa,0x3a,0xcb,0x42,0xeb,0x42,0x0c,0x4b,0x2c,0x53,0x4c,0x5b,0x4c,0x5b,
    0x4c,0x63,0x4c,0x63,0x6d,0x63,0x6c,0x63,0x6c,0x63,0xad,0x6b,0x89,0x4a,0xa2,0x08,
    0x62,0x08,0x82,0x08,0x61,0x08,0xa2,0x10,0x82,0x08,0x82,0x08,0x8a,0x3a,0x4d,0x4b,
    0xae,0x53,0xae,0x5b,0xce,0x63,0xce,0x6b,0xcd,0x6b,0xcd,0x6b,0xce,0x73,0xae,0x73,
    0xae,0x73,0xce,0x73,0xee,0x73,0xce,0x6b,0xce,0x5b,0xef,0x53,0xce,0x4b,0xef,0x53,
    0xcf,0x4b,0x8e,0x43,0x6d,0x43,0x8a,0x2a,0x09,0x22,0x09,0x22,0xa7,0x19,0x45,0x11,
    0x05,0x11,0xe4,0x10,0x82,0x08,0x61,0x00,0x61,0x00,0x61,0x00,0xc3,0x08,0xa3,0x08,
    0xa3,0x08,0x82,0x00,0xa3,0x08,0x62,0x00,0x41,0x00,0x21,0x00,0x41,0x00,0x86,0x21,
    0xeb,0x42,0xce,0x5b,0xae,0x5b,0xae,0x5b,0x2c,0x53,0x45,0x19,0x21,0x00,0x20,0x00,
    0x21,0x00,0x21,0x00,0x20,0x00,0x21,0x00,0x21,0x00,0x21,0x00,0x00,0x00,0x21,0x00,
    0x20,0x00,0x21,0x00,0x20,0x00,0x20,0x00,0x20,0x00,0x20,0x00,0x20,0x00,0x20,0x00,
    0x20,0x00,0x00,0x00,0x00,0x00,0x00,0x00,0x00,0x00,0x00,0x00,0x00,0x00,0x00,0x00,
    0x00,0x00,0x00,0x00,0x00,0x00,0x00,0x00,0x00,0x00,0x00,0x00,0x00,0x00,0x00,0x00,
    0x00,0x00,0x00,0x00,0x00,0x00,0x00,0x00,0x00,0x00,0x00,0x00,0x00,0x00,0x00,0x00,
    0x00,0x00,0x00,0x00,0x00,0x00,0x00,0x00,0x00,0x00,0x00,0x00,0x00,0x00,0x00,0x00,
    0x00,0x00,0x00,0x00,0x00,0x00,0x00,0x00,0x00,0x00,0x00,0x00,0x00,0x00,0x00,0x00,
    0x00,0x00,0x00,0x00,0x00,0x00,0x00,0x00,0x00,0x00,0x00,0x00,0x00,0x00,0x00,0x00,
    0x00,0x00,0x00,0x00,0x00,0x00,0x00,0x00,0x00,0x00,0x00,0x00,0x00,0x00,0x00,0x00,
};

const lv_image_dsc_t vinyl_background = {
    .header = {
        .magic = LV_IMAGE_HEADER_MAGIC,
        .cf = LV_COLOR_FORMAT_RGB565,
        .w = 180,
        .h = 180,
    },
    .data_size = sizeof(vinyl_background_map),
    .data = vinyl_background_map,
};
